Date,City,Product,Price
2017-06-16,Chennai,Diesel,57.41
2017-06-16,Chennai,Petrol,68.02
2017-06-16,Delhi,Diesel,54.49
2017-06-16,Delhi,Petrol,65.48
2017-06-16,Kolkata,Diesel,56.65
2017-06-16,Kolkata,Petrol,68.03
2017-06-16,Mumbai,Diesel,59.9
2017-06-16,Mumbai,Petrol,76.7
2017-06-17,Chennai,Diesel,57.23
2017-06-17,Chennai,Petrol,67.76
2017-06-17,Delhi,Diesel,54.32
2017-06-17,Delhi,Petrol,65.23
2017-06-17,Kolkata,Diesel,56.48
2017-06-17,Kolkata,Petrol,67.84
2017-06-17,Mumbai,Diesel,59.73
2017-06-17,Mumbai,Petrol,76.46
2017-06-18,Chennai,Diesel,57.03
2017-06-18,Chennai,Petrol,67.42
2017-06-18,Delhi,Diesel,54.14
2017-06-18,Delhi,Petrol,64.91
2017-06-18,Kolkata,Diesel,56.29
2017-06-18,Kolkata,Petrol,67.58
2017-06-18,Mumbai,Diesel,59.53
2017-06-18,Mumbai,Petrol,76.14
2017-06-19,Chennai,Diesel,56.89
2017-06-19,Chennai,Petrol,67.14
2017-06-19,Delhi,Diesel,54.01
2017-06-19,Delhi,Petrol,64.65
2017-06-19,Kolkata,Diesel,56.16
2017-06-19,Kolkata,Petrol,67.37
2017-06-19,Mumbai,Diesel,59.39
2017-06-19,Mumbai,Petrol,75.88
2017-06-20,Chennai,Diesel,56.85
2017-06-20,Chennai,Petrol,67.04
2017-06-20,Delhi,Diesel,53.96
2017-06-20,Delhi,Petrol,64.55
2017-06-20,Kolkata,Diesel,56.12
2017-06-20,Kolkata,Petrol,67.3
2017-06-20,Mumbai,Diesel,59.34
2017-06-20,Mumbai,Petrol,75.78
2017-06-21,Chennai,Diesel,56.84
2017-06-21,Chennai,Petrol,67.04
2017-06-21,Delhi,Diesel,53.96
2017-06-21,Delhi,Petrol,64.55
2017-06-21,Kolkata,Diesel,56.12
2017-06-21,Kolkata,Petrol,67.3
2017-06-21,Mumbai,Diesel,59.34
2017-06-21,Mumbai,Petrol,75.79
2017-06-22,Chennai,Diesel,56.82
2017-06-22,Chennai,Petrol,66.93
2017-06-22,Delhi,Diesel,53.94
2017-06-22,Delhi,Petrol,64.44
2017-06-22,Kolkata,Diesel,56.09
2017-06-22,Kolkata,Petrol,67.21
2017-06-22,Mumbai,Diesel,59.32
2017-06-22,Mumbai,Petrol,75.68
2017-06-23,Chennai,Diesel,56.73
2017-06-23,Chennai,Petrol,66.7
2017-06-23,Delhi,Diesel,53.85
2017-06-23,Delhi,Petrol,64.23
2017-06-23,Kolkata,Diesel,56.01
2017-06-23,Kolkata,Petrol,67.04
2017-06-23,Mumbai,Diesel,59.23
2017-06-23,Mumbai,Petrol,75.46
2017-06-24,Chennai,Diesel,56.63
2017-06-24,Chennai,Petrol,66.45
2017-06-24,Delhi,Diesel,53.76
2017-06-24,Delhi,Petrol,63.99
2017-06-24,Kolkata,Diesel,55.92
2017-06-24,Kolkata,Petrol,66.86
2017-06-24,Mumbai,Diesel,59.13
2017-06-24,Mumbai,Petrol,75.23
2017-06-25,Chennai,Diesel,56.47
2017-06-25,Chennai,Petrol,66.15
2017-06-25,Delhi,Diesel,53.61
2017-06-25,Delhi,Petrol,63.71
2017-06-25,Kolkata,Diesel,55.77
2017-06-25,Kolkata,Petrol,66.64
2017-06-25,Mumbai,Diesel,58.97
2017-06-25,Mumbai,Petrol,74.95
2017-06-26,Chennai,Diesel,56.38
2017-06-26,Chennai,Petrol,65.98
2017-06-26,Delhi,Diesel,53.53
2017-06-26,Delhi,Petrol,63.55
2017-06-26,Kolkata,Diesel,55.69
2017-06-26,Kolkata,Petrol,66.51
2017-06-26,Mumbai,Diesel,58.88
2017-06-26,Mumbai,Petrol,74.79
2017-06-27,Chennai,Diesel,56.38
2017-06-27,Chennai,Petrol,65.89
2017-06-27,Delhi,Diesel,53.53
2017-06-27,Delhi,Petrol,63.46
2017-06-27,Kolkata,Diesel,55.69
2017-06-27,Kolkata,Petrol,66.44
2017-06-27,Mumbai,Diesel,58.89
2017-06-27,Mumbai,Petrol,74.71
2017-06-28,Chennai,Diesel,56.38
2017-06-28,Chennai,Petrol,65.9
2017-06-28,Delhi,Diesel,53.53
2017-06-28,Delhi,Petrol,63.46
2017-06-28,Kolkata,Diesel,55.68
2017-06-28,Kolkata,Petrol,66.45
2017-06-28,Mumbai,Diesel,58.88
2017-06-28,Mumbai,Petrol,74.71
2017-06-29,Chennai,Diesel,56.38
2017-06-29,Chennai,Petrol,65.9
2017-06-29,Delhi,Diesel,53.53
2017-06-29,Delhi,Petrol,63.47
2017-06-29,Kolkata,Diesel,55.68
2017-06-29,Kolkata,Petrol,66.45
2017-06-29,Mumbai,Diesel,58.88
2017-06-29,Mumbai,Petrol,74.71
2017-06-30,Chennai,Diesel,56.3
2017-06-30,Chennai,Petrol,65.74
2017-06-30,Delhi,Diesel,53.46
2017-06-30,Delhi,Petrol,63.31
2017-06-30,Kolkata,Diesel,55.61
2017-06-30,Kolkata,Petrol,66.32
2017-06-30,Mumbai,Diesel,58.8
2017-06-30,Mumbai,Petrol,74.56
2017-07-01,Chennai,Diesel,56.13
2017-07-01,Chennai,Petrol,65.46
2017-07-01,Delhi,Diesel,53.33
2017-07-01,Delhi,Petrol,63.09
2017-07-01,Kolkata,Diesel,55.62
2017-07-01,Kolkata,Petrol,66.14
2017-07-01,Mumbai,Diesel,58.63
2017-07-01,Mumbai,Petrol,74.3
2017-07-02,Chennai,Diesel,56.17
2017-07-02,Chennai,Petrol,65.44
2017-07-02,Delhi,Diesel,53.36
2017-07-02,Delhi,Petrol,63.06
2017-07-02,Kolkata,Diesel,55.66
2017-07-02,Kolkata,Petrol,66.12
2017-07-02,Mumbai,Diesel,58.67
2017-07-02,Mumbai,Petrol,74.28
2017-07-03,Chennai,Diesel,56.29
2017-07-03,Chennai,Petrol,65.51
2017-07-03,Delhi,Diesel,53.47
2017-07-03,Delhi,Petrol,63.13
2017-07-03,Kolkata,Diesel,55.77
2017-07-03,Kolkata,Petrol,66.18
2017-07-03,Mumbai,Diesel,58.79
2017-07-03,Mumbai,Petrol,74.35
2017-07-04,Chennai,Diesel,56.25
2017-07-04,Chennai,Petrol,65.46
2017-07-04,Delhi,Diesel,53.44
2017-07-04,Delhi,Petrol,63.08
2017-07-04,Kolkata,Diesel,55.74
2017-07-04,Kolkata,Petrol,66.14
2017-07-04,Mumbai,Diesel,58.76
2017-07-04,Mumbai,Petrol,74.3
2017-07-05,Chennai,Diesel,56.25
2017-07-05,Chennai,Petrol,65.46
2017-07-05,Delhi,Diesel,53.44
2017-07-05,Delhi,Petrol,63.08
2017-07-05,Kolkata,Diesel,55.74
2017-07-05,Kolkata,Petrol,66.14
2017-07-05,Mumbai,Diesel,58.76
2017-07-05,Mumbai,Petrol,74.3
2017-07-06,Chennai,Diesel,56.43
2017-07-06,Chennai,Petrol,65.58
2017-07-06,Delhi,Diesel,53.61
2017-07-06,Delhi,Petrol,63.19
2017-07-06,Kolkata,Diesel,55.9
2017-07-06,Kolkata,Petrol,66.23
2017-07-06,Mumbai,Diesel,58.93
2017-07-06,Mumbai,Petrol,74.41
2017-07-07,Chennai,Diesel,56.65
2017-07-07,Chennai,Petrol,65.72
2017-07-07,Delhi,Diesel,53.82
2017-07-07,Delhi,Petrol,63.33
2017-07-07,Kolkata,Diesel,56.11
2017-07-07,Kolkata,Petrol,66.33
2017-07-07,Mumbai,Diesel,59.15
2017-07-07,Mumbai,Petrol,74.54
2017-07-08,Chennai,Diesel,56.91
2017-07-08,Chennai,Petrol,65.86
2017-07-08,Delhi,Diesel,54.06
2017-07-08,Delhi,Petrol,63.46
2017-07-08,Kolkata,Diesel,56.35
2017-07-08,Kolkata,Petrol,66.44
2017-07-08,Mumbai,Diesel,59.41
2017-07-08,Mumbai,Petrol,74.67
2017-07-09,Chennai,Diesel,57.19
2017-07-09,Chennai,Petrol,66.05
2017-07-09,Delhi,Diesel,54.32
2017-07-09,Delhi,Petrol,63.65
2017-07-09,Kolkata,Diesel,56.61
2017-07-09,Kolkata,Petrol,66.58
2017-07-09,Mumbai,Diesel,59.69
2017-07-09,Mumbai,Petrol,74.86
2017-07-10,Chennai,Diesel,57.44
2017-07-10,Chennai,Petrol,66.25
2017-07-10,Delhi,Diesel,54.55
2017-07-10,Delhi,Petrol,63.83
2017-07-10,Kolkata,Diesel,56.85
2017-07-10,Kolkata,Petrol,66.73
2017-07-10,Mumbai,Diesel,59.93
2017-07-10,Mumbai,Petrol,75.04
2017-07-11,Chennai,Diesel,57.72
2017-07-11,Chennai,Petrol,66.38
2017-07-11,Delhi,Diesel,54.74
2017-07-11,Delhi,Petrol,63.93
2017-07-11,Kolkata,Diesel,57.49
2017-07-11,Kolkata,Petrol,67.4
2017-07-11,Mumbai,Diesel,58.27
2017-07-11,Mumbai,Petrol,73.27
2017-07-12,Chennai,Diesel,57.72
2017-07-12,Chennai,Petrol,66.38
2017-07-12,Delhi,Diesel,54.74
2017-07-12,Delhi,Petrol,63.93
2017-07-12,Kolkata,Diesel,57.49
2017-07-12,Kolkata,Petrol,67.4
2017-07-12,Mumbai,Diesel,58.27
2017-07-12,Mumbai,Petrol,73.27
2017-07-13,Chennai,Diesel,57.67
2017-07-13,Chennai,Petrol,66.36
2017-07-13,Delhi,Diesel,54.7
2017-07-13,Delhi,Petrol,63.91
2017-07-13,Kolkata,Diesel,57.44
2017-07-13,Kolkata,Petrol,67.38
2017-07-13,Mumbai,Diesel,58.22
2017-07-13,Mumbai,Petrol,73.25
2017-07-14,Chennai,Diesel,57.63
2017-07-14,Chennai,Petrol,66.34
2017-07-14,Delhi,Diesel,54.66
2017-07-14,Delhi,Petrol,63.89
2017-07-14,Kolkata,Diesel,57.41
2017-07-14,Kolkata,Petrol,67.37
2017-07-14,Mumbai,Diesel,58.19
2017-07-14,Mumbai,Petrol,73.23
2017-07-15,Chennai,Diesel,57.83
2017-07-15,Chennai,Petrol,66.49
2017-07-15,Delhi,Diesel,54.85
2017-07-15,Delhi,Petrol,64.03
2017-07-15,Kolkata,Diesel,57.59
2017-07-15,Kolkata,Petrol,67.48
2017-07-15,Mumbai,Diesel,58.39
2017-07-15,Mumbai,Petrol,73.37
2017-07-16,Chennai,Diesel,57.92
2017-07-16,Chennai,Petrol,66.57
2017-07-16,Delhi,Diesel,54.93
2017-07-16,Delhi,Petrol,64.11
2017-07-16,Kolkata,Diesel,57.67
2017-07-16,Kolkata,Petrol,67.55
2017-07-16,Mumbai,Diesel,58.47
2017-07-16,Mumbai,Petrol,73.45
2017-07-17,Chennai,Diesel,57.98
2017-07-17,Chennai,Petrol,66.61
2017-07-17,Delhi,Diesel,54.99
2017-07-17,Delhi,Petrol,64.15
2017-07-17,Kolkata,Diesel,57.74
2017-07-17,Kolkata,Petrol,67.58
2017-07-17,Mumbai,Diesel,58.54
2017-07-17,Mumbai,Petrol,73.49
2017-07-18,Chennai,Diesel,58.04
2017-07-18,Chennai,Petrol,66.67
2017-07-18,Delhi,Diesel,55.04
2017-07-18,Delhi,Petrol,64.21
2017-07-18,Kolkata,Diesel,57.79
2017-07-18,Kolkata,Petrol,67.62
2017-07-18,Mumbai,Diesel,58.59
2017-07-18,Mumbai,Petrol,73.54
2017-07-19,Chennai,Diesel,58.04
2017-07-19,Chennai,Petrol,66.67
2017-07-19,Delhi,Diesel,55.04
2017-07-19,Delhi,Petrol,64.21
2017-07-19,Kolkata,Diesel,57.78
2017-07-19,Kolkata,Petrol,67.62
2017-07-19,Mumbai,Diesel,58.59
2017-07-19,Mumbai,Petrol,73.54
2017-07-20,Chennai,Diesel,58.05
2017-07-20,Chennai,Petrol,66.72
2017-07-20,Delhi,Diesel,55.05
2017-07-20,Delhi,Petrol,64.25
2017-07-20,Kolkata,Diesel,57.8
2017-07-20,Kolkata,Petrol,67.66
2017-07-20,Mumbai,Diesel,58.6
2017-07-20,Mumbai,Petrol,73.59
2017-07-21,Chennai,Diesel,58.02
2017-07-21,Chennai,Petrol,66.75
2017-07-21,Delhi,Diesel,55.02
2017-07-21,Delhi,Petrol,64.28
2017-07-21,Kolkata,Diesel,57.77
2017-07-21,Kolkata,Petrol,67.68
2017-07-21,Mumbai,Diesel,58.57
2017-07-21,Mumbai,Petrol,73.61
2017-07-22,Chennai,Diesel,57.94
2017-07-22,Chennai,Petrol,66.77
2017-07-22,Delhi,Diesel,54.95
2017-07-22,Delhi,Petrol,64.3
2017-07-22,Kolkata,Diesel,57.69
2017-07-22,Kolkata,Petrol,67.69
2017-07-22,Mumbai,Diesel,58.49
2017-07-22,Mumbai,Petrol,73.63
2017-07-23,Chennai,Diesel,57.92
2017-07-23,Chennai,Petrol,66.88
2017-07-23,Delhi,Diesel,54.93
2017-07-23,Delhi,Petrol,64.4
2017-07-23,Kolkata,Diesel,57.68
2017-07-23,Kolkata,Petrol,67.77
2017-07-23,Mumbai,Diesel,58.48
2017-07-23,Mumbai,Petrol,73.74
2017-07-24,Chennai,Diesel,57.93
2017-07-24,Chennai,Petrol,67.01
2017-07-24,Delhi,Diesel,54.94
2017-07-24,Delhi,Petrol,64.53
2017-07-24,Kolkata,Diesel,57.68
2017-07-24,Kolkata,Petrol,67.88
2017-07-24,Mumbai,Diesel,58.48
2017-07-24,Mumbai,Petrol,73.87
2017-07-25,Chennai,Diesel,57.94
2017-07-25,Chennai,Petrol,67.05
2017-07-25,Delhi,Diesel,54.95
2017-07-25,Delhi,Petrol,64.57
2017-07-25,Kolkata,Diesel,57.7
2017-07-25,Kolkata,Petrol,67.91
2017-07-25,Mumbai,Diesel,58.5
2017-07-25,Mumbai,Petrol,73.9
2017-07-26,Chennai,Diesel,57.94
2017-07-26,Chennai,Petrol,67.06
2017-07-26,Delhi,Diesel,54.95
2017-07-26,Delhi,Petrol,64.57
2017-07-26,Kolkata,Diesel,57.69
2017-07-26,Kolkata,Petrol,67.91
2017-07-26,Mumbai,Diesel,58.49
2017-07-26,Mumbai,Petrol,73.91
2017-07-27,Chennai,Diesel,57.93
2017-07-27,Chennai,Petrol,67.07
2017-07-27,Delhi,Diesel,54.94
2017-07-27,Delhi,Petrol,64.59
2017-07-27,Kolkata,Diesel,57.69
2017-07-27,Kolkata,Petrol,67.92
2017-07-27,Mumbai,Diesel,58.49
2017-07-27,Mumbai,Petrol,73.92
2017-07-28,Chennai,Diesel,58.02
2017-07-28,Chennai,Petrol,67.18
2017-07-28,Delhi,Diesel,55.03
2017-07-28,Delhi,Petrol,64.69
2017-07-28,Kolkata,Diesel,57.77
2017-07-28,Kolkata,Petrol,68.0
2017-07-28,Mumbai,Diesel,58.58
2017-07-28,Mumbai,Petrol,74.02
2017-07-29,Chennai,Diesel,58.2
2017-07-29,Chennai,Petrol,67.37
2017-07-29,Delhi,Diesel,55.19
2017-07-29,Delhi,Petrol,64.87
2017-07-29,Kolkata,Diesel,57.94
2017-07-29,Kolkata,Petrol,68.14
2017-07-29,Mumbai,Diesel,58.75
2017-07-29,Mumbai,Petrol,74.2
2017-07-30,Chennai,Diesel,58.32
2017-07-30,Chennai,Petrol,67.51
2017-07-30,Delhi,Diesel,55.31
2017-07-30,Delhi,Petrol,65.0
2017-07-30,Kolkata,Diesel,58.05
2017-07-30,Kolkata,Petrol,68.24
2017-07-30,Mumbai,Diesel,58.87
2017-07-30,Mumbai,Petrol,74.33
2017-07-31,Chennai,Diesel,58.53
2017-07-31,Chennai,Petrol,67.78
2017-07-31,Delhi,Diesel,55.5
2017-07-31,Delhi,Petrol,65.26
2017-07-31,Kolkata,Diesel,58.25
2017-07-31,Kolkata,Petrol,68.45
2017-07-31,Mumbai,Diesel,59.08
2017-07-31,Mumbai,Petrol,74.58
2017-08-01,Chennai,Diesel,58.49
2017-08-01,Chennai,Petrol,67.71
2017-08-01,Delhi,Diesel,55.58
2017-08-01,Delhi,Petrol,65.4
2017-08-01,Kolkata,Diesel,58.23
2017-08-01,Kolkata,Petrol,68.56
2017-08-01,Mumbai,Diesel,59.04
2017-08-01,Mumbai,Petrol,74.56
2017-08-02,Chennai,Diesel,58.55
2017-08-02,Chennai,Petrol,67.78
2017-08-02,Delhi,Diesel,55.64
2017-08-02,Delhi,Petrol,65.47
2017-08-02,Kolkata,Diesel,58.29
2017-08-02,Kolkata,Petrol,68.61
2017-08-02,Mumbai,Diesel,59.1
2017-08-02,Mumbai,Petrol,74.63
2017-08-03,Chennai,Diesel,58.77
2017-08-03,Chennai,Petrol,68.02
2017-08-03,Delhi,Diesel,55.85
2017-08-03,Delhi,Petrol,65.69
2017-08-03,Kolkata,Diesel,58.5
2017-08-03,Kolkata,Petrol,68.78
2017-08-03,Mumbai,Diesel,59.32
2017-08-03,Mumbai,Petrol,74.85
2017-08-04,Chennai,Diesel,59.04
2017-08-04,Chennai,Petrol,68.34
2017-08-04,Delhi,Diesel,56.1
2017-08-04,Delhi,Petrol,66.0
2017-08-04,Kolkata,Diesel,58.75
2017-08-04,Kolkata,Petrol,69.03
2017-08-04,Mumbai,Diesel,59.59
2017-08-04,Mumbai,Petrol,75.15
2017-08-05,Chennai,Diesel,59.28
2017-08-05,Chennai,Petrol,68.64
2017-08-05,Delhi,Diesel,56.33
2017-08-05,Delhi,Petrol,66.28
2017-08-05,Kolkata,Diesel,58.98
2017-08-05,Kolkata,Petrol,69.24
2017-08-05,Mumbai,Diesel,59.83
2017-08-05,Mumbai,Petrol,75.43
2017-08-06,Chennai,Diesel,59.51
2017-08-06,Chennai,Petrol,68.88
2017-08-06,Delhi,Diesel,56.54
2017-08-06,Delhi,Petrol,66.51
2017-08-06,Kolkata,Diesel,59.19
2017-08-06,Kolkata,Petrol,69.43
2017-08-06,Mumbai,Diesel,60.06
2017-08-06,Mumbai,Petrol,75.66
2017-08-07,Chennai,Diesel,59.59
2017-08-07,Chennai,Petrol,69.03
2017-08-07,Delhi,Diesel,56.61
2017-08-07,Delhi,Petrol,66.66
2017-08-07,Kolkata,Diesel,59.26
2017-08-07,Kolkata,Petrol,69.54
2017-08-07,Mumbai,Diesel,60.13
2017-08-07,Mumbai,Petrol,75.8
2017-08-08,Chennai,Diesel,59.71
2017-08-08,Chennai,Petrol,69.13
2017-08-08,Delhi,Diesel,56.72
2017-08-08,Delhi,Petrol,66.75
2017-08-08,Kolkata,Diesel,59.38
2017-08-08,Kolkata,Petrol,69.61
2017-08-08,Mumbai,Diesel,60.25
2017-08-08,Mumbai,Petrol,75.89
2017-08-09,Chennai,Diesel,59.77
2017-08-09,Chennai,Petrol,69.2
2017-08-09,Delhi,Diesel,56.78
2017-08-09,Delhi,Petrol,66.81
2017-08-09,Kolkata,Diesel,59.44
2017-08-09,Kolkata,Petrol,69.66
2017-08-09,Mumbai,Diesel,60.32
2017-08-09,Mumbai,Petrol,75.96
2017-08-10,Chennai,Diesel,59.8
2017-08-10,Chennai,Petrol,69.35
2017-08-10,Delhi,Diesel,56.81
2017-08-10,Delhi,Petrol,66.96
2017-08-10,Kolkata,Diesel,59.46
2017-08-10,Kolkata,Petrol,69.78
2017-08-10,Mumbai,Diesel,60.35
2017-08-10,Mumbai,Petrol,76.1
2017-08-11,Chennai,Diesel,59.98
2017-08-11,Chennai,Petrol,69.68
2017-08-11,Delhi,Diesel,56.98
2017-08-11,Delhi,Petrol,67.27
2017-08-11,Kolkata,Diesel,59.63
2017-08-11,Kolkata,Petrol,70.07
2017-08-11,Mumbai,Diesel,60.52
2017-08-11,Mumbai,Petrol,76.41
2017-08-12,Chennai,Diesel,60.16
2017-08-12,Chennai,Petrol,69.92
2017-08-12,Delhi,Diesel,57.15
2017-08-12,Delhi,Petrol,67.5
2017-08-12,Kolkata,Diesel,59.8
2017-08-12,Kolkata,Petrol,70.29
2017-08-12,Mumbai,Diesel,60.7
2017-08-12,Mumbai,Petrol,76.64
2017-08-13,Chennai,Diesel,60.26
2017-08-13,Chennai,Petrol,70.19
2017-08-13,Delhi,Diesel,57.24
2017-08-13,Delhi,Petrol,67.76
2017-08-13,Kolkata,Diesel,59.9
2017-08-13,Kolkata,Petrol,70.55
2017-08-13,Mumbai,Diesel,60.8
2017-08-13,Mumbai,Petrol,76.89
2017-08-14,Chennai,Diesel,60.27
2017-08-14,Chennai,Petrol,70.4
2017-08-14,Delhi,Diesel,57.25
2017-08-14,Delhi,Petrol,67.95
2017-08-14,Kolkata,Diesel,59.9
2017-08-14,Kolkata,Petrol,70.74
2017-08-14,Mumbai,Diesel,60.81
2017-08-14,Mumbai,Petrol,77.09
2017-08-15,Chennai,Diesel,60.32
2017-08-15,Chennai,Petrol,70.53
2017-08-15,Delhi,Diesel,57.3
2017-08-15,Delhi,Petrol,68.08
2017-08-15,Kolkata,Diesel,59.95
2017-08-15,Kolkata,Petrol,70.86
2017-08-15,Mumbai,Diesel,60.86
2017-08-15,Mumbai,Petrol,77.21
2017-08-16,Chennai,Diesel,60.38
2017-08-16,Chennai,Petrol,70.59
2017-08-16,Delhi,Diesel,57.36
2017-08-16,Delhi,Petrol,68.14
2017-08-16,Kolkata,Diesel,60.01
2017-08-16,Kolkata,Petrol,70.92
2017-08-16,Mumbai,Diesel,60.92
2017-08-16,Mumbai,Petrol,77.27
2017-08-17,Chennai,Diesel,60.42
2017-08-17,Chennai,Petrol,70.7
2017-08-17,Delhi,Diesel,57.39
2017-08-17,Delhi,Petrol,68.24
2017-08-17,Kolkata,Diesel,60.04
2017-08-17,Kolkata,Petrol,71.02
2017-08-17,Mumbai,Diesel,60.96
2017-08-17,Mumbai,Petrol,77.37
2017-08-18,Chennai,Diesel,60.3
2017-08-18,Chennai,Petrol,70.76
2017-08-18,Delhi,Diesel,57.28
2017-08-18,Delhi,Petrol,68.29
2017-08-18,Kolkata,Diesel,59.93
2017-08-18,Kolkata,Petrol,71.07
2017-08-18,Mumbai,Diesel,60.85
2017-08-18,Mumbai,Petrol,77.42
2017-08-19,Chennai,Diesel,60.2
2017-08-19,Chennai,Petrol,70.83
2017-08-19,Delhi,Diesel,57.19
2017-08-19,Delhi,Petrol,68.37
2017-08-19,Kolkata,Diesel,59.84
2017-08-19,Kolkata,Petrol,71.14
2017-08-19,Mumbai,Diesel,60.74
2017-08-19,Mumbai,Petrol,77.5
2017-08-20,Chennai,Diesel,60.08
2017-08-20,Chennai,Petrol,70.85
2017-08-20,Delhi,Diesel,57.07
2017-08-20,Delhi,Petrol,68.38
2017-08-20,Kolkata,Diesel,59.72
2017-08-20,Kolkata,Petrol,71.16
2017-08-20,Mumbai,Diesel,60.62
2017-08-20,Mumbai,Petrol,77.51
2017-08-21,Chennai,Diesel,60.01
2017-08-21,Chennai,Petrol,71.01
2017-08-21,Delhi,Diesel,57.01
2017-08-21,Delhi,Petrol,68.54
2017-08-21,Kolkata,Diesel,59.66
2017-08-21,Kolkata,Petrol,71.31
2017-08-21,Mumbai,Diesel,60.55
2017-08-21,Mumbai,Petrol,77.66
2017-08-22,Chennai,Diesel,60.06
2017-08-22,Chennai,Petrol,71.15
2017-08-22,Delhi,Diesel,57.05
2017-08-22,Delhi,Petrol,68.67
2017-08-22,Kolkata,Diesel,59.7
2017-08-22,Kolkata,Petrol,71.44
2017-08-22,Mumbai,Diesel,60.6
2017-08-22,Mumbai,Petrol,77.79
2017-08-23,Chennai,Diesel,60.05
2017-08-23,Chennai,Petrol,71.22
2017-08-23,Delhi,Diesel,57.05
2017-08-23,Delhi,Petrol,68.73
2017-08-23,Kolkata,Diesel,59.7
2017-08-23,Kolkata,Petrol,71.5
2017-08-23,Mumbai,Diesel,60.6
2017-08-23,Mumbai,Petrol,77.86
2017-08-24,Chennai,Diesel,60.06
2017-08-24,Chennai,Petrol,71.37
2017-08-24,Delhi,Diesel,57.06
2017-08-24,Delhi,Petrol,68.88
2017-08-24,Kolkata,Diesel,59.71
2017-08-24,Kolkata,Petrol,71.64
2017-08-24,Mumbai,Diesel,60.61
2017-08-24,Mumbai,Petrol,78.0
2017-08-25,Chennai,Diesel,60.02
2017-08-25,Chennai,Petrol,71.51
2017-08-25,Delhi,Diesel,57.02
2017-08-25,Delhi,Petrol,69.01
2017-08-25,Kolkata,Diesel,59.67
2017-08-25,Kolkata,Petrol,71.77
2017-08-25,Mumbai,Diesel,60.57
2017-08-25,Mumbai,Petrol,78.13
2017-08-26,Chennai,Diesel,59.97
2017-08-26,Chennai,Petrol,71.52
2017-08-26,Delhi,Diesel,56.97
2017-08-26,Delhi,Petrol,69.02
2017-08-26,Kolkata,Diesel,59.62
2017-08-26,Kolkata,Petrol,71.78
2017-08-26,Mumbai,Diesel,60.51
2017-08-26,Mumbai,Petrol,78.14
2017-08-27,Chennai,Diesel,60.04
2017-08-27,Chennai,Petrol,71.56
2017-08-27,Delhi,Diesel,57.03
2017-08-27,Delhi,Petrol,69.06
2017-08-27,Kolkata,Diesel,59.69
2017-08-27,Kolkata,Petrol,71.82
2017-08-27,Mumbai,Diesel,60.58
2017-08-27,Mumbai,Petrol,78.18
2017-08-28,Chennai,Diesel,60.03
2017-08-28,Chennai,Petrol,71.6
2017-08-28,Delhi,Diesel,57.03
2017-08-28,Delhi,Petrol,69.09
2017-08-28,Kolkata,Diesel,59.68
2017-08-28,Kolkata,Petrol,71.86
2017-08-28,Mumbai,Diesel,60.57
2017-08-28,Mumbai,Petrol,78.22
2017-08-29,Chennai,Diesel,60.02
2017-08-29,Chennai,Petrol,71.62
2017-08-29,Delhi,Diesel,57.02
2017-08-29,Delhi,Petrol,69.12
2017-08-29,Kolkata,Diesel,59.67
2017-08-29,Kolkata,Petrol,71.88
2017-08-29,Mumbai,Diesel,60.56
2017-08-29,Mumbai,Petrol,78.24
2017-08-30,Chennai,Diesel,60.02
2017-08-30,Chennai,Petrol,71.62
2017-08-30,Delhi,Diesel,57.01
2017-08-30,Delhi,Petrol,69.12
2017-08-30,Kolkata,Diesel,59.66
2017-08-30,Kolkata,Petrol,71.88
2017-08-30,Mumbai,Diesel,60.56
2017-08-30,Mumbai,Petrol,78.24
2017-08-31,Chennai,Diesel,60.06
2017-08-31,Chennai,Petrol,71.66
2017-08-31,Delhi,Diesel,57.05
2017-08-31,Delhi,Petrol,69.15
2017-08-31,Kolkata,Diesel,59.71
2017-08-31,Kolkata,Petrol,71.92
2017-08-31,Mumbai,Diesel,60.6
2017-08-31,Mumbai,Petrol,78.28
2017-09-01,Chennai,Diesel,60.14
2017-09-01,Chennai,Petrol,71.78
2017-09-01,Delhi,Diesel,57.13
2017-09-01,Delhi,Petrol,69.26
2017-09-01,Kolkata,Diesel,59.78
2017-09-01,Kolkata,Petrol,72.02
2017-09-01,Mumbai,Diesel,60.68
2017-09-01,Mumbai,Petrol,78.38
2017-09-02,Chennai,Diesel,60.23
2017-09-02,Chennai,Petrol,71.95
2017-09-02,Delhi,Diesel,57.21
2017-09-02,Delhi,Petrol,69.43
2017-09-02,Kolkata,Diesel,59.87
2017-09-02,Kolkata,Petrol,72.18
2017-09-02,Mumbai,Diesel,60.77
2017-09-02,Mumbai,Petrol,78.54
2017-09-03,Chennai,Diesel,60.3
2017-09-03,Chennai,Petrol,72.08
2017-09-03,Delhi,Diesel,57.28
2017-09-03,Delhi,Petrol,69.55
2017-09-03,Kolkata,Diesel,59.93
2017-09-03,Kolkata,Petrol,72.3
2017-09-03,Mumbai,Diesel,60.84
2017-09-03,Mumbai,Petrol,78.67
2017-09-04,Chennai,Diesel,60.41
2017-09-04,Chennai,Petrol,72.2
2017-09-04,Delhi,Diesel,57.38
2017-09-04,Delhi,Petrol,69.66
2017-09-04,Kolkata,Diesel,60.03
2017-09-04,Kolkata,Petrol,72.41
2017-09-04,Mumbai,Diesel,60.95
2017-09-04,Mumbai,Petrol,78.78
2017-09-05,Chennai,Diesel,60.49
2017-09-05,Chennai,Petrol,72.25
2017-09-05,Delhi,Diesel,57.46
2017-09-05,Delhi,Petrol,69.71
2017-09-05,Kolkata,Diesel,60.11
2017-09-05,Kolkata,Petrol,72.46
2017-09-05,Mumbai,Diesel,61.03
2017-09-05,Mumbai,Petrol,78.82
2017-09-06,Chennai,Diesel,60.49
2017-09-06,Chennai,Petrol,72.25
2017-09-06,Delhi,Diesel,57.46
2017-09-06,Delhi,Petrol,69.71
2017-09-06,Kolkata,Diesel,60.11
2017-09-06,Kolkata,Petrol,72.46
2017-09-06,Mumbai,Diesel,61.03
2017-09-06,Mumbai,Petrol,78.82
2017-09-07,Chennai,Diesel,60.64
2017-09-07,Chennai,Petrol,72.34
2017-09-07,Delhi,Diesel,57.59
2017-09-07,Delhi,Petrol,69.8
2017-09-07,Kolkata,Diesel,60.25
2017-09-07,Kolkata,Petrol,72.55
2017-09-07,Mumbai,Diesel,61.18
2017-09-07,Mumbai,Petrol,78.92
2017-09-08,Chennai,Diesel,60.84
2017-09-08,Chennai,Petrol,72.44
2017-09-08,Delhi,Diesel,57.78
2017-09-08,Delhi,Petrol,69.89
2017-09-08,Kolkata,Diesel,60.44
2017-09-08,Kolkata,Petrol,72.64
2017-09-08,Mumbai,Diesel,61.38
2017-09-08,Mumbai,Petrol,79.0
2017-09-09,Chennai,Diesel,61.13
2017-09-09,Chennai,Petrol,72.58
2017-09-09,Delhi,Diesel,58.06
2017-09-09,Delhi,Petrol,70.03
2017-09-09,Kolkata,Diesel,60.71
2017-09-09,Kolkata,Petrol,72.78
2017-09-09,Mumbai,Diesel,61.67
2017-09-09,Mumbai,Petrol,79.14
2017-09-10,Chennai,Diesel,61.46
2017-09-10,Chennai,Petrol,72.73
2017-09-10,Delhi,Diesel,58.37
2017-09-10,Delhi,Petrol,70.17
2017-09-10,Kolkata,Diesel,61.02
2017-09-10,Kolkata,Petrol,72.91
2017-09-10,Mumbai,Diesel,62.0
2017-09-10,Mumbai,Petrol,79.28
2017-09-11,Chennai,Diesel,61.73
2017-09-11,Chennai,Petrol,72.87
2017-09-11,Delhi,Diesel,58.62
2017-09-11,Delhi,Petrol,70.3
2017-09-11,Kolkata,Diesel,61.27
2017-09-11,Kolkata,Petrol,73.05
2017-09-11,Mumbai,Diesel,62.26
2017-09-11,Mumbai,Petrol,79.41
2017-09-12,Chennai,Diesel,61.84
2017-09-12,Chennai,Petrol,72.95
2017-09-12,Delhi,Diesel,58.72
2017-09-12,Delhi,Petrol,70.38
2017-09-12,Kolkata,Diesel,61.37
2017-09-12,Kolkata,Petrol,73.12
2017-09-12,Mumbai,Diesel,62.37
2017-09-12,Mumbai,Petrol,79.48
2017-09-13,Chennai,Diesel,61.84
2017-09-13,Chennai,Petrol,72.95
2017-09-13,Delhi,Diesel,58.72
2017-09-13,Delhi,Petrol,70.38
2017-09-13,Kolkata,Diesel,61.37
2017-09-13,Kolkata,Petrol,73.12
2017-09-13,Mumbai,Diesel,62.37
2017-09-13,Mumbai,Petrol,79.48
2017-09-14,Chennai,Diesel,61.87
2017-09-14,Chennai,Petrol,72.97
2017-09-14,Delhi,Diesel,58.74
2017-09-14,Delhi,Petrol,70.39
2017-09-14,Kolkata,Diesel,61.4
2017-09-14,Kolkata,Petrol,73.13
2017-09-14,Mumbai,Diesel,62.4
2017-09-14,Mumbai,Petrol,79.5
2017-09-15,Chennai,Diesel,61.93
2017-09-15,Chennai,Petrol,73.01
2017-09-15,Delhi,Diesel,58.8
2017-09-15,Delhi,Petrol,70.43
2017-09-15,Kolkata,Diesel,61.46
2017-09-15,Kolkata,Petrol,73.17
2017-09-15,Mumbai,Diesel,62.46
2017-09-15,Mumbai,Petrol,79.54
2017-09-16,Chennai,Diesel,61.98
2017-09-16,Chennai,Petrol,73.06
2017-09-16,Delhi,Diesel,58.84
2017-09-16,Delhi,Petrol,70.48
2017-09-16,Kolkata,Diesel,61.5
2017-09-16,Kolkata,Petrol,73.22
2017-09-16,Mumbai,Diesel,62.5
2017-09-16,Mumbai,Petrol,79.59
2017-09-17,Chennai,Diesel,62.02
2017-09-17,Chennai,Petrol,73.09
2017-09-17,Delhi,Diesel,58.88
2017-09-17,Delhi,Petrol,70.51
2017-09-17,Kolkata,Diesel,61.54
2017-09-17,Kolkata,Petrol,73.25
2017-09-17,Mumbai,Diesel,62.55
2017-09-17,Mumbai,Petrol,79.62
2017-09-18,Chennai,Diesel,62.05
2017-09-18,Chennai,Petrol,73.09
2017-09-18,Delhi,Diesel,58.91
2017-09-18,Delhi,Petrol,70.51
2017-09-18,Kolkata,Diesel,61.57
2017-09-18,Kolkata,Petrol,73.25
2017-09-18,Mumbai,Diesel,62.58
2017-09-18,Mumbai,Petrol,79.62
2017-09-19,Chennai,Diesel,61.99
2017-09-19,Chennai,Petrol,73.1
2017-09-19,Delhi,Diesel,58.85
2017-09-19,Delhi,Petrol,70.52
2017-09-19,Kolkata,Diesel,61.51
2017-09-19,Kolkata,Petrol,73.26
2017-09-19,Mumbai,Diesel,62.51
2017-09-19,Mumbai,Petrol,79.63
2017-09-20,Chennai,Diesel,61.92
2017-09-20,Chennai,Petrol,73.1
2017-09-20,Delhi,Diesel,58.79
2017-09-20,Delhi,Petrol,70.52
2017-09-20,Kolkata,Diesel,61.45
2017-09-20,Kolkata,Petrol,73.26
2017-09-20,Mumbai,Diesel,62.45
2017-09-20,Mumbai,Petrol,79.63
2017-09-21,Chennai,Diesel,61.82
2017-09-21,Chennai,Petrol,73.1
2017-09-21,Delhi,Diesel,58.69
2017-09-21,Delhi,Petrol,70.52
2017-09-21,Kolkata,Diesel,61.35
2017-09-21,Kolkata,Petrol,73.26
2017-09-21,Mumbai,Diesel,62.35
2017-09-21,Mumbai,Petrol,79.63
2017-09-22,Chennai,Diesel,61.82
2017-09-22,Chennai,Petrol,73.05
2017-09-22,Delhi,Diesel,58.69
2017-09-22,Delhi,Petrol,70.47
2017-09-22,Kolkata,Diesel,61.35
2017-09-22,Kolkata,Petrol,73.21
2017-09-22,Mumbai,Diesel,62.35
2017-09-22,Mumbai,Petrol,79.58
2017-09-23,Chennai,Diesel,61.82
2017-09-23,Chennai,Petrol,73.0
2017-09-23,Delhi,Diesel,58.69
2017-09-23,Delhi,Petrol,70.42
2017-09-23,Kolkata,Diesel,61.35
2017-09-23,Kolkata,Petrol,73.16
2017-09-23,Mumbai,Diesel,62.35
2017-09-23,Mumbai,Petrol,79.53
2017-09-24,Chennai,Diesel,61.85
2017-09-24,Chennai,Petrol,72.97
2017-09-24,Delhi,Diesel,58.72
2017-09-24,Delhi,Petrol,70.39
2017-09-24,Kolkata,Diesel,61.38
2017-09-24,Kolkata,Petrol,73.13
2017-09-24,Mumbai,Diesel,62.38
2017-09-24,Mumbai,Petrol,79.5
2017-09-25,Chennai,Diesel,61.85
2017-09-25,Chennai,Petrol,72.99
2017-09-25,Delhi,Diesel,58.72
2017-09-25,Delhi,Petrol,70.41
2017-09-25,Kolkata,Diesel,61.38
2017-09-25,Kolkata,Petrol,73.15
2017-09-25,Mumbai,Diesel,62.38
2017-09-25,Mumbai,Petrol,79.52
2017-09-26,Chennai,Diesel,61.81
2017-09-26,Chennai,Petrol,72.99
2017-09-26,Delhi,Diesel,58.68
2017-09-26,Delhi,Petrol,70.41
2017-09-26,Kolkata,Diesel,61.34
2017-09-26,Kolkata,Petrol,73.15
2017-09-26,Mumbai,Diesel,62.33
2017-09-26,Mumbai,Petrol,79.52
2017-09-27,Chennai,Diesel,61.81
2017-09-27,Chennai,Petrol,72.99
2017-09-27,Delhi,Diesel,58.68
2017-09-27,Delhi,Petrol,70.41
2017-09-27,Kolkata,Diesel,61.34
2017-09-27,Kolkata,Petrol,73.15
2017-09-27,Mumbai,Diesel,62.33
2017-09-27,Mumbai,Petrol,79.52
2017-09-28,Chennai,Diesel,61.83
2017-09-28,Chennai,Petrol,73.04
2017-09-28,Delhi,Diesel,58.7
2017-09-28,Delhi,Petrol,70.46
2017-09-28,Kolkata,Diesel,61.36
2017-09-28,Kolkata,Petrol,73.2
2017-09-28,Mumbai,Diesel,62.36
2017-09-28,Mumbai,Petrol,79.57
2017-09-29,Chennai,Diesel,61.91
2017-09-29,Chennai,Petrol,73.15
2017-09-29,Delhi,Diesel,58.78
2017-09-29,Delhi,Petrol,70.56
2017-09-29,Kolkata,Diesel,61.44
2017-09-29,Kolkata,Petrol,73.3
2017-09-29,Mumbai,Diesel,62.44
2017-09-29,Mumbai,Petrol,79.67
2017-09-30,Chennai,Diesel,62.0
2017-09-30,Chennai,Petrol,73.25
2017-09-30,Delhi,Diesel,58.86
2017-09-30,Delhi,Petrol,70.66
2017-09-30,Kolkata,Diesel,61.52
2017-09-30,Kolkata,Petrol,73.4
2017-09-30,Mumbai,Diesel,62.53
2017-09-30,Mumbai,Petrol,79.77
2017-10-01,Chennai,Diesel,62.06
2017-10-01,Chennai,Petrol,73.36
2017-10-01,Delhi,Diesel,58.92
2017-10-01,Delhi,Petrol,70.76
2017-10-01,Kolkata,Diesel,61.58
2017-10-01,Kolkata,Petrol,73.5
2017-10-01,Mumbai,Diesel,62.59
2017-10-01,Mumbai,Petrol,79.87
2017-10-02,Chennai,Diesel,62.22
2017-10-02,Chennai,Petrol,73.43
2017-10-02,Delhi,Diesel,59.07
2017-10-02,Delhi,Petrol,70.83
2017-10-02,Kolkata,Diesel,61.73
2017-10-02,Kolkata,Petrol,73.57
2017-10-02,Mumbai,Diesel,62.75
2017-10-02,Mumbai,Petrol,79.94
2017-10-03,Chennai,Diesel,62.3
2017-10-03,Chennai,Petrol,73.48
2017-10-03,Delhi,Diesel,59.14
2017-10-03,Delhi,Petrol,70.88
2017-10-03,Kolkata,Diesel,61.8
2017-10-03,Kolkata,Petrol,73.62
2017-10-03,Mumbai,Diesel,62.82
2017-10-03,Mumbai,Petrol,79.99
2017-10-04,Chennai,Diesel,59.89
2017-10-04,Chennai,Petrol,70.85
2017-10-04,Delhi,Diesel,56.89
2017-10-04,Delhi,Petrol,68.38
2017-10-04,Kolkata,Diesel,59.55
2017-10-04,Kolkata,Petrol,71.16
2017-10-04,Mumbai,Diesel,60.43
2017-10-04,Mumbai,Petrol,77.51
2017-10-05,Chennai,Diesel,59.9
2017-10-05,Chennai,Petrol,70.85
2017-10-05,Delhi,Diesel,56.9
2017-10-05,Delhi,Petrol,68.38
2017-10-05,Kolkata,Diesel,59.56
2017-10-05,Kolkata,Petrol,71.16
2017-10-05,Mumbai,Diesel,60.44
2017-10-05,Mumbai,Petrol,77.51
2017-10-06,Chennai,Diesel,59.95
2017-10-06,Chennai,Petrol,70.83
2017-10-06,Delhi,Diesel,56.95
2017-10-06,Delhi,Petrol,68.36
2017-10-06,Kolkata,Diesel,59.61
2017-10-06,Kolkata,Petrol,71.14
2017-10-06,Mumbai,Diesel,60.5
2017-10-06,Mumbai,Petrol,77.49
2017-10-07,Chennai,Diesel,59.94
2017-10-07,Chennai,Petrol,70.82
2017-10-07,Delhi,Diesel,56.94
2017-10-07,Delhi,Petrol,68.35
2017-10-07,Kolkata,Diesel,59.6
2017-10-07,Kolkata,Petrol,71.13
2017-10-07,Mumbai,Diesel,60.49
2017-10-07,Mumbai,Petrol,77.48
2017-10-08,Chennai,Diesel,59.96
2017-10-08,Chennai,Petrol,70.86
2017-10-08,Delhi,Diesel,56.96
2017-10-08,Delhi,Petrol,68.39
2017-10-08,Kolkata,Diesel,59.62
2017-10-08,Kolkata,Petrol,71.17
2017-10-08,Mumbai,Diesel,60.51
2017-10-08,Mumbai,Petrol,77.52
2017-10-09,Chennai,Diesel,60.01
2017-10-09,Chennai,Petrol,70.93
2017-10-09,Delhi,Diesel,57.0
2017-10-09,Delhi,Petrol,68.45
2017-10-09,Kolkata,Diesel,59.66
2017-10-09,Kolkata,Petrol,71.23
2017-10-09,Mumbai,Diesel,60.55
2017-10-09,Mumbai,Petrol,77.58
2017-10-10,Chennai,Diesel,60.01
2017-10-10,Chennai,Petrol,70.93
2017-10-10,Delhi,Diesel,57.0
2017-10-10,Delhi,Petrol,68.45
2017-10-10,Kolkata,Diesel,59.66
2017-10-10,Kolkata,Petrol,71.23
2017-10-10,Mumbai,Diesel,60.55
2017-10-10,Mumbai,Petrol,77.58
2017-10-11,Chennai,Diesel,60.04
2017-10-11,Chennai,Petrol,70.96
2017-10-11,Delhi,Diesel,57.03
2017-10-11,Delhi,Petrol,68.48
2017-10-11,Kolkata,Diesel,59.69
2017-10-11,Kolkata,Petrol,71.26
2017-10-11,Mumbai,Diesel,59.58
2017-10-11,Mumbai,Petrol,75.59
2017-10-12,Chennai,Diesel,60.02
2017-10-12,Chennai,Petrol,70.93
2017-10-12,Delhi,Diesel,57.01
2017-10-12,Delhi,Petrol,68.45
2017-10-12,Kolkata,Diesel,59.67
2017-10-12,Kolkata,Petrol,71.23
2017-10-12,Mumbai,Diesel,59.56
2017-10-12,Mumbai,Petrol,75.57
2017-10-13,Chennai,Diesel,60.02
2017-10-13,Chennai,Petrol,70.9
2017-10-13,Delhi,Diesel,57.01
2017-10-13,Delhi,Petrol,68.43
2017-10-13,Kolkata,Diesel,59.67
2017-10-13,Kolkata,Petrol,71.21
2017-10-13,Mumbai,Diesel,59.56
2017-10-13,Mumbai,Petrol,75.55
2017-10-14,Chennai,Diesel,59.99
2017-10-14,Chennai,Petrol,70.85
2017-10-14,Delhi,Diesel,56.98
2017-10-14,Delhi,Petrol,68.38
2017-10-14,Kolkata,Diesel,59.64
2017-10-14,Kolkata,Petrol,71.16
2017-10-14,Mumbai,Diesel,59.53
2017-10-14,Mumbai,Petrol,75.5
2017-10-15,Chennai,Diesel,59.94
2017-10-15,Chennai,Petrol,70.8
2017-10-15,Delhi,Diesel,56.94
2017-10-15,Delhi,Petrol,68.33
2017-10-15,Kolkata,Diesel,59.6
2017-10-15,Kolkata,Petrol,71.11
2017-10-15,Mumbai,Diesel,59.48
2017-10-15,Mumbai,Petrol,75.45
2017-10-16,Chennai,Diesel,59.91
2017-10-16,Chennai,Petrol,70.76
2017-10-16,Delhi,Diesel,56.91
2017-10-16,Delhi,Petrol,68.29
2017-10-16,Kolkata,Diesel,59.57
2017-10-16,Kolkata,Petrol,71.07
2017-10-16,Mumbai,Diesel,59.45
2017-10-16,Mumbai,Petrol,75.41
2017-10-17,Chennai,Diesel,59.87
2017-10-17,Chennai,Petrol,70.73
2017-10-17,Delhi,Diesel,56.87
2017-10-17,Delhi,Petrol,68.26
2017-10-17,Kolkata,Diesel,59.53
2017-10-17,Kolkata,Petrol,71.04
2017-10-17,Mumbai,Diesel,59.41
2017-10-17,Mumbai,Petrol,75.38
2017-10-18,Chennai,Diesel,59.87
2017-10-18,Chennai,Petrol,70.73
2017-10-18,Delhi,Diesel,56.87
2017-10-18,Delhi,Petrol,68.26
2017-10-18,Kolkata,Diesel,59.53
2017-10-18,Kolkata,Petrol,71.04
2017-10-18,Mumbai,Diesel,59.41
2017-10-18,Mumbai,Petrol,75.38
2017-10-19,Chennai,Diesel,59.95
2017-10-19,Chennai,Petrol,70.8
2017-10-19,Delhi,Diesel,56.95
2017-10-19,Delhi,Petrol,68.33
2017-10-19,Kolkata,Diesel,59.61
2017-10-19,Kolkata,Petrol,71.11
2017-10-19,Mumbai,Diesel,59.5
2017-10-19,Mumbai,Petrol,75.45
2017-10-20,Chennai,Diesel,59.99
2017-10-20,Chennai,Petrol,70.87
2017-10-20,Delhi,Diesel,56.98
2017-10-20,Delhi,Petrol,68.4
2017-10-20,Kolkata,Diesel,59.64
2017-10-20,Kolkata,Petrol,71.18
2017-10-20,Mumbai,Diesel,59.53
2017-10-20,Mumbai,Petrol,75.52
2017-10-21,Chennai,Diesel,60.02
2017-10-21,Chennai,Petrol,70.92
2017-10-21,Delhi,Diesel,57.01
2017-10-21,Delhi,Petrol,68.44
2017-10-21,Kolkata,Diesel,59.67
2017-10-21,Kolkata,Petrol,71.22
2017-10-21,Mumbai,Diesel,59.56
2017-10-21,Mumbai,Petrol,75.56
2017-10-22,Chennai,Diesel,60.11
2017-10-22,Chennai,Petrol,71.06
2017-10-22,Delhi,Diesel,57.1
2017-10-22,Delhi,Petrol,68.58
2017-10-22,Kolkata,Diesel,59.76
2017-10-22,Kolkata,Petrol,71.36
2017-10-22,Mumbai,Diesel,59.65
2017-10-22,Mumbai,Petrol,75.69
2017-10-23,Chennai,Diesel,60.14
2017-10-23,Chennai,Petrol,71.08
2017-10-23,Delhi,Diesel,57.12
2017-10-23,Delhi,Petrol,68.6
2017-10-23,Kolkata,Diesel,59.78
2017-10-23,Kolkata,Petrol,71.38
2017-10-23,Mumbai,Diesel,59.68
2017-10-23,Mumbai,Petrol,75.71
2017-10-24,Chennai,Diesel,60.14
2017-10-24,Chennai,Petrol,71.08
2017-10-24,Delhi,Diesel,57.12
2017-10-24,Delhi,Petrol,68.6
2017-10-24,Kolkata,Diesel,59.78
2017-10-24,Kolkata,Petrol,71.38
2017-10-24,Mumbai,Diesel,59.68
2017-10-24,Mumbai,Petrol,75.71
2017-10-25,Chennai,Diesel,60.17
2017-10-25,Chennai,Petrol,71.1
2017-10-25,Delhi,Diesel,57.15
2017-10-25,Delhi,Petrol,68.62
2017-10-25,Kolkata,Diesel,59.81
2017-10-25,Kolkata,Petrol,71.4
2017-10-25,Mumbai,Diesel,59.71
2017-10-25,Mumbai,Petrol,75.73
2017-10-26,Chennai,Diesel,60.23
2017-10-26,Chennai,Petrol,71.14
2017-10-26,Delhi,Diesel,57.21
2017-10-26,Delhi,Petrol,68.65
2017-10-26,Kolkata,Diesel,59.87
2017-10-26,Kolkata,Petrol,71.43
2017-10-26,Mumbai,Diesel,59.77
2017-10-26,Mumbai,Petrol,75.76
2017-10-27,Chennai,Diesel,60.31
2017-10-27,Chennai,Petrol,71.21
2017-10-27,Delhi,Diesel,57.28
2017-10-27,Delhi,Petrol,68.72
2017-10-27,Kolkata,Diesel,59.94
2017-10-27,Kolkata,Petrol,71.49
2017-10-27,Mumbai,Diesel,59.85
2017-10-27,Mumbai,Petrol,75.83
2017-10-28,Chennai,Diesel,60.47
2017-10-28,Chennai,Petrol,71.34
2017-10-28,Delhi,Diesel,57.43
2017-10-28,Delhi,Petrol,68.84
2017-10-28,Kolkata,Diesel,60.09
2017-10-28,Kolkata,Petrol,71.61
2017-10-28,Mumbai,Diesel,60.0
2017-10-28,Mumbai,Petrol,75.95
2017-10-29,Chennai,Diesel,60.55
2017-10-29,Chennai,Petrol,71.42
2017-10-29,Delhi,Diesel,57.51
2017-10-29,Delhi,Petrol,68.92
2017-10-29,Kolkata,Diesel,60.17
2017-10-29,Kolkata,Petrol,71.69
2017-10-29,Mumbai,Diesel,60.09
2017-10-29,Mumbai,Petrol,76.03
2017-10-30,Chennai,Diesel,60.69
2017-10-30,Chennai,Petrol,71.58
2017-10-30,Delhi,Diesel,57.64
2017-10-30,Delhi,Petrol,69.07
2017-10-30,Kolkata,Diesel,60.3
2017-10-30,Kolkata,Petrol,71.84
2017-10-30,Mumbai,Diesel,60.23
2017-10-30,Mumbai,Petrol,76.18
2017-10-31,Chennai,Diesel,60.76
2017-10-31,Chennai,Petrol,71.64
2017-10-31,Delhi,Diesel,57.7
2017-10-31,Delhi,Petrol,69.13
2017-10-31,Kolkata,Diesel,60.36
2017-10-31,Kolkata,Petrol,71.9
2017-10-31,Mumbai,Diesel,60.29
2017-10-31,Mumbai,Petrol,76.24
2017-11-01,Chennai,Diesel,60.79
2017-11-01,Chennai,Petrol,71.65
2017-11-01,Delhi,Diesel,57.73
2017-11-01,Delhi,Petrol,69.14
2017-11-01,Kolkata,Diesel,60.39
2017-11-01,Kolkata,Petrol,71.9
2017-11-01,Mumbai,Diesel,60.32
2017-11-01,Mumbai,Petrol,76.25
2017-11-02,Chennai,Diesel,60.9
2017-11-02,Chennai,Petrol,71.77
2017-11-02,Delhi,Diesel,57.83
2017-11-02,Delhi,Petrol,69.25
2017-11-02,Kolkata,Diesel,60.49
2017-11-02,Kolkata,Petrol,72.01
2017-11-02,Mumbai,Diesel,60.43
2017-11-02,Mumbai,Petrol,76.36
2017-11-03,Chennai,Diesel,61.0
2017-11-03,Chennai,Petrol,71.86
2017-11-03,Delhi,Diesel,57.93
2017-11-03,Delhi,Petrol,69.34
2017-11-03,Kolkata,Diesel,60.59
2017-11-03,Kolkata,Petrol,72.1
2017-11-03,Mumbai,Diesel,60.54
2017-11-03,Mumbai,Petrol,76.45
2017-11-04,Chennai,Diesel,61.11
2017-11-04,Chennai,Petrol,72.0
2017-11-04,Delhi,Diesel,58.03
2017-11-04,Delhi,Petrol,69.47
2017-11-04,Kolkata,Diesel,60.69
2017-11-04,Kolkata,Petrol,72.23
2017-11-04,Mumbai,Diesel,60.64
2017-11-04,Mumbai,Petrol,76.57
2017-11-05,Chennai,Diesel,61.16
2017-11-05,Chennai,Petrol,72.08
2017-11-05,Delhi,Diesel,58.08
2017-11-05,Delhi,Petrol,69.55
2017-11-05,Kolkata,Diesel,60.74
2017-11-05,Kolkata,Petrol,72.31
2017-11-05,Mumbai,Diesel,60.69
2017-11-05,Mumbai,Petrol,76.65
2017-11-06,Chennai,Diesel,61.25
2017-11-06,Chennai,Petrol,72.23
2017-11-06,Delhi,Diesel,58.16
2017-11-06,Delhi,Petrol,69.69
2017-11-06,Kolkata,Diesel,60.82
2017-11-06,Kolkata,Petrol,72.44
2017-11-06,Mumbai,Diesel,60.78
2017-11-06,Mumbai,Petrol,76.79
2017-11-07,Chennai,Diesel,61.36
2017-11-07,Chennai,Petrol,72.35
2017-11-07,Delhi,Diesel,58.26
2017-11-07,Delhi,Petrol,69.8
2017-11-07,Kolkata,Diesel,60.92
2017-11-07,Kolkata,Petrol,72.55
2017-11-07,Mumbai,Diesel,60.89
2017-11-07,Mumbai,Petrol,76.9
2017-11-08,Chennai,Diesel,61.36
2017-11-08,Chennai,Petrol,72.35
2017-11-08,Delhi,Diesel,58.26
2017-11-08,Delhi,Petrol,69.8
2017-11-08,Kolkata,Diesel,60.92
2017-11-08,Kolkata,Petrol,72.55
2017-11-08,Mumbai,Diesel,60.89
2017-11-08,Mumbai,Petrol,76.9
2017-11-09,Chennai,Diesel,61.41
2017-11-09,Chennai,Petrol,72.4
2017-11-09,Delhi,Diesel,58.31
2017-11-09,Delhi,Petrol,69.85
2017-11-09,Kolkata,Diesel,60.97
2017-11-09,Kolkata,Petrol,72.6
2017-11-09,Mumbai,Diesel,60.94
2017-11-09,Mumbai,Petrol,76.95
2017-11-10,Chennai,Diesel,61.41
2017-11-10,Chennai,Petrol,72.4
2017-11-10,Delhi,Diesel,58.31
2017-11-10,Delhi,Petrol,69.85
2017-11-10,Kolkata,Diesel,60.97
2017-11-10,Kolkata,Petrol,72.6
2017-11-10,Mumbai,Diesel,60.94
2017-11-10,Mumbai,Petrol,76.95
2017-11-11,Chennai,Diesel,61.41
2017-11-11,Chennai,Petrol,72.36
2017-11-11,Delhi,Diesel,58.31
2017-11-11,Delhi,Petrol,69.81
2017-11-11,Kolkata,Diesel,60.97
2017-11-11,Kolkata,Petrol,72.56
2017-11-11,Mumbai,Diesel,60.94
2017-11-11,Mumbai,Petrol,76.91
2017-11-12,Chennai,Diesel,61.41
2017-11-12,Chennai,Petrol,72.33
2017-11-12,Delhi,Diesel,58.31
2017-11-12,Delhi,Petrol,69.78
2017-11-12,Kolkata,Diesel,60.97
2017-11-12,Kolkata,Petrol,72.53
2017-11-12,Mumbai,Diesel,60.94
2017-11-12,Mumbai,Petrol,76.88
2017-11-13,Chennai,Diesel,61.41
2017-11-13,Chennai,Petrol,72.33
2017-11-13,Delhi,Diesel,58.31
2017-11-13,Delhi,Petrol,69.78
2017-11-13,Kolkata,Diesel,60.97
2017-11-13,Kolkata,Petrol,72.53
2017-11-13,Mumbai,Diesel,60.94
2017-11-13,Mumbai,Petrol,76.88
2017-11-14,Chennai,Diesel,61.44
2017-11-14,Chennai,Petrol,72.27
2017-11-14,Delhi,Diesel,58.34
2017-11-14,Delhi,Petrol,69.73
2017-11-14,Kolkata,Diesel,61.0
2017-11-14,Kolkata,Petrol,72.48
2017-11-14,Mumbai,Diesel,60.97
2017-11-14,Mumbai,Petrol,76.83
2017-11-15,Chennai,Diesel,61.42
2017-11-15,Chennai,Petrol,72.22
2017-11-15,Delhi,Diesel,58.32
2017-11-15,Delhi,Petrol,69.68
2017-11-15,Kolkata,Diesel,60.98
2017-11-15,Kolkata,Petrol,72.43
2017-11-15,Mumbai,Diesel,60.95
2017-11-15,Mumbai,Petrol,76.78
2017-11-16,Chennai,Diesel,61.41
2017-11-16,Chennai,Petrol,72.19
2017-11-16,Delhi,Diesel,58.31
2017-11-16,Delhi,Petrol,69.65
2017-11-16,Kolkata,Diesel,60.97
2017-11-16,Kolkata,Petrol,72.4
2017-11-16,Mumbai,Diesel,60.94
2017-11-16,Mumbai,Petrol,76.75
2017-11-17,Chennai,Diesel,61.41
2017-11-17,Chennai,Petrol,72.15
2017-11-17,Delhi,Diesel,58.31
2017-11-17,Delhi,Petrol,69.61
2017-11-17,Kolkata,Diesel,60.97
2017-11-17,Kolkata,Petrol,72.37
2017-11-17,Mumbai,Diesel,60.94
2017-11-17,Mumbai,Petrol,76.71
2017-11-18,Chennai,Diesel,61.43
2017-11-18,Chennai,Petrol,72.1
2017-11-18,Delhi,Diesel,58.33
2017-11-18,Delhi,Petrol,69.57
2017-11-18,Kolkata,Diesel,60.99
2017-11-18,Kolkata,Petrol,72.33
2017-11-18,Mumbai,Diesel,60.96
2017-11-18,Mumbai,Petrol,76.67
2017-11-19,Chennai,Diesel,61.41
2017-11-19,Chennai,Petrol,72.07
2017-11-19,Delhi,Diesel,58.31
2017-11-19,Delhi,Petrol,69.54
2017-11-19,Kolkata,Diesel,60.97
2017-11-19,Kolkata,Petrol,72.3
2017-11-19,Mumbai,Diesel,60.94
2017-11-19,Mumbai,Petrol,76.64
2017-11-20,Chennai,Diesel,61.43
2017-11-20,Chennai,Petrol,72.04
2017-11-20,Delhi,Diesel,58.33
2017-11-20,Delhi,Petrol,69.51
2017-11-20,Kolkata,Diesel,60.99
2017-11-20,Kolkata,Petrol,72.27
2017-11-20,Mumbai,Diesel,60.96
2017-11-20,Mumbai,Petrol,76.61
2017-11-21,Chennai,Diesel,61.43
2017-11-21,Chennai,Petrol,72.06
2017-11-21,Delhi,Diesel,58.33
2017-11-21,Delhi,Petrol,69.53
2017-11-21,Kolkata,Diesel,60.99
2017-11-21,Kolkata,Petrol,72.29
2017-11-21,Mumbai,Diesel,60.96
2017-11-21,Mumbai,Petrol,76.63
2017-11-22,Chennai,Diesel,61.4
2017-11-22,Chennai,Petrol,72.01
2017-11-22,Delhi,Diesel,58.3
2017-11-22,Delhi,Petrol,69.48
2017-11-22,Kolkata,Diesel,60.96
2017-11-22,Kolkata,Petrol,72.24
2017-11-22,Mumbai,Diesel,60.93
2017-11-22,Mumbai,Petrol,76.58
2017-11-23,Chennai,Diesel,61.4
2017-11-23,Chennai,Petrol,71.96
2017-11-23,Delhi,Diesel,58.3
2017-11-23,Delhi,Petrol,69.43
2017-11-23,Kolkata,Diesel,60.96
2017-11-23,Kolkata,Petrol,72.19
2017-11-23,Mumbai,Diesel,60.93
2017-11-23,Mumbai,Petrol,76.54
2017-11-24,Chennai,Diesel,61.43
2017-11-24,Chennai,Petrol,71.94
2017-11-24,Delhi,Diesel,58.33
2017-11-24,Delhi,Petrol,69.41
2017-11-24,Kolkata,Diesel,60.99
2017-11-24,Kolkata,Petrol,72.17
2017-11-24,Mumbai,Diesel,60.96
2017-11-24,Mumbai,Petrol,76.52
2017-11-25,Chennai,Diesel,61.43
2017-11-25,Chennai,Petrol,71.88
2017-11-25,Delhi,Diesel,58.33
2017-11-25,Delhi,Petrol,69.36
2017-11-25,Kolkata,Diesel,60.99
2017-11-25,Kolkata,Petrol,72.12
2017-11-25,Mumbai,Diesel,60.96
2017-11-25,Mumbai,Petrol,76.52
2017-11-26,Chennai,Diesel,61.44
2017-11-26,Chennai,Petrol,71.84
2017-11-26,Delhi,Diesel,58.34
2017-11-26,Delhi,Petrol,69.32
2017-11-26,Kolkata,Diesel,61.0
2017-11-26,Kolkata,Petrol,72.08
2017-11-26,Mumbai,Diesel,60.97
2017-11-26,Mumbai,Petrol,76.52
2017-11-27,Chennai,Diesel,61.44
2017-11-27,Chennai,Petrol,71.8
2017-11-27,Delhi,Diesel,58.34
2017-11-27,Delhi,Petrol,69.28
2017-11-27,Kolkata,Diesel,61.0
2017-11-27,Kolkata,Petrol,72.04
2017-11-27,Mumbai,Diesel,60.99
2017-11-27,Mumbai,Petrol,76.52
2017-11-28,Chennai,Diesel,61.47
2017-11-28,Chennai,Petrol,71.78
2017-11-28,Delhi,Diesel,58.37
2017-11-28,Delhi,Petrol,69.26
2017-11-28,Kolkata,Diesel,61.03
2017-11-28,Kolkata,Petrol,72.02
2017-11-28,Mumbai,Diesel,61.03
2017-11-28,Mumbai,Petrol,76.52
2017-11-29,Chennai,Diesel,61.47
2017-11-29,Chennai,Petrol,71.78
2017-11-29,Delhi,Diesel,58.37
2017-11-29,Delhi,Petrol,69.26
2017-11-29,Kolkata,Diesel,61.03
2017-11-29,Kolkata,Petrol,72.02
2017-11-29,Mumbai,Diesel,61.03
2017-11-29,Mumbai,Petrol,76.52
2017-11-30,Chennai,Diesel,61.5
2017-11-30,Chennai,Petrol,71.76
2017-11-30,Delhi,Diesel,58.39
2017-11-30,Delhi,Petrol,69.24
2017-11-30,Kolkata,Diesel,61.05
2017-11-30,Kolkata,Petrol,72.0
2017-11-30,Mumbai,Diesel,61.05
2017-11-30,Mumbai,Petrol,76.52
2017-12-01,Chennai,Diesel,61.51
2017-12-01,Chennai,Petrol,71.74
2017-12-01,Delhi,Diesel,58.4
2017-12-01,Delhi,Petrol,69.22
2017-12-01,Kolkata,Diesel,61.06
2017-12-01,Kolkata,Petrol,71.98
2017-12-01,Mumbai,Diesel,61.07
2017-12-01,Mumbai,Petrol,76.52
2017-12-02,Chennai,Diesel,61.53
2017-12-02,Chennai,Petrol,71.74
2017-12-02,Delhi,Diesel,58.42
2017-12-02,Delhi,Petrol,69.22
2017-12-02,Kolkata,Diesel,61.08
2017-12-02,Kolkata,Petrol,71.98
2017-12-02,Mumbai,Diesel,61.1
2017-12-02,Mumbai,Petrol,76.52
2017-12-03,Chennai,Diesel,61.53
2017-12-03,Chennai,Petrol,71.75
2017-12-03,Delhi,Diesel,58.42
2017-12-03,Delhi,Petrol,69.23
2017-12-03,Kolkata,Diesel,61.08
2017-12-03,Kolkata,Petrol,71.99
2017-12-03,Mumbai,Diesel,61.12
2017-12-03,Mumbai,Petrol,76.54
2017-12-04,Chennai,Diesel,61.55
2017-12-04,Chennai,Petrol,71.75
2017-12-04,Delhi,Diesel,58.44
2017-12-04,Delhi,Petrol,69.23
2017-12-04,Kolkata,Diesel,61.1
2017-12-04,Kolkata,Petrol,71.99
2017-12-04,Mumbai,Diesel,61.15
2017-12-04,Mumbai,Petrol,76.56
2017-12-05,Chennai,Diesel,61.54
2017-12-05,Chennai,Petrol,71.77
2017-12-05,Delhi,Diesel,58.43
2017-12-05,Delhi,Petrol,69.25
2017-12-05,Kolkata,Diesel,61.09
2017-12-05,Kolkata,Petrol,72.01
2017-12-05,Mumbai,Diesel,61.17
2017-12-05,Mumbai,Petrol,76.59
2017-12-06,Chennai,Diesel,61.56
2017-12-06,Chennai,Petrol,71.76
2017-12-06,Delhi,Diesel,58.45
2017-12-06,Delhi,Petrol,69.24
2017-12-06,Kolkata,Diesel,61.11
2017-12-06,Kolkata,Petrol,72.0
2017-12-06,Mumbai,Diesel,61.2
2017-12-06,Mumbai,Petrol,76.6
2017-12-07,Chennai,Diesel,61.56
2017-12-07,Chennai,Petrol,71.75
2017-12-07,Delhi,Diesel,58.45
2017-12-07,Delhi,Petrol,69.23
2017-12-07,Kolkata,Diesel,61.11
2017-12-07,Kolkata,Petrol,71.99
2017-12-07,Mumbai,Diesel,61.2
2017-12-07,Mumbai,Petrol,76.61
2017-12-08,Chennai,Diesel,61.55
2017-12-08,Chennai,Petrol,71.7
2017-12-08,Delhi,Diesel,58.44
2017-12-08,Delhi,Petrol,69.19
2017-12-08,Kolkata,Diesel,61.1
2017-12-08,Kolkata,Petrol,71.95
2017-12-08,Mumbai,Diesel,61.22
2017-12-08,Mumbai,Petrol,76.61
2017-12-09,Chennai,Diesel,61.52
2017-12-09,Chennai,Petrol,71.69
2017-12-09,Delhi,Diesel,58.41
2017-12-09,Delhi,Petrol,69.18
2017-12-09,Kolkata,Diesel,61.07
2017-12-09,Kolkata,Petrol,71.94
2017-12-09,Mumbai,Diesel,61.21
2017-12-09,Mumbai,Petrol,76.62
2017-12-10,Chennai,Diesel,61.47
2017-12-10,Chennai,Petrol,71.66
2017-12-10,Delhi,Diesel,58.37
2017-12-10,Delhi,Petrol,69.15
2017-12-10,Kolkata,Diesel,61.03
2017-12-10,Kolkata,Petrol,71.91
2017-12-10,Mumbai,Diesel,61.21
2017-12-10,Mumbai,Petrol,76.61
2017-12-11,Chennai,Diesel,61.47
2017-12-11,Chennai,Petrol,71.63
2017-12-11,Delhi,Diesel,58.37
2017-12-11,Delhi,Petrol,69.12
2017-12-11,Kolkata,Diesel,61.03
2017-12-11,Kolkata,Petrol,71.88
2017-12-11,Mumbai,Diesel,61.24
2017-12-11,Mumbai,Petrol,76.62
2017-12-12,Chennai,Diesel,61.44
2017-12-12,Chennai,Petrol,71.6
2017-12-12,Delhi,Diesel,58.34
2017-12-12,Delhi,Petrol,69.09
2017-12-12,Kolkata,Diesel,61.0
2017-12-12,Kolkata,Petrol,71.85
2017-12-12,Mumbai,Diesel,61.26
2017-12-12,Mumbai,Petrol,76.64
2017-12-13,Chennai,Diesel,61.42
2017-12-13,Chennai,Petrol,71.58
2017-12-13,Delhi,Diesel,58.32
2017-12-13,Delhi,Petrol,69.07
2017-12-13,Kolkata,Diesel,60.98
2017-12-13,Kolkata,Petrol,71.84
2017-12-13,Mumbai,Diesel,61.28
2017-12-13,Mumbai,Petrol,76.66
2017-12-14,Chennai,Diesel,61.43
2017-12-14,Chennai,Petrol,71.58
2017-12-14,Delhi,Diesel,58.33
2017-12-14,Delhi,Petrol,69.07
2017-12-14,Kolkata,Diesel,60.99
2017-12-14,Kolkata,Petrol,71.84
2017-12-14,Mumbai,Diesel,61.31
2017-12-14,Mumbai,Petrol,76.69
2017-12-15,Chennai,Diesel,61.48
2017-12-15,Chennai,Petrol,71.61
2017-12-15,Delhi,Diesel,58.38
2017-12-15,Delhi,Petrol,69.1
2017-12-15,Kolkata,Diesel,61.04
2017-12-15,Kolkata,Petrol,71.86
2017-12-15,Mumbai,Diesel,61.43
2017-12-15,Mumbai,Petrol,76.78
2017-12-16,Chennai,Diesel,61.55
2017-12-16,Chennai,Petrol,71.64
2017-12-16,Delhi,Diesel,58.44
2017-12-16,Delhi,Petrol,69.13
2017-12-16,Kolkata,Diesel,61.1
2017-12-16,Kolkata,Petrol,71.89
2017-12-16,Mumbai,Diesel,61.55
2017-12-16,Mumbai,Petrol,76.88
2017-12-17,Chennai,Diesel,61.59
2017-12-17,Chennai,Petrol,71.66
2017-12-17,Delhi,Diesel,58.48
2017-12-17,Delhi,Petrol,69.15
2017-12-17,Kolkata,Diesel,61.14
2017-12-17,Kolkata,Petrol,71.91
2017-12-17,Mumbai,Diesel,61.67
2017-12-17,Mumbai,Petrol,76.99
2017-12-18,Chennai,Diesel,61.67
2017-12-18,Chennai,Petrol,71.7
2017-12-18,Delhi,Diesel,58.55
2017-12-18,Delhi,Petrol,69.19
2017-12-18,Kolkata,Diesel,61.21
2017-12-18,Kolkata,Petrol,71.95
2017-12-18,Mumbai,Diesel,61.75
2017-12-18,Mumbai,Petrol,77.06
2017-12-19,Chennai,Diesel,61.77
2017-12-19,Chennai,Petrol,71.79
2017-12-19,Delhi,Diesel,58.65
2017-12-19,Delhi,Petrol,69.27
2017-12-19,Kolkata,Diesel,61.31
2017-12-19,Kolkata,Petrol,72.03
2017-12-19,Mumbai,Diesel,61.87
2017-12-19,Mumbai,Petrol,77.17
2017-12-20,Chennai,Diesel,61.88
2017-12-20,Chennai,Petrol,71.87
2017-12-20,Delhi,Diesel,58.75
2017-12-20,Delhi,Petrol,69.35
2017-12-20,Kolkata,Diesel,61.41
2017-12-20,Kolkata,Petrol,72.11
2017-12-20,Mumbai,Diesel,62.03
2017-12-20,Mumbai,Petrol,77.25
2017-12-21,Chennai,Diesel,61.99
2017-12-21,Chennai,Petrol,71.95
2017-12-21,Delhi,Diesel,58.85
2017-12-21,Delhi,Petrol,69.42
2017-12-21,Kolkata,Diesel,61.51
2017-12-21,Kolkata,Petrol,72.18
2017-12-21,Mumbai,Diesel,62.16
2017-12-21,Mumbai,Petrol,77.32
2017-12-22,Chennai,Diesel,62.05
2017-12-22,Chennai,Petrol,72.03
2017-12-22,Delhi,Diesel,58.91
2017-12-22,Delhi,Petrol,69.5
2017-12-22,Kolkata,Diesel,61.57
2017-12-22,Kolkata,Petrol,72.26
2017-12-22,Mumbai,Diesel,62.28
2017-12-22,Mumbai,Petrol,77.4
2017-12-23,Chennai,Diesel,62.17
2017-12-23,Chennai,Petrol,72.12
2017-12-23,Delhi,Diesel,59.02
2017-12-23,Delhi,Petrol,69.58
2017-12-23,Kolkata,Diesel,61.68
2017-12-23,Kolkata,Petrol,72.34
2017-12-23,Mumbai,Diesel,62.39
2017-12-23,Mumbai,Petrol,77.48
2017-12-24,Chennai,Diesel,62.27
2017-12-24,Chennai,Petrol,72.09
2017-12-24,Delhi,Diesel,59.11
2017-12-24,Delhi,Petrol,69.56
2017-12-24,Kolkata,Diesel,61.77
2017-12-24,Kolkata,Petrol,72.32
2017-12-24,Mumbai,Diesel,62.51
2017-12-24,Mumbai,Petrol,77.46
2017-12-25,Chennai,Diesel,62.36
2017-12-25,Chennai,Petrol,72.19
2017-12-25,Delhi,Diesel,59.2
2017-12-25,Delhi,Petrol,69.65
2017-12-25,Kolkata,Diesel,61.86
2017-12-25,Kolkata,Petrol,72.4
2017-12-25,Mumbai,Diesel,62.62
2017-12-25,Mumbai,Petrol,77.55
2017-12-26,Chennai,Diesel,62.48
2017-12-26,Chennai,Petrol,72.17
2017-12-26,Delhi,Diesel,59.31
2017-12-26,Delhi,Petrol,69.63
2017-12-26,Kolkata,Diesel,61.97
2017-12-26,Kolkata,Petrol,72.39
2017-12-26,Mumbai,Diesel,62.75
2017-12-26,Mumbai,Petrol,77.53
2017-12-27,Chennai,Diesel,62.55
2017-12-27,Chennai,Petrol,72.26
2017-12-27,Delhi,Diesel,59.38
2017-12-27,Delhi,Petrol,69.72
2017-12-27,Kolkata,Diesel,62.04
2017-12-27,Kolkata,Petrol,72.47
2017-12-27,Mumbai,Diesel,62.85
2017-12-27,Mumbai,Petrol,77.62
2017-12-28,Chennai,Diesel,62.65
2017-12-28,Chennai,Petrol,72.36
2017-12-28,Delhi,Diesel,59.47
2017-12-28,Delhi,Petrol,69.81
2017-12-28,Kolkata,Diesel,62.13
2017-12-28,Kolkata,Petrol,72.56
2017-12-28,Mumbai,Diesel,62.97
2017-12-28,Mumbai,Petrol,77.71
2017-12-29,Chennai,Diesel,62.75
2017-12-29,Chennai,Petrol,72.45
2017-12-29,Delhi,Diesel,59.56
2017-12-29,Delhi,Petrol,69.9
2017-12-29,Kolkata,Diesel,62.22
2017-12-29,Kolkata,Petrol,72.65
2017-12-29,Mumbai,Diesel,63.1
2017-12-29,Mumbai,Petrol,77.8
2017-12-30,Chennai,Diesel,62.78
2017-12-30,Chennai,Petrol,72.49
2017-12-30,Delhi,Diesel,59.59
2017-12-30,Delhi,Petrol,69.94
2017-12-30,Kolkata,Diesel,62.25
2017-12-30,Kolkata,Petrol,72.69
2017-12-30,Mumbai,Diesel,63.19
2017-12-30,Mumbai,Petrol,77.84
2017-12-31,Chennai,Diesel,62.83
2017-12-31,Chennai,Petrol,72.53
2017-12-31,Delhi,Diesel,59.64
2017-12-31,Delhi,Petrol,69.97
2017-12-31,Kolkata,Diesel,62.3
2017-12-31,Kolkata,Petrol,72.72
2017-12-31,Mumbai,Diesel,63.27
2017-12-31,Mumbai,Petrol,77.87
2018-01-01,Chennai,Diesel,62.9
2018-01-01,Chennai,Petrol,72.53
2018-01-01,Delhi,Diesel,59.7
2018-01-01,Delhi,Petrol,69.97
2018-01-01,Kolkata,Diesel,62.36
2018-01-01,Kolkata,Petrol,72.72
2018-01-01,Mumbai,Diesel,63.35
2018-01-01,Mumbai,Petrol,77.87
2018-01-02,Chennai,Diesel,62.96
2018-01-02,Chennai,Petrol,72.53
2018-01-02,Delhi,Diesel,59.76
2018-01-02,Delhi,Petrol,69.97
2018-01-02,Kolkata,Diesel,62.42
2018-01-02,Kolkata,Petrol,72.72
2018-01-02,Mumbai,Diesel,63.43
2018-01-02,Mumbai,Petrol,77.87
2018-01-03,Chennai,Diesel,63.03
2018-01-03,Chennai,Petrol,72.53
2018-01-03,Delhi,Diesel,59.82
2018-01-03,Delhi,Petrol,69.97
2018-01-03,Kolkata,Diesel,62.48
2018-01-03,Kolkata,Petrol,72.72
2018-01-03,Mumbai,Diesel,63.51
2018-01-03,Mumbai,Petrol,77.87
2018-01-04,Chennai,Diesel,63.1
2018-01-04,Chennai,Petrol,72.53
2018-01-04,Delhi,Diesel,59.89
2018-01-04,Delhi,Petrol,69.97
2018-01-04,Kolkata,Diesel,62.55
2018-01-04,Kolkata,Petrol,72.72
2018-01-04,Mumbai,Diesel,63.59
2018-01-04,Mumbai,Petrol,77.87
2018-01-05,Chennai,Diesel,63.15
2018-01-05,Chennai,Petrol,72.55
2018-01-05,Delhi,Diesel,59.94
2018-01-05,Delhi,Petrol,69.99
2018-01-05,Kolkata,Diesel,62.6
2018-01-05,Kolkata,Petrol,72.74
2018-01-05,Mumbai,Diesel,63.67
2018-01-05,Mumbai,Petrol,77.89
2018-01-06,Chennai,Diesel,63.35
2018-01-06,Chennai,Petrol,72.69
2018-01-06,Delhi,Diesel,60.12
2018-01-06,Delhi,Petrol,70.13
2018-01-06,Kolkata,Diesel,62.78
2018-01-06,Kolkata,Petrol,72.88
2018-01-06,Mumbai,Diesel,63.87
2018-01-06,Mumbai,Petrol,78.02
2018-01-07,Chennai,Diesel,63.55
2018-01-07,Chennai,Petrol,72.85
2018-01-07,Delhi,Diesel,60.31
2018-01-07,Delhi,Petrol,70.28
2018-01-07,Kolkata,Diesel,62.97
2018-01-07,Kolkata,Petrol,73.02
2018-01-07,Mumbai,Diesel,64.08
2018-01-07,Mumbai,Petrol,78.17
2018-01-08,Chennai,Diesel,63.74
2018-01-08,Chennai,Petrol,73.01
2018-01-08,Delhi,Diesel,60.49
2018-01-08,Delhi,Petrol,70.43
2018-01-08,Kolkata,Diesel,63.15
2018-01-08,Kolkata,Petrol,73.17
2018-01-08,Mumbai,Diesel,64.28
2018-01-08,Mumbai,Petrol,78.32
2018-01-09,Chennai,Diesel,63.92
2018-01-09,Chennai,Petrol,73.12
2018-01-09,Delhi,Diesel,60.66
2018-01-09,Delhi,Petrol,70.53
2018-01-09,Kolkata,Diesel,63.32
2018-01-09,Kolkata,Petrol,73.27
2018-01-09,Mumbai,Diesel,64.48
2018-01-09,Mumbai,Petrol,78.42
2018-01-10,Chennai,Diesel,64.09
2018-01-10,Chennai,Petrol,73.21
2018-01-10,Delhi,Diesel,60.81
2018-01-10,Delhi,Petrol,70.62
2018-01-10,Kolkata,Diesel,63.47
2018-01-10,Kolkata,Petrol,73.36
2018-01-10,Mumbai,Diesel,64.67
2018-01-10,Mumbai,Petrol,78.51
2018-01-11,Chennai,Diesel,64.28
2018-01-11,Chennai,Petrol,73.25
2018-01-11,Delhi,Diesel,60.99
2018-01-11,Delhi,Petrol,70.66
2018-01-11,Kolkata,Diesel,63.65
2018-01-11,Kolkata,Petrol,73.4
2018-01-11,Mumbai,Diesel,64.88
2018-01-11,Mumbai,Petrol,78.55
2018-01-12,Chennai,Diesel,64.48
2018-01-12,Chennai,Petrol,73.33
2018-01-12,Delhi,Diesel,61.18
2018-01-12,Delhi,Petrol,70.73
2018-01-12,Kolkata,Diesel,63.84
2018-01-12,Kolkata,Petrol,73.47
2018-01-12,Mumbai,Diesel,65.1
2018-01-12,Mumbai,Petrol,78.62
2018-01-13,Chennai,Diesel,64.7
2018-01-13,Chennai,Petrol,73.53
2018-01-13,Delhi,Diesel,61.38
2018-01-13,Delhi,Petrol,70.92
2018-01-13,Kolkata,Diesel,64.04
2018-01-13,Kolkata,Petrol,73.65
2018-01-13,Mumbai,Diesel,65.32
2018-01-13,Mumbai,Petrol,78.81
2018-01-14,Chennai,Diesel,64.89
2018-01-14,Chennai,Petrol,73.67
2018-01-14,Delhi,Diesel,61.56
2018-01-14,Delhi,Petrol,71.06
2018-01-14,Kolkata,Diesel,64.22
2018-01-14,Kolkata,Petrol,73.79
2018-01-14,Mumbai,Diesel,65.53
2018-01-14,Mumbai,Petrol,78.94
2018-01-15,Chennai,Diesel,65.08
2018-01-15,Chennai,Petrol,73.8
2018-01-15,Delhi,Diesel,61.74
2018-01-15,Delhi,Petrol,71.18
2018-01-15,Kolkata,Diesel,64.4
2018-01-15,Kolkata,Petrol,73.91
2018-01-15,Mumbai,Diesel,65.74
2018-01-15,Mumbai,Petrol,79.06
2018-01-16,Chennai,Diesel,65.23
2018-01-16,Chennai,Petrol,73.89
2018-01-16,Delhi,Diesel,61.88
2018-01-16,Delhi,Petrol,71.27
2018-01-16,Kolkata,Diesel,64.54
2018-01-16,Kolkata,Petrol,74.0
2018-01-16,Mumbai,Diesel,65.9
2018-01-16,Mumbai,Petrol,79.15
2018-01-17,Chennai,Diesel,65.42
2018-01-17,Chennai,Petrol,74.02
2018-01-17,Delhi,Diesel,62.06
2018-01-17,Delhi,Petrol,71.39
2018-01-17,Kolkata,Diesel,64.72
2018-01-17,Kolkata,Petrol,74.11
2018-01-17,Mumbai,Diesel,66.09
2018-01-17,Mumbai,Petrol,79.27
2018-01-18,Chennai,Diesel,65.63
2018-01-18,Chennai,Petrol,74.2
2018-01-18,Delhi,Diesel,62.25
2018-01-18,Delhi,Petrol,71.56
2018-01-18,Kolkata,Diesel,64.91
2018-01-18,Kolkata,Petrol,74.28
2018-01-18,Mumbai,Diesel,66.3
2018-01-18,Mumbai,Petrol,79.44
2018-01-19,Chennai,Diesel,65.83
2018-01-19,Chennai,Petrol,74.35
2018-01-19,Delhi,Diesel,62.44
2018-01-19,Delhi,Petrol,71.7
2018-01-19,Kolkata,Diesel,65.1
2018-01-19,Kolkata,Petrol,74.42
2018-01-19,Mumbai,Diesel,66.5
2018-01-19,Mumbai,Petrol,79.58
2018-01-20,Chennai,Diesel,66.03
2018-01-20,Chennai,Petrol,74.55
2018-01-20,Delhi,Diesel,62.63
2018-01-20,Delhi,Petrol,71.89
2018-01-20,Kolkata,Diesel,65.29
2018-01-20,Kolkata,Petrol,74.6
2018-01-20,Mumbai,Diesel,66.7
2018-01-20,Mumbai,Petrol,79.77
2018-01-21,Chennai,Diesel,66.25
2018-01-21,Chennai,Petrol,74.75
2018-01-21,Delhi,Diesel,62.83
2018-01-21,Delhi,Petrol,72.08
2018-01-21,Kolkata,Diesel,65.49
2018-01-21,Kolkata,Petrol,74.79
2018-01-21,Mumbai,Diesel,66.91
2018-01-21,Mumbai,Petrol,79.95
2018-01-22,Chennai,Diesel,66.44
2018-01-22,Chennai,Petrol,74.91
2018-01-22,Delhi,Diesel,63.01
2018-01-22,Delhi,Petrol,72.23
2018-01-22,Kolkata,Diesel,65.67
2018-01-22,Kolkata,Petrol,74.94
2018-01-22,Mumbai,Diesel,67.1
2018-01-22,Mumbai,Petrol,80.1
2018-01-23,Chennai,Diesel,66.64
2018-01-23,Chennai,Petrol,75.06
2018-01-23,Delhi,Diesel,63.2
2018-01-23,Delhi,Petrol,72.38
2018-01-23,Kolkata,Diesel,65.86
2018-01-23,Kolkata,Petrol,75.09
2018-01-23,Mumbai,Diesel,67.3
2018-01-23,Mumbai,Petrol,80.25
2018-01-24,Chennai,Diesel,66.84
2018-01-24,Chennai,Petrol,75.12
2018-01-24,Delhi,Diesel,63.38
2018-01-24,Delhi,Petrol,72.43
2018-01-24,Kolkata,Diesel,66.04
2018-01-24,Kolkata,Petrol,75.13
2018-01-24,Mumbai,Diesel,67.5
2018-01-24,Mumbai,Petrol,80.3
2018-01-25,Chennai,Diesel,67.0
2018-01-25,Chennai,Petrol,75.18
2018-01-25,Delhi,Diesel,63.53
2018-01-25,Delhi,Petrol,72.49
2018-01-25,Kolkata,Diesel,66.2
2018-01-25,Kolkata,Petrol,75.19
2018-01-25,Mumbai,Diesel,67.65
2018-01-25,Mumbai,Petrol,80.36
2018-01-26,Chennai,Diesel,67.12
2018-01-26,Chennai,Petrol,75.33
2018-01-26,Delhi,Diesel,63.65
2018-01-26,Delhi,Petrol,72.63
2018-01-26,Kolkata,Diesel,66.32
2018-01-26,Kolkata,Petrol,75.33
2018-01-26,Mumbai,Diesel,67.78
2018-01-26,Mumbai,Petrol,80.5
2018-01-27,Chennai,Diesel,67.23
2018-01-27,Chennai,Petrol,75.42
2018-01-27,Delhi,Diesel,63.75
2018-01-27,Delhi,Petrol,72.72
2018-01-27,Kolkata,Diesel,66.42
2018-01-27,Kolkata,Petrol,75.42
2018-01-27,Mumbai,Diesel,67.89
2018-01-27,Mumbai,Petrol,80.59
2018-01-28,Chennai,Diesel,67.34
2018-01-28,Chennai,Petrol,75.47
2018-01-28,Delhi,Diesel,63.85
2018-01-28,Delhi,Petrol,72.77
2018-01-28,Kolkata,Diesel,66.52
2018-01-28,Kolkata,Petrol,75.47
2018-01-28,Mumbai,Diesel,67.99
2018-01-28,Mumbai,Petrol,80.64
2018-01-29,Chennai,Diesel,67.42
2018-01-29,Chennai,Petrol,75.55
2018-01-29,Delhi,Diesel,63.93
2018-01-29,Delhi,Petrol,72.84
2018-01-29,Kolkata,Diesel,66.6
2018-01-29,Kolkata,Petrol,75.54
2018-01-29,Mumbai,Diesel,68.08
2018-01-29,Mumbai,Petrol,80.71
2018-01-30,Chennai,Diesel,67.5
2018-01-30,Chennai,Petrol,75.63
2018-01-30,Delhi,Diesel,64.0
2018-01-30,Delhi,Petrol,72.92
2018-01-30,Kolkata,Diesel,66.67
2018-01-30,Kolkata,Petrol,75.62
2018-01-30,Mumbai,Diesel,68.15
2018-01-30,Mumbai,Petrol,80.79
2018-01-31,Chennai,Diesel,67.5
2018-01-31,Chennai,Petrol,75.63
2018-01-31,Delhi,Diesel,64.0
2018-01-31,Delhi,Petrol,72.92
2018-01-31,Kolkata,Diesel,66.67
2018-01-31,Kolkata,Petrol,75.62
2018-01-31,Mumbai,Diesel,68.15
2018-01-31,Mumbai,Petrol,80.79
2018-02-01,Chennai,Diesel,67.62
2018-02-01,Chennai,Petrol,75.77
2018-02-01,Delhi,Diesel,64.11
2018-02-01,Delhi,Petrol,73.05
2018-02-01,Kolkata,Diesel,66.78
2018-02-01,Kolkata,Petrol,75.74
2018-02-01,Mumbai,Diesel,68.27
2018-02-01,Mumbai,Petrol,80.91
2018-02-02,Chennai,Diesel,67.62
2018-02-02,Chennai,Petrol,75.82
2018-02-02,Delhi,Diesel,64.11
2018-02-02,Delhi,Petrol,73.1
2018-02-02,Kolkata,Diesel,66.78
2018-02-02,Kolkata,Petrol,75.79
2018-02-02,Mumbai,Diesel,68.27
2018-02-02,Mumbai,Petrol,80.96
2018-02-03,Chennai,Diesel,67.57
2018-02-03,Chennai,Petrol,75.81
2018-02-03,Delhi,Diesel,64.07
2018-02-03,Delhi,Petrol,73.09
2018-02-03,Kolkata,Diesel,66.74
2018-02-03,Kolkata,Petrol,75.78
2018-02-03,Mumbai,Diesel,68.23
2018-02-03,Mumbai,Petrol,80.95
2018-02-04,Chennai,Diesel,67.57
2018-02-04,Chennai,Petrol,75.88
2018-02-04,Delhi,Diesel,64.07
2018-02-04,Delhi,Petrol,73.16
2018-02-04,Kolkata,Diesel,66.74
2018-02-04,Kolkata,Petrol,75.85
2018-02-04,Mumbai,Diesel,68.23
2018-02-04,Mumbai,Petrol,81.02
2018-02-05,Chennai,Diesel,67.65
2018-02-05,Chennai,Petrol,76.04
2018-02-05,Delhi,Diesel,64.14
2018-02-05,Delhi,Petrol,73.31
2018-02-05,Kolkata,Diesel,66.81
2018-02-05,Kolkata,Petrol,76.0
2018-02-05,Mumbai,Diesel,68.3
2018-02-05,Mumbai,Petrol,81.17
2018-02-06,Chennai,Diesel,67.73
2018-02-06,Chennai,Petrol,76.12
2018-02-06,Delhi,Diesel,64.22
2018-02-06,Delhi,Petrol,73.38
2018-02-06,Kolkata,Diesel,66.89
2018-02-06,Kolkata,Petrol,76.07
2018-02-06,Mumbai,Diesel,68.39
2018-02-06,Mumbai,Petrol,81.24
2018-02-07,Chennai,Diesel,67.73
2018-02-07,Chennai,Petrol,76.12
2018-02-07,Delhi,Diesel,64.22
2018-02-07,Delhi,Petrol,73.38
2018-02-07,Kolkata,Diesel,66.89
2018-02-07,Kolkata,Petrol,76.07
2018-02-07,Mumbai,Diesel,68.39
2018-02-07,Mumbai,Petrol,81.24
2018-02-08,Chennai,Diesel,67.66
2018-02-08,Chennai,Petrol,76.11
2018-02-08,Delhi,Diesel,64.15
2018-02-08,Delhi,Petrol,73.37
2018-02-08,Kolkata,Diesel,66.82
2018-02-08,Kolkata,Petrol,76.06
2018-02-08,Mumbai,Diesel,68.31
2018-02-08,Mumbai,Petrol,81.23
2018-02-09,Chennai,Diesel,67.62
2018-02-09,Chennai,Petrol,76.08
2018-02-09,Delhi,Diesel,64.11
2018-02-09,Delhi,Petrol,73.35
2018-02-09,Kolkata,Diesel,66.78
2018-02-09,Kolkata,Petrol,76.04
2018-02-09,Mumbai,Diesel,68.27
2018-02-09,Mumbai,Petrol,81.21
2018-02-10,Chennai,Diesel,67.55
2018-02-10,Chennai,Petrol,76.06
2018-02-10,Delhi,Diesel,64.05
2018-02-10,Delhi,Petrol,73.33
2018-02-10,Kolkata,Diesel,66.72
2018-02-10,Kolkata,Petrol,76.02
2018-02-10,Mumbai,Diesel,68.21
2018-02-10,Mumbai,Petrol,81.19
2018-02-11,Chennai,Diesel,67.39
2018-02-11,Chennai,Petrol,75.95
2018-02-11,Delhi,Diesel,63.9
2018-02-11,Delhi,Petrol,73.22
2018-02-11,Kolkata,Diesel,66.57
2018-02-11,Kolkata,Petrol,75.91
2018-02-11,Mumbai,Diesel,68.05
2018-02-11,Mumbai,Petrol,81.08
2018-02-12,Chennai,Diesel,67.09
2018-02-12,Chennai,Petrol,75.73
2018-02-12,Delhi,Diesel,63.62
2018-02-12,Delhi,Petrol,73.01
2018-02-12,Kolkata,Diesel,66.29
2018-02-12,Kolkata,Petrol,75.7
2018-02-12,Mumbai,Diesel,67.75
2018-02-12,Mumbai,Petrol,80.87
2018-02-13,Chennai,Diesel,66.96
2018-02-13,Chennai,Petrol,75.65
2018-02-13,Delhi,Diesel,63.5
2018-02-13,Delhi,Petrol,72.94
2018-02-13,Kolkata,Diesel,66.17
2018-02-13,Kolkata,Petrol,75.64
2018-02-13,Mumbai,Diesel,67.62
2018-02-13,Mumbai,Petrol,80.81
2018-02-14,Chennai,Diesel,66.96
2018-02-14,Chennai,Petrol,75.65
2018-02-14,Delhi,Diesel,63.5
2018-02-14,Delhi,Petrol,72.94
2018-02-14,Kolkata,Diesel,66.17
2018-02-14,Kolkata,Petrol,75.64
2018-02-14,Mumbai,Diesel,67.62
2018-02-14,Mumbai,Petrol,80.81
2018-02-15,Chennai,Diesel,66.77
2018-02-15,Chennai,Petrol,75.49
2018-02-15,Delhi,Diesel,63.32
2018-02-15,Delhi,Petrol,72.79
2018-02-15,Kolkata,Diesel,65.98
2018-02-15,Kolkata,Petrol,75.49
2018-02-15,Mumbai,Diesel,67.43
2018-02-15,Mumbai,Petrol,80.66
2018-02-16,Chennai,Diesel,66.45
2018-02-16,Chennai,Petrol,75.21
2018-02-16,Delhi,Diesel,63.02
2018-02-16,Delhi,Petrol,72.52
2018-02-16,Kolkata,Diesel,65.68
2018-02-16,Kolkata,Petrol,75.22
2018-02-16,Mumbai,Diesel,67.11
2018-02-16,Mumbai,Petrol,80.39
2018-02-17,Chennai,Diesel,66.17
2018-02-17,Chennai,Petrol,74.91
2018-02-17,Delhi,Diesel,62.76
2018-02-17,Delhi,Petrol,72.23
2018-02-17,Kolkata,Diesel,65.42
2018-02-17,Kolkata,Petrol,74.94
2018-02-17,Mumbai,Diesel,66.84
2018-02-17,Mumbai,Petrol,80.1
2018-02-18,Chennai,Diesel,65.96
2018-02-18,Chennai,Petrol,74.74
2018-02-18,Delhi,Diesel,62.56
2018-02-18,Delhi,Petrol,72.07
2018-02-18,Kolkata,Diesel,65.22
2018-02-18,Kolkata,Petrol,74.78
2018-02-18,Mumbai,Diesel,66.62
2018-02-18,Mumbai,Petrol,79.94
2018-02-19,Chennai,Diesel,65.83
2018-02-19,Chennai,Petrol,74.58
2018-02-19,Delhi,Diesel,62.44
2018-02-19,Delhi,Petrol,71.92
2018-02-19,Kolkata,Diesel,65.1
2018-02-19,Kolkata,Petrol,74.63
2018-02-19,Mumbai,Diesel,66.5
2018-02-19,Mumbai,Petrol,79.8
2018-02-20,Chennai,Diesel,65.67
2018-02-20,Chennai,Petrol,74.38
2018-02-20,Delhi,Diesel,62.29
2018-02-20,Delhi,Petrol,71.73
2018-02-20,Kolkata,Diesel,64.95
2018-02-20,Kolkata,Petrol,74.45
2018-02-20,Mumbai,Diesel,66.34
2018-02-20,Mumbai,Petrol,79.61
2018-02-21,Chennai,Diesel,65.68
2018-02-21,Chennai,Petrol,74.37
2018-02-21,Delhi,Diesel,62.3
2018-02-21,Delhi,Petrol,71.72
2018-02-21,Kolkata,Diesel,64.96
2018-02-21,Kolkata,Petrol,74.44
2018-02-21,Mumbai,Diesel,66.35
2018-02-21,Mumbai,Petrol,79.6
2018-02-22,Chennai,Diesel,65.67
2018-02-22,Chennai,Petrol,74.35
2018-02-22,Delhi,Diesel,62.29
2018-02-22,Delhi,Petrol,71.7
2018-02-22,Kolkata,Diesel,64.98
2018-02-22,Kolkata,Petrol,74.45
2018-02-22,Mumbai,Diesel,66.34
2018-02-22,Mumbai,Petrol,79.58
2018-02-23,Chennai,Diesel,65.58
2018-02-23,Chennai,Petrol,74.25
2018-02-23,Delhi,Diesel,62.21
2018-02-23,Delhi,Petrol,71.61
2018-02-23,Kolkata,Diesel,64.9
2018-02-23,Kolkata,Petrol,74.36
2018-02-23,Mumbai,Diesel,66.25
2018-02-23,Mumbai,Petrol,79.49
2018-02-24,Chennai,Diesel,65.51
2018-02-24,Chennai,Petrol,74.16
2018-02-24,Delhi,Diesel,62.14
2018-02-24,Delhi,Petrol,71.52
2018-02-24,Kolkata,Diesel,64.83
2018-02-24,Kolkata,Petrol,74.27
2018-02-24,Mumbai,Diesel,66.18
2018-02-24,Mumbai,Petrol,79.4
2018-02-25,Chennai,Diesel,65.49
2018-02-25,Chennai,Petrol,74.14
2018-02-25,Delhi,Diesel,62.12
2018-02-25,Delhi,Petrol,71.5
2018-02-25,Kolkata,Diesel,64.81
2018-02-25,Kolkata,Petrol,74.25
2018-02-25,Mumbai,Diesel,66.16
2018-02-25,Mumbai,Petrol,79.38
2018-02-26,Chennai,Diesel,65.54
2018-02-26,Chennai,Petrol,74.17
2018-02-26,Delhi,Diesel,62.17
2018-02-26,Delhi,Petrol,71.53
2018-02-26,Kolkata,Diesel,64.86
2018-02-26,Kolkata,Petrol,74.28
2018-02-26,Mumbai,Diesel,66.21
2018-02-26,Mumbai,Petrol,79.41
2018-02-27,Chennai,Diesel,65.52
2018-02-27,Chennai,Petrol,74.15
2018-02-27,Delhi,Diesel,62.15
2018-02-27,Delhi,Petrol,71.51
2018-02-27,Kolkata,Diesel,64.84
2018-02-27,Kolkata,Petrol,74.26
2018-02-27,Mumbai,Diesel,66.19
2018-02-27,Mumbai,Petrol,79.39
2018-02-28,Chennai,Diesel,65.52
2018-02-28,Chennai,Petrol,74.15
2018-02-28,Delhi,Diesel,62.15
2018-02-28,Delhi,Petrol,71.51
2018-02-28,Kolkata,Diesel,64.84
2018-02-28,Kolkata,Petrol,74.26
2018-02-28,Mumbai,Diesel,66.19
2018-02-28,Mumbai,Petrol,79.39
2018-03-01,Chennai,Diesel,65.63
2018-03-01,Chennai,Petrol,74.21
2018-03-01,Delhi,Diesel,62.25
2018-03-01,Delhi,Petrol,71.57
2018-03-01,Kolkata,Diesel,64.94
2018-03-01,Kolkata,Petrol,74.32
2018-03-01,Mumbai,Diesel,66.3
2018-03-01,Mumbai,Petrol,79.45
2018-03-02,Chennai,Diesel,65.87
2018-03-02,Chennai,Petrol,74.4
2018-03-02,Delhi,Diesel,62.48
2018-03-02,Delhi,Petrol,71.75
2018-03-02,Kolkata,Diesel,65.17
2018-03-02,Kolkata,Petrol,74.5
2018-03-02,Mumbai,Diesel,66.54
2018-03-02,Mumbai,Petrol,79.63
2018-03-03,Chennai,Diesel,66.1
2018-03-03,Chennai,Petrol,74.66
2018-03-03,Delhi,Diesel,62.69
2018-03-03,Delhi,Petrol,72.0
2018-03-03,Kolkata,Diesel,65.38
2018-03-03,Kolkata,Petrol,74.74
2018-03-03,Mumbai,Diesel,66.76
2018-03-03,Mumbai,Petrol,79.87
2018-03-04,Chennai,Diesel,66.3
2018-03-04,Chennai,Petrol,74.94
2018-03-04,Delhi,Diesel,62.88
2018-03-04,Delhi,Petrol,72.26
2018-03-04,Kolkata,Diesel,65.57
2018-03-04,Kolkata,Petrol,75.0
2018-03-04,Mumbai,Diesel,66.96
2018-03-04,Mumbai,Petrol,80.13
2018-03-05,Chennai,Diesel,66.31
2018-03-05,Chennai,Petrol,75.0
2018-03-05,Delhi,Diesel,62.89
2018-03-05,Delhi,Petrol,72.32
2018-03-05,Kolkata,Diesel,65.58
2018-03-05,Kolkata,Petrol,75.06
2018-03-05,Mumbai,Diesel,66.97
2018-03-05,Mumbai,Petrol,80.19
2018-03-06,Chennai,Diesel,66.39
2018-03-06,Chennai,Petrol,75.07
2018-03-06,Delhi,Diesel,62.96
2018-03-06,Delhi,Petrol,72.39
2018-03-06,Kolkata,Diesel,65.65
2018-03-06,Kolkata,Petrol,75.12
2018-03-06,Mumbai,Diesel,67.05
2018-03-06,Mumbai,Petrol,80.26
2018-03-07,Chennai,Diesel,66.39
2018-03-07,Chennai,Petrol,75.07
2018-03-07,Delhi,Diesel,62.96
2018-03-07,Delhi,Petrol,72.39
2018-03-07,Kolkata,Diesel,65.65
2018-03-07,Kolkata,Petrol,75.12
2018-03-07,Mumbai,Diesel,67.05
2018-03-07,Mumbai,Petrol,80.26
2018-03-08,Chennai,Diesel,66.33
2018-03-08,Chennai,Petrol,75.07
2018-03-08,Delhi,Diesel,62.91
2018-03-08,Delhi,Petrol,72.39
2018-03-08,Kolkata,Diesel,65.6
2018-03-08,Kolkata,Petrol,75.12
2018-03-08,Mumbai,Diesel,67.0
2018-03-08,Mumbai,Petrol,80.26
2018-03-09,Chennai,Diesel,66.3
2018-03-09,Chennai,Petrol,75.12
2018-03-09,Delhi,Diesel,62.88
2018-03-09,Delhi,Petrol,72.43
2018-03-09,Kolkata,Diesel,65.57
2018-03-09,Kolkata,Petrol,75.16
2018-03-09,Mumbai,Diesel,66.96
2018-03-09,Mumbai,Petrol,80.3
2018-03-10,Chennai,Diesel,66.3
2018-03-10,Chennai,Petrol,75.15
2018-03-10,Delhi,Diesel,62.88
2018-03-10,Delhi,Petrol,72.46
2018-03-10,Kolkata,Diesel,65.57
2018-03-10,Kolkata,Petrol,75.19
2018-03-10,Mumbai,Diesel,66.96
2018-03-10,Mumbai,Petrol,80.33
2018-03-11,Chennai,Diesel,66.31
2018-03-11,Chennai,Petrol,75.17
2018-03-11,Delhi,Diesel,62.89
2018-03-11,Delhi,Petrol,72.48
2018-03-11,Kolkata,Diesel,65.58
2018-03-11,Kolkata,Petrol,75.21
2018-03-11,Mumbai,Diesel,66.97
2018-03-11,Mumbai,Petrol,80.35
2018-03-12,Chennai,Diesel,66.29
2018-03-12,Chennai,Petrol,75.14
2018-03-12,Delhi,Diesel,62.87
2018-03-12,Delhi,Petrol,72.45
2018-03-12,Kolkata,Diesel,65.56
2018-03-12,Kolkata,Petrol,75.18
2018-03-12,Mumbai,Diesel,66.95
2018-03-12,Mumbai,Petrol,80.32
2018-03-13,Chennai,Diesel,66.27
2018-03-13,Chennai,Petrol,75.16
2018-03-13,Delhi,Diesel,62.85
2018-03-13,Delhi,Petrol,72.47
2018-03-13,Kolkata,Diesel,65.54
2018-03-13,Kolkata,Petrol,75.2
2018-03-13,Mumbai,Diesel,66.93
2018-03-13,Mumbai,Petrol,80.34
2018-03-14,Chennai,Diesel,66.27
2018-03-14,Chennai,Petrol,75.16
2018-03-14,Delhi,Diesel,62.85
2018-03-14,Delhi,Petrol,72.47
2018-03-14,Kolkata,Diesel,65.54
2018-03-14,Kolkata,Petrol,75.2
2018-03-14,Mumbai,Diesel,66.93
2018-03-14,Mumbai,Petrol,80.34
2018-03-15,Chennai,Diesel,66.29
2018-03-15,Chennai,Petrol,75.14
2018-03-15,Delhi,Diesel,62.87
2018-03-15,Delhi,Petrol,72.45
2018-03-15,Kolkata,Diesel,65.56
2018-03-15,Kolkata,Petrol,75.18
2018-03-15,Mumbai,Diesel,66.95
2018-03-15,Mumbai,Petrol,80.32
2018-03-16,Chennai,Diesel,66.23
2018-03-16,Chennai,Petrol,75.05
2018-03-16,Delhi,Diesel,62.81
2018-03-16,Delhi,Petrol,72.37
2018-03-16,Kolkata,Diesel,65.5
2018-03-16,Kolkata,Petrol,75.1
2018-03-16,Mumbai,Diesel,66.89
2018-03-16,Mumbai,Petrol,80.24
2018-03-17,Chennai,Diesel,66.15
2018-03-17,Chennai,Petrol,74.95
2018-03-17,Delhi,Diesel,62.74
2018-03-17,Delhi,Petrol,72.27
2018-03-17,Kolkata,Diesel,65.43
2018-03-17,Kolkata,Petrol,75.01
2018-03-17,Mumbai,Diesel,66.82
2018-03-17,Mumbai,Petrol,80.14
2018-03-18,Chennai,Diesel,66.12
2018-03-18,Chennai,Petrol,74.87
2018-03-18,Delhi,Diesel,62.71
2018-03-18,Delhi,Petrol,72.2
2018-03-18,Kolkata,Diesel,65.4
2018-03-18,Kolkata,Petrol,74.94
2018-03-18,Mumbai,Diesel,66.78
2018-03-18,Mumbai,Petrol,80.07
2018-03-19,Chennai,Diesel,66.14
2018-03-19,Chennai,Petrol,74.86
2018-03-19,Delhi,Diesel,62.73
2018-03-19,Delhi,Petrol,72.19
2018-03-19,Kolkata,Diesel,65.42
2018-03-19,Kolkata,Petrol,74.93
2018-03-19,Mumbai,Diesel,66.81
2018-03-19,Mumbai,Petrol,80.06
2018-03-20,Chennai,Diesel,66.21
2018-03-20,Chennai,Petrol,74.87
2018-03-20,Delhi,Diesel,62.8
2018-03-20,Delhi,Petrol,72.2
2018-03-20,Kolkata,Diesel,65.49
2018-03-20,Kolkata,Petrol,74.94
2018-03-20,Mumbai,Diesel,66.88
2018-03-20,Mumbai,Petrol,80.07
2018-03-21,Chennai,Diesel,66.21
2018-03-21,Chennai,Petrol,74.87
2018-03-21,Delhi,Diesel,62.8
2018-03-21,Delhi,Petrol,72.2
2018-03-21,Kolkata,Diesel,65.49
2018-03-21,Kolkata,Petrol,74.94
2018-03-21,Mumbai,Diesel,66.88
2018-03-21,Mumbai,Petrol,80.07
2018-03-22,Chennai,Diesel,66.3
2018-03-22,Chennai,Petrol,74.94
2018-03-22,Delhi,Diesel,62.88
2018-03-22,Delhi,Petrol,72.26
2018-03-22,Kolkata,Diesel,65.57
2018-03-22,Kolkata,Petrol,75.0
2018-03-22,Mumbai,Diesel,66.96
2018-03-22,Mumbai,Petrol,80.13
2018-03-23,Chennai,Diesel,66.44
2018-03-23,Chennai,Petrol,74.98
2018-03-23,Delhi,Diesel,63.01
2018-03-23,Delhi,Petrol,72.3
2018-03-23,Kolkata,Diesel,65.7
2018-03-23,Kolkata,Petrol,75.04
2018-03-23,Mumbai,Diesel,67.1
2018-03-23,Mumbai,Petrol,80.17
2018-03-24,Chennai,Diesel,66.64
2018-03-24,Chennai,Petrol,75.06
2018-03-24,Delhi,Diesel,63.2
2018-03-24,Delhi,Petrol,72.38
2018-03-24,Kolkata,Diesel,65.89
2018-03-24,Kolkata,Petrol,75.11
2018-03-24,Mumbai,Diesel,67.3
2018-03-24,Mumbai,Petrol,80.25
2018-03-25,Chennai,Diesel,66.89
2018-03-25,Chennai,Petrol,75.24
2018-03-25,Delhi,Diesel,63.43
2018-03-25,Delhi,Petrol,72.55
2018-03-25,Kolkata,Diesel,66.12
2018-03-25,Kolkata,Petrol,75.28
2018-03-25,Mumbai,Diesel,67.55
2018-03-25,Mumbai,Petrol,80.42
2018-03-26,Chennai,Diesel,67.14
2018-03-26,Chennai,Petrol,75.49
2018-03-26,Delhi,Diesel,63.66
2018-03-26,Delhi,Petrol,72.79
2018-03-26,Kolkata,Diesel,66.35
2018-03-26,Kolkata,Petrol,75.52
2018-03-26,Mumbai,Diesel,67.79
2018-03-26,Mumbai,Petrol,80.66
2018-03-27,Chennai,Diesel,67.25
2018-03-27,Chennai,Petrol,75.61
2018-03-27,Delhi,Diesel,63.77
2018-03-27,Delhi,Petrol,72.9
2018-03-27,Kolkata,Diesel,66.46
2018-03-27,Kolkata,Petrol,75.63
2018-03-27,Mumbai,Diesel,67.91
2018-03-27,Mumbai,Petrol,80.77
2018-03-28,Chennai,Diesel,67.25
2018-03-28,Chennai,Petrol,75.61
2018-03-28,Delhi,Diesel,63.77
2018-03-28,Delhi,Petrol,72.9
2018-03-28,Kolkata,Diesel,66.46
2018-03-28,Kolkata,Petrol,75.63
2018-03-28,Mumbai,Diesel,67.91
2018-03-28,Mumbai,Petrol,80.77
2018-03-29,Chennai,Diesel,67.41
2018-03-29,Chennai,Petrol,75.8
2018-03-29,Delhi,Diesel,63.92
2018-03-29,Delhi,Petrol,73.08
2018-03-29,Kolkata,Diesel,66.61
2018-03-29,Kolkata,Petrol,75.8
2018-03-29,Mumbai,Diesel,68.07
2018-03-29,Mumbai,Petrol,80.94
2018-03-30,Chennai,Diesel,67.65
2018-03-30,Chennai,Petrol,76.04
2018-03-30,Delhi,Diesel,64.14
2018-03-30,Delhi,Petrol,73.31
2018-03-30,Kolkata,Diesel,66.83
2018-03-30,Kolkata,Petrol,76.03
2018-03-30,Mumbai,Diesel,68.3
2018-03-30,Mumbai,Petrol,81.17
2018-03-31,Chennai,Diesel,67.93
2018-03-31,Chennai,Petrol,76.29
2018-03-31,Delhi,Diesel,64.4
2018-03-31,Delhi,Petrol,73.55
2018-03-31,Kolkata,Diesel,67.09
2018-03-31,Kolkata,Petrol,76.26
2018-03-31,Mumbai,Diesel,68.58
2018-03-31,Mumbai,Petrol,81.41
2018-04-01,Chennai,Diesel,68.12
2018-04-01,Chennai,Petrol,76.48
2018-04-01,Delhi,Diesel,64.58
2018-04-01,Delhi,Petrol,73.73
2018-04-01,Kolkata,Diesel,67.27
2018-04-01,Kolkata,Petrol,76.44
2018-04-01,Mumbai,Diesel,68.77
2018-04-01,Mumbai,Petrol,81.59
2018-04-02,Chennai,Diesel,68.24
2018-04-02,Chennai,Petrol,76.59
2018-04-02,Delhi,Diesel,64.69
2018-04-02,Delhi,Petrol,73.83
2018-04-02,Kolkata,Diesel,67.38
2018-04-02,Kolkata,Petrol,76.54
2018-04-02,Mumbai,Diesel,68.89
2018-04-02,Mumbai,Petrol,81.69
2018-04-03,Chennai,Diesel,68.38
2018-04-03,Chennai,Petrol,76.72
2018-04-03,Delhi,Diesel,64.82
2018-04-03,Delhi,Petrol,73.95
2018-04-03,Kolkata,Diesel,67.51
2018-04-03,Kolkata,Petrol,76.66
2018-04-03,Mumbai,Diesel,69.02
2018-04-03,Mumbai,Petrol,81.8
2018-04-04,Chennai,Diesel,68.38
2018-04-04,Chennai,Petrol,76.72
2018-04-04,Delhi,Diesel,64.82
2018-04-04,Delhi,Petrol,73.95
2018-04-04,Kolkata,Diesel,67.51
2018-04-04,Kolkata,Petrol,76.66
2018-04-04,Mumbai,Diesel,69.02
2018-04-04,Mumbai,Petrol,81.8
2018-04-05,Chennai,Diesel,68.41
2018-04-05,Chennai,Petrol,76.75
2018-04-05,Delhi,Diesel,64.85
2018-04-05,Delhi,Petrol,73.98
2018-04-05,Kolkata,Diesel,67.54
2018-04-05,Kolkata,Petrol,76.69
2018-04-05,Mumbai,Diesel,69.06
2018-04-05,Mumbai,Petrol,81.83
2018-04-06,Chennai,Diesel,68.44
2018-04-06,Chennai,Petrol,76.75
2018-04-06,Delhi,Diesel,64.88
2018-04-06,Delhi,Petrol,73.98
2018-04-06,Kolkata,Diesel,67.57
2018-04-06,Kolkata,Petrol,76.69
2018-04-06,Mumbai,Diesel,69.09
2018-04-06,Mumbai,Petrol,81.83
2018-04-07,Chennai,Diesel,68.48
2018-04-07,Chennai,Petrol,76.77
2018-04-07,Delhi,Diesel,64.92
2018-04-07,Delhi,Petrol,74.0
2018-04-07,Kolkata,Diesel,67.61
2018-04-07,Kolkata,Petrol,76.71
2018-04-07,Mumbai,Diesel,69.13
2018-04-07,Mumbai,Petrol,81.85
2018-04-08,Chennai,Diesel,68.53
2018-04-08,Chennai,Petrol,76.8
2018-04-08,Delhi,Diesel,64.96
2018-04-08,Delhi,Petrol,74.03
2018-04-08,Kolkata,Diesel,67.65
2018-04-08,Kolkata,Petrol,76.73
2018-04-08,Mumbai,Diesel,69.17
2018-04-08,Mumbai,Petrol,81.88
2018-04-09,Chennai,Diesel,68.49
2018-04-09,Chennai,Petrol,76.76
2018-04-09,Delhi,Diesel,64.93
2018-04-09,Delhi,Petrol,73.99
2018-04-09,Kolkata,Diesel,67.62
2018-04-09,Kolkata,Petrol,76.7
2018-04-09,Mumbai,Diesel,69.14
2018-04-09,Mumbai,Petrol,81.84
2018-04-10,Chennai,Diesel,68.53
2018-04-10,Chennai,Petrol,76.75
2018-04-10,Delhi,Diesel,64.96
2018-04-10,Delhi,Petrol,73.98
2018-04-10,Kolkata,Diesel,67.65
2018-04-10,Kolkata,Petrol,76.69
2018-04-10,Mumbai,Diesel,69.17
2018-04-10,Mumbai,Petrol,81.83
2018-04-11,Chennai,Diesel,68.53
2018-04-11,Chennai,Petrol,76.75
2018-04-11,Delhi,Diesel,64.96
2018-04-11,Delhi,Petrol,73.98
2018-04-11,Kolkata,Diesel,67.65
2018-04-11,Kolkata,Petrol,76.69
2018-04-11,Mumbai,Diesel,69.17
2018-04-11,Mumbai,Petrol,81.83
2018-04-12,Chennai,Diesel,68.49
2018-04-12,Chennai,Petrol,76.71
2018-04-12,Delhi,Diesel,64.93
2018-04-12,Delhi,Petrol,73.94
2018-04-12,Kolkata,Diesel,67.62
2018-04-12,Kolkata,Petrol,76.65
2018-04-12,Mumbai,Diesel,69.14
2018-04-12,Mumbai,Petrol,81.8
2018-04-13,Chennai,Diesel,68.53
2018-04-13,Chennai,Petrol,76.67
2018-04-13,Delhi,Diesel,64.96
2018-04-13,Delhi,Petrol,73.91
2018-04-13,Kolkata,Diesel,67.65
2018-04-13,Kolkata,Petrol,76.62
2018-04-13,Mumbai,Diesel,69.17
2018-04-13,Mumbai,Petrol,81.77
2018-04-14,Chennai,Diesel,68.58
2018-04-14,Chennai,Petrol,76.69
2018-04-14,Delhi,Diesel,65.01
2018-04-14,Delhi,Petrol,73.93
2018-04-14,Kolkata,Diesel,67.7
2018-04-14,Kolkata,Petrol,76.64
2018-04-14,Mumbai,Diesel,69.23
2018-04-14,Mumbai,Petrol,81.79
2018-04-15,Chennai,Diesel,68.67
2018-04-15,Chennai,Petrol,76.75
2018-04-15,Delhi,Diesel,65.09
2018-04-15,Delhi,Petrol,73.98
2018-04-15,Kolkata,Diesel,67.78
2018-04-15,Kolkata,Petrol,76.69
2018-04-15,Mumbai,Diesel,69.31
2018-04-15,Mumbai,Petrol,81.83
2018-04-16,Chennai,Diesel,68.76
2018-04-16,Chennai,Petrol,76.79
2018-04-16,Delhi,Diesel,65.18
2018-04-16,Delhi,Petrol,74.02
2018-04-16,Kolkata,Diesel,67.88
2018-04-16,Kolkata,Petrol,76.73
2018-04-16,Mumbai,Diesel,69.41
2018-04-16,Mumbai,Petrol,81.87
2018-04-17,Chennai,Diesel,68.76
2018-04-17,Chennai,Petrol,76.79
2018-04-17,Delhi,Diesel,65.18
2018-04-17,Delhi,Petrol,74.02
2018-04-17,Kolkata,Diesel,67.88
2018-04-17,Kolkata,Petrol,76.73
2018-04-17,Mumbai,Diesel,69.41
2018-04-17,Mumbai,Petrol,81.87
2018-04-18,Chennai,Diesel,68.76
2018-04-18,Chennai,Petrol,76.79
2018-04-18,Delhi,Diesel,65.18
2018-04-18,Delhi,Petrol,74.02
2018-04-18,Kolkata,Diesel,67.88
2018-04-18,Kolkata,Petrol,76.73
2018-04-18,Mumbai,Diesel,69.41
2018-04-18,Mumbai,Petrol,81.87
2018-04-19,Chennai,Diesel,68.86
2018-04-19,Chennai,Petrol,76.84
2018-04-19,Delhi,Diesel,65.27
2018-04-19,Delhi,Petrol,74.07
2018-04-19,Kolkata,Diesel,67.97
2018-04-19,Kolkata,Petrol,76.77
2018-04-19,Mumbai,Diesel,69.5
2018-04-19,Mumbai,Petrol,81.92
2018-04-20,Chennai,Diesel,68.9
2018-04-20,Chennai,Petrol,76.85
2018-04-20,Delhi,Diesel,65.31
2018-04-20,Delhi,Petrol,74.08
2018-04-20,Kolkata,Diesel,68.01
2018-04-20,Kolkata,Petrol,76.78
2018-04-20,Mumbai,Diesel,69.54
2018-04-20,Mumbai,Petrol,81.93
2018-04-21,Chennai,Diesel,69.06
2018-04-21,Chennai,Petrol,76.99
2018-04-21,Delhi,Diesel,65.46
2018-04-21,Delhi,Petrol,74.21
2018-04-21,Kolkata,Diesel,68.16
2018-04-21,Kolkata,Petrol,76.91
2018-04-21,Mumbai,Diesel,69.7
2018-04-21,Mumbai,Petrol,82.06
2018-04-22,Chennai,Diesel,69.27
2018-04-22,Chennai,Petrol,77.19
2018-04-22,Delhi,Diesel,65.65
2018-04-22,Delhi,Petrol,74.4
2018-04-22,Kolkata,Diesel,68.35
2018-04-22,Kolkata,Petrol,77.1
2018-04-22,Mumbai,Diesel,69.91
2018-04-22,Mumbai,Petrol,82.25
2018-04-23,Chennai,Diesel,69.37
2018-04-23,Chennai,Petrol,77.29
2018-04-23,Delhi,Diesel,65.75
2018-04-23,Delhi,Petrol,74.5
2018-04-23,Kolkata,Diesel,68.45
2018-04-23,Kolkata,Petrol,77.2
2018-04-23,Mumbai,Diesel,70.01
2018-04-23,Mumbai,Petrol,82.35
2018-04-24,Chennai,Diesel,69.56
2018-04-24,Chennai,Petrol,77.43
2018-04-24,Delhi,Diesel,65.93
2018-04-24,Delhi,Petrol,74.63
2018-04-24,Kolkata,Diesel,68.63
2018-04-24,Kolkata,Petrol,77.32
2018-04-24,Mumbai,Diesel,70.2
2018-04-24,Mumbai,Petrol,82.48
2018-04-25,Chennai,Diesel,69.56
2018-04-25,Chennai,Petrol,77.43
2018-04-25,Delhi,Diesel,65.93
2018-04-25,Delhi,Petrol,74.63
2018-04-25,Kolkata,Diesel,68.63
2018-04-25,Kolkata,Petrol,77.32
2018-04-25,Mumbai,Diesel,70.2
2018-04-25,Mumbai,Petrol,82.48
2018-04-26,Chennai,Diesel,69.56
2018-04-26,Chennai,Petrol,77.43
2018-04-26,Delhi,Diesel,65.93
2018-04-26,Delhi,Petrol,74.63
2018-04-26,Kolkata,Diesel,68.63
2018-04-26,Kolkata,Petrol,77.32
2018-04-26,Mumbai,Diesel,70.2
2018-04-26,Mumbai,Petrol,82.48
2018-04-27,Chennai,Diesel,69.56
2018-04-27,Chennai,Petrol,77.43
2018-04-27,Delhi,Diesel,65.93
2018-04-27,Delhi,Petrol,74.63
2018-04-27,Kolkata,Diesel,68.63
2018-04-27,Kolkata,Petrol,77.32
2018-04-27,Mumbai,Diesel,70.2
2018-04-27,Mumbai,Petrol,82.48
2018-04-28,Chennai,Diesel,69.56
2018-04-28,Chennai,Petrol,77.43
2018-04-28,Delhi,Diesel,65.93
2018-04-28,Delhi,Petrol,74.63
2018-04-28,Kolkata,Diesel,68.63
2018-04-28,Kolkata,Petrol,77.32
2018-04-28,Mumbai,Diesel,70.2
2018-04-28,Mumbai,Petrol,82.48
2018-04-29,Chennai,Diesel,69.56
2018-04-29,Chennai,Petrol,77.43
2018-04-29,Delhi,Diesel,65.93
2018-04-29,Delhi,Petrol,74.63
2018-04-29,Kolkata,Diesel,68.63
2018-04-29,Kolkata,Petrol,77.32
2018-04-29,Mumbai,Diesel,70.2
2018-04-29,Mumbai,Petrol,82.48
2018-04-30,Chennai,Diesel,69.56
2018-04-30,Chennai,Petrol,77.43
2018-04-30,Delhi,Diesel,65.93
2018-04-30,Delhi,Petrol,74.63
2018-04-30,Kolkata,Diesel,68.63
2018-04-30,Kolkata,Petrol,77.32
2018-04-30,Mumbai,Diesel,70.2
2018-04-30,Mumbai,Petrol,82.48
2018-05-01,Chennai,Diesel,69.56
2018-05-01,Chennai,Petrol,77.43
2018-05-01,Delhi,Diesel,65.93
2018-05-01,Delhi,Petrol,74.63
2018-05-01,Kolkata,Diesel,68.63
2018-05-01,Kolkata,Petrol,77.32
2018-05-01,Mumbai,Diesel,70.2
2018-05-01,Mumbai,Petrol,82.48
2018-05-02,Chennai,Diesel,69.56
2018-05-02,Chennai,Petrol,77.43
2018-05-02,Delhi,Diesel,65.93
2018-05-02,Delhi,Petrol,74.63
2018-05-02,Kolkata,Diesel,68.63
2018-05-02,Kolkata,Petrol,77.32
2018-05-02,Mumbai,Diesel,70.2
2018-05-02,Mumbai,Petrol,82.48
2018-05-03,Chennai,Diesel,69.56
2018-05-03,Chennai,Petrol,77.43
2018-05-03,Delhi,Diesel,65.93
2018-05-03,Delhi,Petrol,74.63
2018-05-03,Kolkata,Diesel,68.63
2018-05-03,Kolkata,Petrol,77.32
2018-05-03,Mumbai,Diesel,70.2
2018-05-03,Mumbai,Petrol,82.48
2018-05-04,Chennai,Diesel,69.56
2018-05-04,Chennai,Petrol,77.43
2018-05-04,Delhi,Diesel,65.93
2018-05-04,Delhi,Petrol,74.63
2018-05-04,Kolkata,Diesel,68.63
2018-05-04,Kolkata,Petrol,77.32
2018-05-04,Mumbai,Diesel,70.2
2018-05-04,Mumbai,Petrol,82.48
2018-05-05,Chennai,Diesel,69.56
2018-05-05,Chennai,Petrol,77.43
2018-05-05,Delhi,Diesel,65.93
2018-05-05,Delhi,Petrol,74.63
2018-05-05,Kolkata,Diesel,68.63
2018-05-05,Kolkata,Petrol,77.32
2018-05-05,Mumbai,Diesel,70.2
2018-05-05,Mumbai,Petrol,82.48
2018-05-06,Chennai,Diesel,69.56
2018-05-06,Chennai,Petrol,77.43
2018-05-06,Delhi,Diesel,65.93
2018-05-06,Delhi,Petrol,74.63
2018-05-06,Kolkata,Diesel,68.63
2018-05-06,Kolkata,Petrol,77.32
2018-05-06,Mumbai,Diesel,70.2
2018-05-06,Mumbai,Petrol,82.48
2018-05-07,Chennai,Diesel,69.56
2018-05-07,Chennai,Petrol,77.43
2018-05-07,Delhi,Diesel,65.93
2018-05-07,Delhi,Petrol,74.63
2018-05-07,Kolkata,Diesel,68.63
2018-05-07,Kolkata,Petrol,77.32
2018-05-07,Mumbai,Diesel,70.2
2018-05-07,Mumbai,Petrol,82.48
2018-05-08,Chennai,Diesel,69.56
2018-05-08,Chennai,Petrol,77.43
2018-05-08,Delhi,Diesel,65.93
2018-05-08,Delhi,Petrol,74.63
2018-05-08,Kolkata,Diesel,68.63
2018-05-08,Kolkata,Petrol,77.32
2018-05-08,Mumbai,Diesel,70.2
2018-05-08,Mumbai,Petrol,82.48
2018-05-09,Chennai,Diesel,69.56
2018-05-09,Chennai,Petrol,77.43
2018-05-09,Delhi,Diesel,65.93
2018-05-09,Delhi,Petrol,74.63
2018-05-09,Kolkata,Diesel,68.63
2018-05-09,Kolkata,Petrol,77.32
2018-05-09,Mumbai,Diesel,70.2
2018-05-09,Mumbai,Petrol,82.48
2018-05-10,Chennai,Diesel,69.56
2018-05-10,Chennai,Petrol,77.43
2018-05-10,Delhi,Diesel,65.93
2018-05-10,Delhi,Petrol,74.63
2018-05-10,Kolkata,Diesel,68.63
2018-05-10,Kolkata,Petrol,77.32
2018-05-10,Mumbai,Diesel,70.2
2018-05-10,Mumbai,Petrol,82.48
2018-05-11,Chennai,Diesel,69.56
2018-05-11,Chennai,Petrol,77.43
2018-05-11,Delhi,Diesel,65.93
2018-05-11,Delhi,Petrol,74.63
2018-05-11,Kolkata,Diesel,68.63
2018-05-11,Kolkata,Petrol,77.32
2018-05-11,Mumbai,Diesel,70.2
2018-05-11,Mumbai,Petrol,82.48
2018-05-12,Chennai,Diesel,69.56
2018-05-12,Chennai,Petrol,77.43
2018-05-12,Delhi,Diesel,65.93
2018-05-12,Delhi,Petrol,74.63
2018-05-12,Kolkata,Diesel,68.63
2018-05-12,Kolkata,Petrol,77.32
2018-05-12,Mumbai,Diesel,70.2
2018-05-12,Mumbai,Petrol,82.48
2018-05-13,Chennai,Diesel,69.56
2018-05-13,Chennai,Petrol,77.43
2018-05-13,Delhi,Diesel,65.93
2018-05-13,Delhi,Petrol,74.63
2018-05-13,Kolkata,Diesel,68.63
2018-05-13,Kolkata,Petrol,77.32
2018-05-13,Mumbai,Diesel,70.2
2018-05-13,Mumbai,Petrol,82.48
2018-05-14,Chennai,Diesel,69.79
2018-05-14,Chennai,Petrol,77.61
2018-05-14,Delhi,Diesel,66.14
2018-05-14,Delhi,Petrol,74.8
2018-05-14,Kolkata,Diesel,68.68
2018-05-14,Kolkata,Petrol,77.5
2018-05-14,Mumbai,Diesel,70.43
2018-05-14,Mumbai,Petrol,82.65
2018-05-15,Chennai,Diesel,70.02
2018-05-15,Chennai,Petrol,77.77
2018-05-15,Delhi,Diesel,66.36
2018-05-15,Delhi,Petrol,74.95
2018-05-15,Kolkata,Diesel,68.9
2018-05-15,Kolkata,Petrol,77.65
2018-05-15,Mumbai,Diesel,70.66
2018-05-15,Mumbai,Petrol,82.79
2018-05-16,Chennai,Diesel,70.25
2018-05-16,Chennai,Petrol,77.93
2018-05-16,Delhi,Diesel,66.57
2018-05-16,Delhi,Petrol,75.1
2018-05-16,Kolkata,Diesel,69.11
2018-05-16,Kolkata,Petrol,77.79
2018-05-16,Mumbai,Diesel,70.88
2018-05-16,Mumbai,Petrol,82.94
2018-05-17,Chennai,Diesel,70.49
2018-05-17,Chennai,Petrol,78.16
2018-05-17,Delhi,Diesel,66.79
2018-05-17,Delhi,Petrol,75.32
2018-05-17,Kolkata,Diesel,69.33
2018-05-17,Kolkata,Petrol,78.01
2018-05-17,Mumbai,Diesel,71.12
2018-05-17,Mumbai,Petrol,83.16
2018-05-18,Chennai,Diesel,70.8
2018-05-18,Chennai,Petrol,78.46
2018-05-18,Delhi,Diesel,67.08
2018-05-18,Delhi,Petrol,75.61
2018-05-18,Kolkata,Diesel,69.63
2018-05-18,Kolkata,Petrol,78.29
2018-05-18,Mumbai,Diesel,71.42
2018-05-18,Mumbai,Petrol,83.45
2018-05-19,Chennai,Diesel,71.04
2018-05-19,Chennai,Petrol,78.78
2018-05-19,Delhi,Diesel,67.31
2018-05-19,Delhi,Petrol,75.91
2018-05-19,Kolkata,Diesel,69.86
2018-05-19,Kolkata,Petrol,78.59
2018-05-19,Mumbai,Diesel,71.67
2018-05-19,Mumbai,Petrol,83.75
2018-05-20,Chennai,Diesel,71.32
2018-05-20,Chennai,Petrol,79.13
2018-05-20,Delhi,Diesel,67.57
2018-05-20,Delhi,Petrol,76.24
2018-05-20,Kolkata,Diesel,70.12
2018-05-20,Kolkata,Petrol,78.91
2018-05-20,Mumbai,Diesel,71.94
2018-05-20,Mumbai,Petrol,84.07
2018-05-21,Chennai,Diesel,71.59
2018-05-21,Chennai,Petrol,79.47
2018-05-21,Delhi,Diesel,67.82
2018-05-21,Delhi,Petrol,76.57
2018-05-21,Kolkata,Diesel,70.37
2018-05-21,Kolkata,Petrol,79.24
2018-05-21,Mumbai,Diesel,72.21
2018-05-21,Mumbai,Petrol,84.4
2018-05-22,Chennai,Diesel,71.87
2018-05-22,Chennai,Petrol,79.79
2018-05-22,Delhi,Diesel,68.08
2018-05-22,Delhi,Petrol,76.87
2018-05-22,Kolkata,Diesel,70.63
2018-05-22,Kolkata,Petrol,79.53
2018-05-22,Mumbai,Diesel,72.48
2018-05-22,Mumbai,Petrol,84.7
2018-05-23,Chennai,Diesel,72.14
2018-05-23,Chennai,Petrol,80.11
2018-05-23,Delhi,Diesel,68.34
2018-05-23,Delhi,Petrol,77.17
2018-05-23,Kolkata,Diesel,70.89
2018-05-23,Kolkata,Petrol,79.83
2018-05-23,Mumbai,Diesel,72.76
2018-05-23,Mumbai,Petrol,84.99
2018-05-24,Chennai,Diesel,72.35
2018-05-24,Chennai,Petrol,80.42
2018-05-24,Delhi,Diesel,68.53
2018-05-24,Delhi,Petrol,77.47
2018-05-24,Kolkata,Diesel,71.08
2018-05-24,Kolkata,Petrol,80.12
2018-05-24,Mumbai,Diesel,72.96
2018-05-24,Mumbai,Petrol,85.29
2018-05-25,Chennai,Diesel,72.58
2018-05-25,Chennai,Petrol,80.8
2018-05-25,Delhi,Diesel,68.75
2018-05-25,Delhi,Petrol,77.83
2018-05-25,Kolkata,Diesel,71.3
2018-05-25,Kolkata,Petrol,80.47
2018-05-25,Mumbai,Diesel,73.2
2018-05-25,Mumbai,Petrol,85.65
2018-05-26,Chennai,Diesel,72.74
2018-05-26,Chennai,Petrol,80.95
2018-05-26,Delhi,Diesel,68.9
2018-05-26,Delhi,Petrol,77.97
2018-05-26,Kolkata,Diesel,71.45
2018-05-26,Kolkata,Petrol,80.61
2018-05-26,Mumbai,Diesel,73.36
2018-05-26,Mumbai,Petrol,85.78
2018-05-27,Chennai,Diesel,72.91
2018-05-27,Chennai,Petrol,81.11
2018-05-27,Delhi,Diesel,69.06
2018-05-27,Delhi,Petrol,78.12
2018-05-27,Kolkata,Diesel,71.61
2018-05-27,Kolkata,Petrol,80.76
2018-05-27,Mumbai,Diesel,73.53
2018-05-27,Mumbai,Petrol,85.93
2018-05-28,Chennai,Diesel,73.03
2018-05-28,Chennai,Petrol,81.26
2018-05-28,Delhi,Diesel,69.17
2018-05-28,Delhi,Petrol,78.27
2018-05-28,Kolkata,Diesel,71.72
2018-05-28,Kolkata,Petrol,80.91
2018-05-28,Mumbai,Diesel,73.64
2018-05-28,Mumbai,Petrol,86.08
2018-05-29,Chennai,Diesel,73.18
2018-05-29,Chennai,Petrol,81.43
2018-05-29,Delhi,Diesel,69.31
2018-05-29,Delhi,Petrol,78.43
2018-05-29,Kolkata,Diesel,71.86
2018-05-29,Kolkata,Petrol,81.06
2018-05-29,Mumbai,Diesel,73.79
2018-05-29,Mumbai,Petrol,86.24
2018-05-30,Chennai,Diesel,73.17
2018-05-30,Chennai,Petrol,81.42
2018-05-30,Delhi,Diesel,69.3
2018-05-30,Delhi,Petrol,78.42
2018-05-30,Kolkata,Diesel,71.85
2018-05-30,Kolkata,Petrol,81.05
2018-05-30,Mumbai,Diesel,73.78
2018-05-30,Mumbai,Petrol,86.23
2018-05-31,Chennai,Diesel,73.12
2018-05-31,Chennai,Petrol,81.35
2018-05-31,Delhi,Diesel,69.25
2018-05-31,Delhi,Petrol,78.35
2018-05-31,Kolkata,Diesel,71.8
2018-05-31,Kolkata,Petrol,80.98
2018-05-31,Mumbai,Diesel,73.73
2018-05-31,Mumbai,Petrol,86.16
2018-06-01,Chennai,Diesel,73.06
2018-06-01,Chennai,Petrol,81.28
2018-06-01,Delhi,Diesel,69.2
2018-06-01,Delhi,Petrol,78.29
2018-06-01,Kolkata,Diesel,71.75
2018-06-01,Kolkata,Petrol,80.92
2018-06-01,Mumbai,Diesel,73.67
2018-06-01,Mumbai,Petrol,86.1
2018-06-02,Chennai,Diesel,72.97
2018-06-02,Chennai,Petrol,81.19
2018-06-02,Delhi,Diesel,69.11
2018-06-02,Delhi,Petrol,78.2
2018-06-02,Kolkata,Diesel,71.66
2018-06-02,Kolkata,Petrol,80.84
2018-06-02,Mumbai,Diesel,73.58
2018-06-02,Mumbai,Petrol,86.01
2018-06-03,Chennai,Diesel,72.97
2018-06-03,Chennai,Petrol,81.09
2018-06-03,Delhi,Diesel,69.11
2018-06-03,Delhi,Petrol,78.11
2018-06-03,Kolkata,Diesel,71.66
2018-06-03,Kolkata,Petrol,80.75
2018-06-03,Mumbai,Diesel,73.58
2018-06-03,Mumbai,Petrol,85.92
2018-06-04,Chennai,Diesel,72.82
2018-06-04,Chennai,Petrol,80.94
2018-06-04,Delhi,Diesel,68.97
2018-06-04,Delhi,Petrol,77.96
2018-06-04,Kolkata,Diesel,71.52
2018-06-04,Kolkata,Petrol,80.6
2018-06-04,Mumbai,Diesel,73.43
2018-06-04,Mumbai,Petrol,85.77
2018-06-05,Chennai,Diesel,72.72
2018-06-05,Chennai,Petrol,80.8
2018-06-05,Delhi,Diesel,68.88
2018-06-05,Delhi,Petrol,77.83
2018-06-05,Kolkata,Diesel,71.43
2018-06-05,Kolkata,Petrol,80.47
2018-06-05,Mumbai,Diesel,73.33
2018-06-05,Mumbai,Petrol,85.65
2018-06-06,Chennai,Diesel,72.64
2018-06-06,Chennai,Petrol,80.68
2018-06-06,Delhi,Diesel,68.8
2018-06-06,Delhi,Petrol,77.72
2018-06-06,Kolkata,Diesel,71.35
2018-06-06,Kolkata,Petrol,80.37
2018-06-06,Mumbai,Diesel,73.25
2018-06-06,Mumbai,Petrol,85.54
2018-06-07,Chennai,Diesel,72.56
2018-06-07,Chennai,Petrol,80.59
2018-06-07,Delhi,Diesel,68.73
2018-06-07,Delhi,Petrol,77.63
2018-06-07,Kolkata,Diesel,71.28
2018-06-07,Kolkata,Petrol,80.28
2018-06-07,Mumbai,Diesel,73.17
2018-06-07,Mumbai,Petrol,85.45
2018-06-08,Chennai,Diesel,72.4
2018-06-08,Chennai,Petrol,80.37
2018-06-08,Delhi,Diesel,68.58
2018-06-08,Delhi,Petrol,77.42
2018-06-08,Kolkata,Diesel,71.13
2018-06-08,Kolkata,Petrol,80.07
2018-06-08,Mumbai,Diesel,73.02
2018-06-08,Mumbai,Petrol,85.24
2018-06-09,Chennai,Diesel,72.08
2018-06-09,Chennai,Petrol,79.95
2018-06-09,Delhi,Diesel,68.28
2018-06-09,Delhi,Petrol,77.02
2018-06-09,Kolkata,Diesel,70.83
2018-06-09,Kolkata,Petrol,79.68
2018-06-09,Mumbai,Diesel,72.7
2018-06-09,Mumbai,Petrol,84.84
2018-06-10,Chennai,Diesel,71.89
2018-06-10,Chennai,Petrol,79.69
2018-06-10,Delhi,Diesel,68.1
2018-06-10,Delhi,Petrol,76.78
2018-06-10,Kolkata,Diesel,70.65
2018-06-10,Kolkata,Petrol,79.44
2018-06-10,Mumbai,Diesel,72.51
2018-06-10,Mumbai,Petrol,84.61
2018-06-11,Chennai,Diesel,71.73
2018-06-11,Chennai,Petrol,79.48
2018-06-11,Delhi,Diesel,67.95
2018-06-11,Delhi,Petrol,76.58
2018-06-11,Kolkata,Diesel,70.5
2018-06-11,Kolkata,Petrol,79.25
2018-06-11,Mumbai,Diesel,72.35
2018-06-11,Mumbai,Petrol,84.41
2018-06-12,Chennai,Diesel,71.62
2018-06-12,Chennai,Petrol,79.33
2018-06-12,Delhi,Diesel,67.85
2018-06-12,Delhi,Petrol,76.43
2018-06-12,Kolkata,Diesel,70.4
2018-06-12,Kolkata,Petrol,79.1
2018-06-12,Mumbai,Diesel,72.24
2018-06-12,Mumbai,Petrol,84.26
2018-06-13,Chennai,Diesel,71.62
2018-06-13,Chennai,Petrol,79.33
2018-06-13,Delhi,Diesel,67.85
2018-06-13,Delhi,Petrol,76.43
2018-06-13,Kolkata,Diesel,70.4
2018-06-13,Kolkata,Petrol,79.1
2018-06-13,Mumbai,Diesel,72.24
2018-06-13,Mumbai,Petrol,84.26
2018-06-14,Chennai,Diesel,71.62
2018-06-14,Chennai,Petrol,79.33
2018-06-14,Delhi,Diesel,67.85
2018-06-14,Delhi,Petrol,76.43
2018-06-14,Kolkata,Diesel,70.4
2018-06-14,Kolkata,Petrol,79.1
2018-06-14,Mumbai,Diesel,72.24
2018-06-14,Mumbai,Petrol,84.26
2018-06-15,Chennai,Diesel,71.62
2018-06-15,Chennai,Petrol,79.24
2018-06-15,Delhi,Diesel,67.85
2018-06-15,Delhi,Petrol,76.35
2018-06-15,Kolkata,Diesel,70.4
2018-06-15,Kolkata,Petrol,79.02
2018-06-15,Mumbai,Diesel,72.24
2018-06-15,Mumbai,Petrol,84.18
2018-06-16,Chennai,Diesel,71.62
2018-06-16,Chennai,Petrol,79.24
2018-06-16,Delhi,Diesel,67.85
2018-06-16,Delhi,Petrol,76.35
2018-06-16,Kolkata,Diesel,70.4
2018-06-16,Kolkata,Petrol,79.02
2018-06-16,Mumbai,Diesel,72.24
2018-06-16,Mumbai,Petrol,84.18
2018-06-17,Chennai,Diesel,71.54
2018-06-17,Chennai,Petrol,79.24
2018-06-17,Delhi,Diesel,67.78
2018-06-17,Delhi,Petrol,76.35
2018-06-17,Kolkata,Diesel,70.33
2018-06-17,Kolkata,Petrol,79.02
2018-06-17,Mumbai,Diesel,72.13
2018-06-17,Mumbai,Petrol,84.18
2018-06-18,Chennai,Diesel,71.54
2018-06-18,Chennai,Petrol,79.24
2018-06-18,Delhi,Diesel,67.78
2018-06-18,Delhi,Petrol,76.35
2018-06-18,Kolkata,Diesel,70.33
2018-06-18,Kolkata,Petrol,79.02
2018-06-18,Mumbai,Diesel,72.13
2018-06-18,Mumbai,Petrol,84.18
2018-06-19,Chennai,Diesel,71.54
2018-06-19,Chennai,Petrol,79.16
2018-06-19,Delhi,Diesel,67.78
2018-06-19,Delhi,Petrol,76.27
2018-06-19,Kolkata,Diesel,70.33
2018-06-19,Kolkata,Petrol,78.94
2018-06-19,Mumbai,Diesel,72.13
2018-06-19,Mumbai,Petrol,84.06
2018-06-20,Chennai,Diesel,71.54
2018-06-20,Chennai,Petrol,79.16
2018-06-20,Delhi,Diesel,67.78
2018-06-20,Delhi,Petrol,76.27
2018-06-20,Kolkata,Diesel,70.33
2018-06-20,Kolkata,Petrol,78.94
2018-06-20,Mumbai,Diesel,72.13
2018-06-20,Mumbai,Petrol,84.06
2018-06-21,Chennai,Diesel,71.44
2018-06-21,Chennai,Petrol,79.04
2018-06-21,Delhi,Diesel,67.68
2018-06-21,Delhi,Petrol,76.16
2018-06-21,Kolkata,Diesel,70.23
2018-06-21,Kolkata,Petrol,78.83
2018-06-21,Mumbai,Diesel,71.99
2018-06-21,Mumbai,Petrol,83.92
2018-06-22,Chennai,Diesel,71.44
2018-06-22,Chennai,Petrol,78.89
2018-06-22,Delhi,Diesel,67.68
2018-06-22,Delhi,Petrol,76.02
2018-06-22,Kolkata,Diesel,70.23
2018-06-22,Kolkata,Petrol,78.7
2018-06-22,Mumbai,Diesel,71.99
2018-06-22,Mumbai,Petrol,83.74
2018-06-23,Chennai,Diesel,71.36
2018-06-23,Chennai,Petrol,78.8
2018-06-23,Delhi,Diesel,67.61
2018-06-23,Delhi,Petrol,75.93
2018-06-23,Kolkata,Diesel,70.16
2018-06-23,Kolkata,Petrol,78.61
2018-06-23,Mumbai,Diesel,71.87
2018-06-23,Mumbai,Petrol,83.61
2018-06-24,Chennai,Diesel,71.29
2018-06-24,Chennai,Petrol,78.65
2018-06-24,Delhi,Diesel,67.54
2018-06-24,Delhi,Petrol,75.79
2018-06-24,Kolkata,Diesel,70.09
2018-06-24,Kolkata,Petrol,78.47
2018-06-24,Mumbai,Diesel,71.76
2018-06-24,Mumbai,Petrol,83.44
2018-06-25,Chennai,Diesel,71.22
2018-06-25,Chennai,Petrol,78.55
2018-06-25,Delhi,Diesel,67.48
2018-06-25,Delhi,Petrol,75.69
2018-06-25,Kolkata,Diesel,70.03
2018-06-25,Kolkata,Petrol,78.37
2018-06-25,Mumbai,Diesel,71.66
2018-06-25,Mumbai,Petrol,83.3
2018-06-26,Chennai,Diesel,71.12
2018-06-26,Chennai,Petrol,78.4
2018-06-26,Delhi,Diesel,67.38
2018-06-26,Delhi,Petrol,75.55
2018-06-26,Kolkata,Diesel,69.93
2018-06-26,Kolkata,Petrol,78.23
2018-06-26,Mumbai,Diesel,71.52
2018-06-26,Mumbai,Petrol,83.12
2018-06-27,Chennai,Diesel,71.12
2018-06-27,Chennai,Petrol,78.4
2018-06-27,Delhi,Diesel,67.38
2018-06-27,Delhi,Petrol,75.55
2018-06-27,Kolkata,Diesel,69.93
2018-06-27,Kolkata,Petrol,78.23
2018-06-27,Mumbai,Diesel,71.52
2018-06-27,Mumbai,Petrol,83.12
2018-06-28,Chennai,Diesel,71.12
2018-06-28,Chennai,Petrol,78.4
2018-06-28,Delhi,Diesel,67.38
2018-06-28,Delhi,Petrol,75.55
2018-06-28,Kolkata,Diesel,69.93
2018-06-28,Kolkata,Petrol,78.23
2018-06-28,Mumbai,Diesel,71.52
2018-06-28,Mumbai,Petrol,83.12
2018-06-29,Chennai,Diesel,71.12
2018-06-29,Chennai,Petrol,78.4
2018-06-29,Delhi,Diesel,67.38
2018-06-29,Delhi,Petrol,75.55
2018-06-29,Kolkata,Diesel,69.93
2018-06-29,Kolkata,Petrol,78.23
2018-06-29,Mumbai,Diesel,71.49
2018-06-29,Mumbai,Petrol,83.06
2018-06-30,Chennai,Diesel,71.12
2018-06-30,Chennai,Petrol,78.4
2018-06-30,Delhi,Diesel,67.38
2018-06-30,Delhi,Petrol,75.55
2018-06-30,Kolkata,Diesel,69.93
2018-06-30,Kolkata,Petrol,78.23
2018-06-30,Mumbai,Diesel,71.49
2018-06-30,Mumbai,Petrol,82.99
2018-07-01,Chennai,Diesel,71.12
2018-07-01,Chennai,Petrol,78.4
2018-07-01,Delhi,Diesel,67.38
2018-07-01,Delhi,Petrol,75.55
2018-07-01,Kolkata,Diesel,69.93
2018-07-01,Kolkata,Petrol,78.23
2018-07-01,Mumbai,Diesel,71.49
2018-07-01,Mumbai,Petrol,82.94
2018-07-02,Chennai,Diesel,71.12
2018-07-02,Chennai,Petrol,78.4
2018-07-02,Delhi,Diesel,67.38
2018-07-02,Delhi,Petrol,75.55
2018-07-02,Kolkata,Diesel,69.93
2018-07-02,Kolkata,Petrol,78.23
2018-07-02,Mumbai,Diesel,71.49
2018-07-02,Mumbai,Petrol,82.94
2018-07-03,Chennai,Diesel,71.12
2018-07-03,Chennai,Petrol,78.4
2018-07-03,Delhi,Diesel,67.38
2018-07-03,Delhi,Petrol,75.55
2018-07-03,Kolkata,Diesel,69.93
2018-07-03,Kolkata,Petrol,78.23
2018-07-03,Mumbai,Diesel,71.49
2018-07-03,Mumbai,Petrol,82.94
2018-07-04,Chennai,Diesel,71.12
2018-07-04,Chennai,Petrol,78.4
2018-07-04,Delhi,Diesel,67.38
2018-07-04,Delhi,Petrol,75.55
2018-07-04,Kolkata,Diesel,69.93
2018-07-04,Kolkata,Petrol,78.23
2018-07-04,Mumbai,Diesel,71.49
2018-07-04,Mumbai,Petrol,82.94
2018-07-05,Chennai,Diesel,71.24
2018-07-05,Chennai,Petrol,78.57
2018-07-05,Delhi,Diesel,67.5
2018-07-05,Delhi,Petrol,75.71
2018-07-05,Kolkata,Diesel,70.05
2018-07-05,Kolkata,Petrol,78.39
2018-07-05,Mumbai,Diesel,71.62
2018-07-05,Mumbai,Petrol,83.1
2018-07-06,Chennai,Diesel,71.42
2018-07-06,Chennai,Petrol,78.72
2018-07-06,Delhi,Diesel,67.66
2018-07-06,Delhi,Petrol,75.85
2018-07-06,Kolkata,Diesel,70.21
2018-07-06,Kolkata,Petrol,78.53
2018-07-06,Mumbai,Diesel,71.79
2018-07-06,Mumbai,Petrol,83.24
2018-07-07,Chennai,Diesel,71.52
2018-07-07,Chennai,Petrol,78.85
2018-07-07,Delhi,Diesel,67.76
2018-07-07,Delhi,Petrol,75.98
2018-07-07,Kolkata,Diesel,70.31
2018-07-07,Kolkata,Petrol,78.66
2018-07-07,Mumbai,Diesel,71.9
2018-07-07,Mumbai,Petrol,83.37
2018-07-08,Chennai,Diesel,71.63
2018-07-08,Chennai,Petrol,79.01
2018-07-08,Delhi,Diesel,67.86
2018-07-08,Delhi,Petrol,76.13
2018-07-08,Kolkata,Diesel,70.41
2018-07-08,Kolkata,Petrol,78.8
2018-07-08,Mumbai,Diesel,72.0
2018-07-08,Mumbai,Petrol,83.52
2018-07-09,Chennai,Diesel,71.85
2018-07-09,Chennai,Petrol,79.25
2018-07-09,Delhi,Diesel,68.07
2018-07-09,Delhi,Petrol,76.36
2018-07-09,Kolkata,Diesel,70.62
2018-07-09,Kolkata,Petrol,79.03
2018-07-09,Mumbai,Diesel,72.23
2018-07-09,Mumbai,Petrol,83.75
2018-07-10,Chennai,Diesel,72.03
2018-07-10,Chennai,Petrol,79.43
2018-07-10,Delhi,Diesel,68.23
2018-07-10,Delhi,Petrol,76.53
2018-07-10,Kolkata,Diesel,70.78
2018-07-10,Kolkata,Petrol,79.2
2018-07-10,Mumbai,Diesel,72.4
2018-07-10,Mumbai,Petrol,83.91
2018-07-11,Chennai,Diesel,72.03
2018-07-11,Chennai,Petrol,79.43
2018-07-11,Delhi,Diesel,68.23
2018-07-11,Delhi,Petrol,76.53
2018-07-11,Kolkata,Diesel,70.78
2018-07-11,Kolkata,Petrol,79.2
2018-07-11,Mumbai,Diesel,72.4
2018-07-11,Mumbai,Petrol,83.91
2018-07-12,Chennai,Diesel,72.1
2018-07-12,Chennai,Petrol,79.49
2018-07-12,Delhi,Diesel,68.3
2018-07-12,Delhi,Petrol,76.59
2018-07-12,Kolkata,Diesel,70.85
2018-07-12,Kolkata,Petrol,79.26
2018-07-12,Mumbai,Diesel,72.47
2018-07-12,Mumbai,Petrol,83.97
2018-07-13,Chennai,Diesel,72.24
2018-07-13,Chennai,Petrol,79.67
2018-07-13,Delhi,Diesel,68.43
2018-07-13,Delhi,Petrol,76.76
2018-07-13,Kolkata,Diesel,70.98
2018-07-13,Kolkata,Petrol,79.42
2018-07-13,Mumbai,Diesel,72.61
2018-07-13,Mumbai,Petrol,84.14
2018-07-14,Chennai,Diesel,72.43
2018-07-14,Chennai,Petrol,79.87
2018-07-14,Delhi,Diesel,68.61
2018-07-14,Delhi,Petrol,76.95
2018-07-14,Kolkata,Diesel,71.16
2018-07-14,Kolkata,Petrol,79.61
2018-07-14,Mumbai,Diesel,72.8
2018-07-14,Mumbai,Petrol,84.33
2018-07-15,Chennai,Diesel,72.43
2018-07-15,Chennai,Petrol,79.87
2018-07-15,Delhi,Diesel,68.61
2018-07-15,Delhi,Petrol,76.95
2018-07-15,Kolkata,Diesel,71.16
2018-07-15,Kolkata,Petrol,79.61
2018-07-15,Mumbai,Diesel,72.8
2018-07-15,Mumbai,Petrol,84.33
2018-07-16,Chennai,Diesel,72.28
2018-07-16,Chennai,Petrol,79.76
2018-07-16,Delhi,Diesel,68.47
2018-07-16,Delhi,Petrol,76.84
2018-07-16,Kolkata,Diesel,71.03
2018-07-16,Kolkata,Petrol,79.51
2018-07-16,Mumbai,Diesel,72.65
2018-07-16,Mumbai,Petrol,84.22
2018-07-17,Chennai,Diesel,72.28
2018-07-17,Chennai,Petrol,79.76
2018-07-17,Delhi,Diesel,68.47
2018-07-17,Delhi,Petrol,76.84
2018-07-17,Kolkata,Diesel,71.03
2018-07-17,Kolkata,Petrol,79.51
2018-07-17,Mumbai,Diesel,72.65
2018-07-17,Mumbai,Petrol,84.22
2018-07-18,Chennai,Diesel,72.28
2018-07-18,Chennai,Petrol,79.76
2018-07-18,Delhi,Diesel,68.47
2018-07-18,Delhi,Petrol,76.84
2018-07-18,Kolkata,Diesel,71.03
2018-07-18,Kolkata,Petrol,79.51
2018-07-18,Mumbai,Diesel,72.65
2018-07-18,Mumbai,Petrol,84.22
2018-07-19,Chennai,Diesel,72.19
2018-07-19,Chennai,Petrol,79.76
2018-07-19,Delhi,Diesel,68.35
2018-07-19,Delhi,Petrol,76.78
2018-07-19,Kolkata,Diesel,70.94
2018-07-19,Kolkata,Petrol,79.51
2018-07-19,Mumbai,Diesel,72.56
2018-07-19,Mumbai,Petrol,84.22
2018-07-20,Chennai,Diesel,72.06
2018-07-20,Chennai,Petrol,79.59
2018-07-20,Delhi,Diesel,68.23
2018-07-20,Delhi,Petrol,76.62
2018-07-20,Kolkata,Diesel,70.84
2018-07-20,Kolkata,Petrol,79.39
2018-07-20,Mumbai,Diesel,72.44
2018-07-20,Mumbai,Petrol,84.06
2018-07-21,Chennai,Diesel,71.9
2018-07-21,Chennai,Petrol,79.43
2018-07-21,Delhi,Diesel,68.08
2018-07-21,Delhi,Petrol,76.47
2018-07-21,Kolkata,Diesel,70.71
2018-07-21,Kolkata,Petrol,79.27
2018-07-21,Mumbai,Diesel,72.28
2018-07-21,Mumbai,Petrol,83.91
2018-07-22,Chennai,Diesel,71.79
2018-07-22,Chennai,Petrol,79.33
2018-07-22,Delhi,Diesel,67.98
2018-07-22,Delhi,Petrol,76.37
2018-07-22,Kolkata,Diesel,70.63
2018-07-22,Kolkata,Petrol,79.2
2018-07-22,Mumbai,Diesel,72.17
2018-07-22,Mumbai,Petrol,83.82
2018-07-23,Chennai,Diesel,71.7
2018-07-23,Chennai,Petrol,79.25
2018-07-23,Delhi,Diesel,67.89
2018-07-23,Delhi,Petrol,76.3
2018-07-23,Kolkata,Diesel,70.56
2018-07-23,Kolkata,Petrol,79.15
2018-07-23,Mumbai,Diesel,72.07
2018-07-23,Mumbai,Petrol,83.75
2018-07-24,Chennai,Diesel,71.59
2018-07-24,Chennai,Petrol,79.18
2018-07-24,Delhi,Diesel,67.79
2018-07-24,Delhi,Petrol,76.23
2018-07-24,Kolkata,Diesel,70.48
2018-07-24,Kolkata,Petrol,79.1
2018-07-24,Mumbai,Diesel,71.97
2018-07-24,Mumbai,Petrol,83.68
2018-07-25,Chennai,Diesel,71.59
2018-07-25,Chennai,Petrol,79.18
2018-07-25,Delhi,Diesel,67.79
2018-07-25,Delhi,Petrol,76.23
2018-07-25,Kolkata,Diesel,70.48
2018-07-25,Kolkata,Petrol,79.1
2018-07-25,Mumbai,Diesel,71.97
2018-07-25,Mumbai,Petrol,83.68
2018-07-26,Chennai,Diesel,71.59
2018-07-26,Chennai,Petrol,79.18
2018-07-26,Delhi,Diesel,67.79
2018-07-26,Delhi,Petrol,76.23
2018-07-26,Kolkata,Diesel,70.48
2018-07-26,Kolkata,Petrol,79.1
2018-07-26,Mumbai,Diesel,71.97
2018-07-26,Mumbai,Petrol,83.68
2018-07-27,Chennai,Diesel,71.52
2018-07-27,Chennai,Petrol,79.18
2018-07-27,Delhi,Diesel,67.72
2018-07-27,Delhi,Petrol,76.23
2018-07-27,Kolkata,Diesel,70.43
2018-07-27,Kolkata,Petrol,79.1
2018-07-27,Mumbai,Diesel,71.89
2018-07-27,Mumbai,Petrol,83.68
2018-07-28,Chennai,Diesel,71.41
2018-07-28,Chennai,Petrol,79.11
2018-07-28,Delhi,Diesel,67.62
2018-07-28,Delhi,Petrol,76.16
2018-07-28,Kolkata,Diesel,70.37
2018-07-28,Kolkata,Petrol,79.05
2018-07-28,Mumbai,Diesel,71.79
2018-07-28,Mumbai,Petrol,83.61
2018-07-29,Chennai,Diesel,71.41
2018-07-29,Chennai,Petrol,79.11
2018-07-29,Delhi,Diesel,67.62
2018-07-29,Delhi,Petrol,76.16
2018-07-29,Kolkata,Diesel,70.37
2018-07-29,Kolkata,Petrol,79.05
2018-07-29,Mumbai,Diesel,71.79
2018-07-29,Mumbai,Petrol,83.61
2018-07-30,Chennai,Diesel,71.55
2018-07-30,Chennai,Petrol,79.2
2018-07-30,Delhi,Diesel,67.75
2018-07-30,Delhi,Petrol,76.25
2018-07-30,Kolkata,Diesel,70.51
2018-07-30,Kolkata,Petrol,79.14
2018-07-30,Mumbai,Diesel,71.93
2018-07-30,Mumbai,Petrol,83.7
2018-07-31,Chennai,Diesel,71.62
2018-07-31,Chennai,Petrol,79.26
2018-07-31,Delhi,Diesel,67.82
2018-07-31,Delhi,Petrol,76.31
2018-07-31,Kolkata,Diesel,70.58
2018-07-31,Kolkata,Petrol,79.2
2018-07-31,Mumbai,Diesel,72.0
2018-07-31,Mumbai,Petrol,83.76
2018-08-01,Chennai,Diesel,71.62
2018-08-01,Chennai,Petrol,79.26
2018-08-01,Delhi,Diesel,67.82
2018-08-01,Delhi,Petrol,76.31
2018-08-01,Kolkata,Diesel,70.58
2018-08-01,Kolkata,Petrol,79.2
2018-08-01,Mumbai,Diesel,72.0
2018-08-01,Mumbai,Petrol,83.76
2018-08-02,Chennai,Diesel,71.74
2018-08-02,Chennai,Petrol,79.39
2018-08-02,Delhi,Diesel,67.93
2018-08-02,Delhi,Petrol,76.43
2018-08-02,Kolkata,Diesel,70.69
2018-08-02,Kolkata,Petrol,79.33
2018-08-02,Mumbai,Diesel,72.12
2018-08-02,Mumbai,Petrol,83.87
2018-08-03,Chennai,Diesel,71.84
2018-08-03,Chennai,Petrol,79.46
2018-08-03,Delhi,Diesel,68.02
2018-08-03,Delhi,Petrol,76.5
2018-08-03,Kolkata,Diesel,70.8
2018-08-03,Kolkata,Petrol,79.42
2018-08-03,Mumbai,Diesel,72.21
2018-08-03,Mumbai,Petrol,83.94
2018-08-04,Chennai,Diesel,72.03
2018-08-04,Chennai,Petrol,79.68
2018-08-04,Delhi,Diesel,68.2
2018-08-04,Delhi,Petrol,76.7
2018-08-04,Kolkata,Diesel,70.98
2018-08-04,Kolkata,Petrol,79.62
2018-08-04,Mumbai,Diesel,72.4
2018-08-04,Mumbai,Petrol,84.14
2018-08-05,Chennai,Diesel,72.16
2018-08-05,Chennai,Petrol,79.83
2018-08-05,Delhi,Diesel,68.32
2018-08-05,Delhi,Petrol,76.85
2018-08-05,Kolkata,Diesel,71.1
2018-08-05,Kolkata,Petrol,79.77
2018-08-05,Mumbai,Diesel,72.53
2018-08-05,Mumbai,Petrol,84.29
2018-08-06,Chennai,Diesel,72.29
2018-08-06,Chennai,Petrol,79.96
2018-08-06,Delhi,Diesel,68.44
2018-08-06,Delhi,Petrol,76.97
2018-08-06,Kolkata,Diesel,71.22
2018-08-06,Kolkata,Petrol,79.89
2018-08-06,Mumbai,Diesel,72.66
2018-08-06,Mumbai,Petrol,84.41
2018-08-07,Chennai,Diesel,72.35
2018-08-07,Chennai,Petrol,80.05
2018-08-07,Delhi,Diesel,68.5
2018-08-07,Delhi,Petrol,77.06
2018-08-07,Kolkata,Diesel,71.31
2018-08-07,Kolkata,Petrol,80.0
2018-08-07,Mumbai,Diesel,72.72
2018-08-07,Mumbai,Petrol,84.5
2018-08-08,Chennai,Diesel,72.35
2018-08-08,Chennai,Petrol,80.05
2018-08-08,Delhi,Diesel,68.5
2018-08-08,Delhi,Petrol,77.06
2018-08-08,Kolkata,Diesel,71.31
2018-08-08,Kolkata,Petrol,80.0
2018-08-08,Mumbai,Diesel,72.72
2018-08-08,Mumbai,Petrol,84.5
2018-08-09,Chennai,Diesel,72.35
2018-08-09,Chennai,Petrol,80.05
2018-08-09,Delhi,Diesel,68.5
2018-08-09,Delhi,Petrol,77.06
2018-08-09,Kolkata,Diesel,71.31
2018-08-09,Kolkata,Petrol,80.0
2018-08-09,Mumbai,Diesel,72.72
2018-08-09,Mumbai,Petrol,84.5
2018-08-10,Chennai,Diesel,72.43
2018-08-10,Chennai,Petrol,80.13
2018-08-10,Delhi,Diesel,68.57
2018-08-10,Delhi,Petrol,77.13
2018-08-10,Kolkata,Diesel,71.41
2018-08-10,Kolkata,Petrol,80.09
2018-08-10,Mumbai,Diesel,72.8
2018-08-10,Mumbai,Petrol,84.57
2018-08-11,Chennai,Diesel,72.57
2018-08-11,Chennai,Petrol,80.23
2018-08-11,Delhi,Diesel,68.71
2018-08-11,Delhi,Petrol,77.23
2018-08-11,Kolkata,Diesel,71.55
2018-08-11,Kolkata,Petrol,80.18
2018-08-11,Mumbai,Diesel,72.94
2018-08-11,Mumbai,Petrol,84.67
2018-08-12,Chennai,Diesel,72.64
2018-08-12,Chennai,Petrol,80.23
2018-08-12,Delhi,Diesel,68.77
2018-08-12,Delhi,Petrol,77.23
2018-08-12,Kolkata,Diesel,71.61
2018-08-12,Kolkata,Petrol,80.18
2018-08-12,Mumbai,Diesel,73.01
2018-08-12,Mumbai,Petrol,84.67
2018-08-13,Chennai,Diesel,72.59
2018-08-13,Chennai,Petrol,80.14
2018-08-13,Delhi,Diesel,68.72
2018-08-13,Delhi,Petrol,77.14
2018-08-13,Kolkata,Diesel,71.56
2018-08-13,Kolkata,Petrol,80.1
2018-08-13,Mumbai,Diesel,72.96
2018-08-13,Mumbai,Petrol,84.58
2018-08-14,Chennai,Diesel,72.59
2018-08-14,Chennai,Petrol,80.14
2018-08-14,Delhi,Diesel,68.72
2018-08-14,Delhi,Petrol,77.14
2018-08-14,Kolkata,Diesel,71.56
2018-08-14,Kolkata,Petrol,80.1
2018-08-14,Mumbai,Diesel,72.96
2018-08-14,Mumbai,Petrol,84.58
2018-08-15,Chennai,Diesel,72.59
2018-08-15,Chennai,Petrol,80.14
2018-08-15,Delhi,Diesel,68.72
2018-08-15,Delhi,Petrol,77.14
2018-08-15,Kolkata,Diesel,71.56
2018-08-15,Kolkata,Petrol,80.1
2018-08-15,Mumbai,Diesel,72.96
2018-08-15,Mumbai,Petrol,84.58
2018-08-16,Chennai,Diesel,72.65
2018-08-16,Chennai,Petrol,80.19
2018-08-16,Delhi,Diesel,68.78
2018-08-16,Delhi,Petrol,77.2
2018-08-16,Kolkata,Diesel,71.62
2018-08-16,Kolkata,Petrol,80.14
2018-08-16,Mumbai,Diesel,73.02
2018-08-16,Mumbai,Petrol,84.63
2018-08-17,Chennai,Diesel,72.74
2018-08-17,Chennai,Petrol,80.19
2018-08-17,Delhi,Diesel,68.86
2018-08-17,Delhi,Petrol,77.2
2018-08-17,Kolkata,Diesel,71.7
2018-08-17,Kolkata,Petrol,80.14
2018-08-17,Mumbai,Diesel,73.1
2018-08-17,Mumbai,Petrol,84.63
2018-08-18,Chennai,Diesel,72.74
2018-08-18,Chennai,Petrol,80.28
2018-08-18,Delhi,Diesel,68.86
2018-08-18,Delhi,Petrol,77.28
2018-08-18,Kolkata,Diesel,71.7
2018-08-18,Kolkata,Petrol,80.22
2018-08-18,Mumbai,Diesel,73.1
2018-08-18,Mumbai,Petrol,84.71
2018-08-19,Chennai,Diesel,72.8
2018-08-19,Chennai,Petrol,80.4
2018-08-19,Delhi,Diesel,68.92
2018-08-19,Delhi,Petrol,77.4
2018-08-19,Kolkata,Diesel,71.76
2018-08-19,Kolkata,Petrol,80.34
2018-08-19,Mumbai,Diesel,73.17
2018-08-19,Mumbai,Petrol,84.82
2018-08-20,Chennai,Diesel,72.93
2018-08-20,Chennai,Petrol,80.5
2018-08-20,Delhi,Diesel,69.04
2018-08-20,Delhi,Petrol,77.49
2018-08-20,Kolkata,Diesel,71.88
2018-08-20,Kolkata,Petrol,80.43
2018-08-20,Mumbai,Diesel,73.3
2018-08-20,Mumbai,Petrol,84.91
2018-08-21,Chennai,Diesel,72.99
2018-08-21,Chennai,Petrol,80.59
2018-08-21,Delhi,Diesel,69.1
2018-08-21,Delhi,Petrol,77.58
2018-08-21,Kolkata,Diesel,71.94
2018-08-21,Kolkata,Petrol,80.52
2018-08-21,Mumbai,Diesel,73.36
2018-08-21,Mumbai,Petrol,85.0
2018-08-22,Chennai,Diesel,72.99
2018-08-22,Chennai,Petrol,80.59
2018-08-22,Delhi,Diesel,69.1
2018-08-22,Delhi,Petrol,77.58
2018-08-22,Kolkata,Diesel,71.94
2018-08-22,Kolkata,Petrol,80.52
2018-08-22,Mumbai,Diesel,73.36
2018-08-22,Mumbai,Petrol,85.0
2018-08-23,Chennai,Diesel,72.99
2018-08-23,Chennai,Petrol,80.59
2018-08-23,Delhi,Diesel,69.1
2018-08-23,Delhi,Petrol,77.58
2018-08-23,Kolkata,Diesel,71.94
2018-08-23,Kolkata,Petrol,80.52
2018-08-23,Mumbai,Diesel,73.36
2018-08-23,Mumbai,Petrol,85.0
2018-08-24,Chennai,Diesel,73.08
2018-08-24,Chennai,Petrol,80.69
2018-08-24,Delhi,Diesel,69.18
2018-08-24,Delhi,Petrol,77.67
2018-08-24,Kolkata,Diesel,72.02
2018-08-24,Kolkata,Petrol,80.61
2018-08-24,Mumbai,Diesel,73.44
2018-08-24,Mumbai,Petrol,85.09
2018-08-25,Chennai,Diesel,73.08
2018-08-25,Chennai,Petrol,80.69
2018-08-25,Delhi,Diesel,69.18
2018-08-25,Delhi,Petrol,77.67
2018-08-25,Kolkata,Diesel,72.02
2018-08-25,Kolkata,Petrol,80.61
2018-08-25,Mumbai,Diesel,73.44
2018-08-25,Mumbai,Petrol,85.09
2018-08-26,Chennai,Diesel,73.23
2018-08-26,Chennai,Petrol,80.8
2018-08-26,Delhi,Diesel,69.32
2018-08-26,Delhi,Petrol,77.78
2018-08-26,Kolkata,Diesel,72.16
2018-08-26,Kolkata,Petrol,80.71
2018-08-26,Mumbai,Diesel,73.59
2018-08-26,Mumbai,Petrol,85.2
2018-08-27,Chennai,Diesel,73.38
2018-08-27,Chennai,Petrol,80.94
2018-08-27,Delhi,Diesel,69.46
2018-08-27,Delhi,Petrol,77.91
2018-08-27,Kolkata,Diesel,72.31
2018-08-27,Kolkata,Petrol,80.84
2018-08-27,Mumbai,Diesel,73.74
2018-08-27,Mumbai,Petrol,85.33
2018-08-28,Chennai,Diesel,73.54
2018-08-28,Chennai,Petrol,81.09
2018-08-28,Delhi,Diesel,69.61
2018-08-28,Delhi,Petrol,78.05
2018-08-28,Kolkata,Diesel,72.46
2018-08-28,Kolkata,Petrol,80.98
2018-08-28,Mumbai,Diesel,73.9
2018-08-28,Mumbai,Petrol,85.47
2018-08-29,Chennai,Diesel,73.69
2018-08-29,Chennai,Petrol,81.22
2018-08-29,Delhi,Diesel,69.75
2018-08-29,Delhi,Petrol,78.18
2018-08-29,Kolkata,Diesel,72.6
2018-08-29,Kolkata,Petrol,81.11
2018-08-29,Mumbai,Diesel,74.05
2018-08-29,Mumbai,Petrol,85.6
2018-08-30,Chennai,Diesel,73.88
2018-08-30,Chennai,Petrol,81.35
2018-08-30,Delhi,Diesel,69.93
2018-08-30,Delhi,Petrol,78.3
2018-08-30,Kolkata,Diesel,72.78
2018-08-30,Kolkata,Petrol,81.23
2018-08-30,Mumbai,Diesel,74.24
2018-08-30,Mumbai,Petrol,85.72
2018-08-31,Chennai,Diesel,74.18
2018-08-31,Chennai,Petrol,81.58
2018-08-31,Delhi,Diesel,70.21
2018-08-31,Delhi,Petrol,78.52
2018-08-31,Kolkata,Diesel,73.06
2018-08-31,Kolkata,Petrol,81.44
2018-08-31,Mumbai,Diesel,74.54
2018-08-31,Mumbai,Petrol,85.93
2018-09-01,Chennai,Diesel,74.41
2018-09-01,Chennai,Petrol,81.75
2018-09-01,Delhi,Diesel,70.42
2018-09-01,Delhi,Petrol,78.68
2018-09-01,Kolkata,Diesel,73.27
2018-09-01,Kolkata,Petrol,81.6
2018-09-01,Mumbai,Diesel,74.76
2018-09-01,Mumbai,Petrol,86.09
2018-09-02,Chennai,Diesel,74.77
2018-09-02,Chennai,Petrol,81.92
2018-09-02,Delhi,Diesel,70.76
2018-09-02,Delhi,Petrol,78.84
2018-09-02,Kolkata,Diesel,73.61
2018-09-02,Kolkata,Petrol,81.76
2018-09-02,Mumbai,Diesel,75.12
2018-09-02,Mumbai,Petrol,86.25
2018-09-03,Chennai,Diesel,75.19
2018-09-03,Chennai,Petrol,82.24
2018-09-03,Delhi,Diesel,71.15
2018-09-03,Delhi,Petrol,79.15
2018-09-03,Kolkata,Diesel,74.0
2018-09-03,Kolkata,Petrol,82.06
2018-09-03,Mumbai,Diesel,75.54
2018-09-03,Mumbai,Petrol,86.56
2018-09-04,Chennai,Diesel,75.39
2018-09-04,Chennai,Petrol,82.41
2018-09-04,Delhi,Diesel,71.34
2018-09-04,Delhi,Petrol,79.31
2018-09-04,Kolkata,Diesel,74.19
2018-09-04,Kolkata,Petrol,82.22
2018-09-04,Mumbai,Diesel,75.74
2018-09-04,Mumbai,Petrol,86.72
2018-09-05,Chennai,Diesel,75.39
2018-09-05,Chennai,Petrol,82.41
2018-09-05,Delhi,Diesel,71.34
2018-09-05,Delhi,Petrol,79.31
2018-09-05,Kolkata,Diesel,74.19
2018-09-05,Kolkata,Petrol,82.22
2018-09-05,Mumbai,Diesel,75.74
2018-09-05,Mumbai,Petrol,86.72
2018-09-06,Chennai,Diesel,75.61
2018-09-06,Chennai,Petrol,82.62
2018-09-06,Delhi,Diesel,71.55
2018-09-06,Delhi,Petrol,79.51
2018-09-06,Kolkata,Diesel,74.4
2018-09-06,Kolkata,Petrol,82.41
2018-09-06,Mumbai,Diesel,75.96
2018-09-06,Mumbai,Petrol,86.91
2018-09-07,Chennai,Diesel,76.17
2018-09-07,Chennai,Petrol,83.13
2018-09-07,Delhi,Diesel,72.07
2018-09-07,Delhi,Petrol,79.99
2018-09-07,Kolkata,Diesel,74.92
2018-09-07,Kolkata,Petrol,82.88
2018-09-07,Mumbai,Diesel,76.51
2018-09-07,Mumbai,Petrol,87.39
2018-09-08,Chennai,Diesel,76.64
2018-09-08,Chennai,Petrol,83.54
2018-09-08,Delhi,Diesel,72.51
2018-09-08,Delhi,Petrol,80.38
2018-09-08,Kolkata,Diesel,75.36
2018-09-08,Kolkata,Petrol,83.27
2018-09-08,Mumbai,Diesel,76.98
2018-09-08,Mumbai,Petrol,87.77
2018-09-09,Chennai,Diesel,76.75
2018-09-09,Chennai,Petrol,83.66
2018-09-09,Delhi,Diesel,72.61
2018-09-09,Delhi,Petrol,80.5
2018-09-09,Kolkata,Diesel,75.46
2018-09-09,Kolkata,Petrol,83.39
2018-09-09,Mumbai,Diesel,77.09
2018-09-09,Mumbai,Petrol,87.89
2018-09-10,Chennai,Diesel,76.98
2018-09-10,Chennai,Petrol,83.91
2018-09-10,Delhi,Diesel,72.83
2018-09-10,Delhi,Petrol,80.73
2018-09-10,Kolkata,Diesel,75.68
2018-09-10,Kolkata,Petrol,83.61
2018-09-10,Mumbai,Diesel,77.32
2018-09-10,Mumbai,Petrol,88.12
2018-09-11,Chennai,Diesel,77.13
2018-09-11,Chennai,Petrol,84.05
2018-09-11,Delhi,Diesel,72.97
2018-09-11,Delhi,Petrol,80.87
2018-09-11,Kolkata,Diesel,75.82
2018-09-11,Kolkata,Petrol,83.75
2018-09-11,Mumbai,Diesel,77.47
2018-09-11,Mumbai,Petrol,88.26
2018-09-12,Chennai,Diesel,77.13
2018-09-12,Chennai,Petrol,84.05
2018-09-12,Delhi,Diesel,72.97
2018-09-12,Delhi,Petrol,80.87
2018-09-12,Kolkata,Diesel,74.82
2018-09-12,Kolkata,Petrol,82.74
2018-09-12,Mumbai,Diesel,77.47
2018-09-12,Mumbai,Petrol,88.26
2018-09-13,Chennai,Diesel,77.25
2018-09-13,Chennai,Petrol,84.19
2018-09-13,Delhi,Diesel,73.08
2018-09-13,Delhi,Petrol,81.0
2018-09-13,Kolkata,Diesel,74.93
2018-09-13,Kolkata,Petrol,82.87
2018-09-13,Mumbai,Diesel,77.58
2018-09-13,Mumbai,Petrol,88.39
2018-09-14,Chennai,Diesel,77.49
2018-09-14,Chennai,Petrol,84.49
2018-09-14,Delhi,Diesel,73.3
2018-09-14,Delhi,Petrol,81.28
2018-09-14,Kolkata,Diesel,75.15
2018-09-14,Kolkata,Petrol,83.14
2018-09-14,Mumbai,Diesel,77.82
2018-09-14,Mumbai,Petrol,88.67
2018-09-15,Chennai,Diesel,77.74
2018-09-15,Chennai,Petrol,84.85
2018-09-15,Delhi,Diesel,73.54
2018-09-15,Delhi,Petrol,81.63
2018-09-15,Kolkata,Diesel,75.39
2018-09-15,Kolkata,Petrol,83.49
2018-09-15,Mumbai,Diesel,78.07
2018-09-15,Mumbai,Petrol,89.01
2018-09-16,Chennai,Diesel,77.94
2018-09-16,Chennai,Petrol,85.15
2018-09-16,Delhi,Diesel,73.72
2018-09-16,Delhi,Petrol,81.91
2018-09-16,Kolkata,Diesel,75.57
2018-09-16,Kolkata,Petrol,83.76
2018-09-16,Mumbai,Diesel,78.26
2018-09-16,Mumbai,Petrol,89.29
2018-09-17,Chennai,Diesel,78.0
2018-09-17,Chennai,Petrol,85.31
2018-09-17,Delhi,Diesel,73.78
2018-09-17,Delhi,Petrol,82.06
2018-09-17,Kolkata,Diesel,75.63
2018-09-17,Kolkata,Petrol,83.91
2018-09-17,Mumbai,Diesel,78.33
2018-09-17,Mumbai,Petrol,89.44
2018-09-18,Chennai,Diesel,78.1
2018-09-18,Chennai,Petrol,85.41
2018-09-18,Delhi,Diesel,73.87
2018-09-18,Delhi,Petrol,82.16
2018-09-18,Kolkata,Diesel,75.72
2018-09-18,Kolkata,Petrol,84.01
2018-09-18,Mumbai,Diesel,78.42
2018-09-18,Mumbai,Petrol,89.54
2018-09-19,Chennai,Diesel,78.1
2018-09-19,Chennai,Petrol,85.41
2018-09-19,Delhi,Diesel,73.87
2018-09-19,Delhi,Petrol,82.16
2018-09-19,Kolkata,Diesel,75.72
2018-09-19,Kolkata,Petrol,84.01
2018-09-19,Mumbai,Diesel,78.42
2018-09-19,Mumbai,Petrol,89.54
2018-09-20,Chennai,Diesel,78.1
2018-09-20,Chennai,Petrol,85.48
2018-09-20,Delhi,Diesel,73.87
2018-09-20,Delhi,Petrol,82.22
2018-09-20,Kolkata,Diesel,75.72
2018-09-20,Kolkata,Petrol,84.07
2018-09-20,Mumbai,Diesel,78.42
2018-09-20,Mumbai,Petrol,89.6
2018-09-21,Chennai,Diesel,78.1
2018-09-21,Chennai,Petrol,85.58
2018-09-21,Delhi,Diesel,73.87
2018-09-21,Delhi,Petrol,82.32
2018-09-21,Kolkata,Diesel,75.72
2018-09-21,Kolkata,Petrol,84.16
2018-09-21,Mumbai,Diesel,78.42
2018-09-21,Mumbai,Petrol,89.69
2018-09-22,Chennai,Diesel,78.1
2018-09-22,Chennai,Petrol,85.69
2018-09-22,Delhi,Diesel,73.87
2018-09-22,Delhi,Petrol,82.44
2018-09-22,Kolkata,Diesel,75.72
2018-09-22,Kolkata,Petrol,84.27
2018-09-22,Mumbai,Diesel,78.42
2018-09-22,Mumbai,Petrol,89.8
2018-09-23,Chennai,Diesel,78.2
2018-09-23,Chennai,Petrol,85.87
2018-09-23,Delhi,Diesel,73.97
2018-09-23,Delhi,Petrol,82.61
2018-09-23,Kolkata,Diesel,75.82
2018-09-23,Kolkata,Petrol,84.44
2018-09-23,Mumbai,Diesel,78.53
2018-09-23,Mumbai,Petrol,89.97
2018-09-24,Chennai,Diesel,78.26
2018-09-24,Chennai,Petrol,85.99
2018-09-24,Delhi,Diesel,74.02
2018-09-24,Delhi,Petrol,82.72
2018-09-24,Kolkata,Diesel,75.87
2018-09-24,Kolkata,Petrol,84.54
2018-09-24,Mumbai,Diesel,78.58
2018-09-24,Mumbai,Petrol,90.08
2018-09-25,Chennai,Diesel,78.36
2018-09-25,Chennai,Petrol,86.13
2018-09-25,Delhi,Diesel,74.12
2018-09-25,Delhi,Petrol,82.86
2018-09-25,Kolkata,Diesel,75.97
2018-09-25,Kolkata,Petrol,84.68
2018-09-25,Mumbai,Diesel,78.69
2018-09-25,Mumbai,Petrol,90.22
2018-09-26,Chennai,Diesel,78.36
2018-09-26,Chennai,Petrol,86.13
2018-09-26,Delhi,Diesel,74.12
2018-09-26,Delhi,Petrol,82.86
2018-09-26,Kolkata,Diesel,75.97
2018-09-26,Kolkata,Petrol,84.68
2018-09-26,Mumbai,Diesel,78.69
2018-09-26,Mumbai,Petrol,90.22
2018-09-27,Chennai,Diesel,78.49
2018-09-27,Chennai,Petrol,86.28
2018-09-27,Delhi,Diesel,74.24
2018-09-27,Delhi,Petrol,83.0
2018-09-27,Kolkata,Diesel,76.09
2018-09-27,Kolkata,Petrol,84.82
2018-09-27,Mumbai,Diesel,78.82
2018-09-27,Mumbai,Petrol,90.35
2018-09-28,Chennai,Diesel,78.69
2018-09-28,Chennai,Petrol,86.51
2018-09-28,Delhi,Diesel,74.42
2018-09-28,Delhi,Petrol,83.22
2018-09-28,Kolkata,Diesel,76.27
2018-09-28,Kolkata,Petrol,85.03
2018-09-28,Mumbai,Diesel,79.01
2018-09-28,Mumbai,Petrol,90.57
2018-09-29,Chennai,Diesel,78.91
2018-09-29,Chennai,Petrol,86.7
2018-09-29,Delhi,Diesel,74.63
2018-09-29,Delhi,Petrol,83.4
2018-09-29,Kolkata,Diesel,76.48
2018-09-29,Kolkata,Petrol,85.21
2018-09-29,Mumbai,Diesel,79.23
2018-09-29,Mumbai,Petrol,90.75
2018-09-30,Chennai,Diesel,79.08
2018-09-30,Chennai,Petrol,86.8
2018-09-30,Delhi,Diesel,74.79
2018-09-30,Delhi,Petrol,83.49
2018-09-30,Kolkata,Diesel,76.64
2018-09-30,Kolkata,Petrol,85.3
2018-09-30,Mumbai,Diesel,79.4
2018-09-30,Mumbai,Petrol,90.84
2018-10-01,Chennai,Diesel,79.4
2018-10-01,Chennai,Petrol,87.05
2018-10-01,Delhi,Diesel,75.09
2018-10-01,Delhi,Petrol,83.73
2018-10-01,Kolkata,Diesel,76.94
2018-10-01,Kolkata,Petrol,85.53
2018-10-01,Mumbai,Diesel,79.72
2018-10-01,Mumbai,Petrol,91.08
2018-10-02,Chennai,Diesel,79.57
2018-10-02,Chennai,Petrol,87.18
2018-10-02,Delhi,Diesel,75.25
2018-10-02,Delhi,Petrol,83.85
2018-10-02,Kolkata,Diesel,77.1
2018-10-02,Kolkata,Petrol,85.65
2018-10-02,Mumbai,Diesel,79.89
2018-10-02,Mumbai,Petrol,91.2
2018-10-03,Chennai,Diesel,79.57
2018-10-03,Chennai,Petrol,87.18
2018-10-03,Delhi,Diesel,75.25
2018-10-03,Delhi,Petrol,83.85
2018-10-03,Kolkata,Diesel,77.1
2018-10-03,Kolkata,Petrol,85.65
2018-10-03,Mumbai,Diesel,79.89
2018-10-03,Mumbai,Petrol,91.2
2018-10-04,Chennai,Diesel,79.79
2018-10-04,Chennai,Petrol,87.33
2018-10-04,Delhi,Diesel,75.45
2018-10-04,Delhi,Petrol,84.0
2018-10-04,Kolkata,Diesel,77.3
2018-10-04,Kolkata,Petrol,85.8
2018-10-04,Mumbai,Diesel,80.1
2018-10-04,Mumbai,Petrol,91.34
2018-10-05,Chennai,Diesel,77.11
2018-10-05,Chennai,Petrol,84.7
2018-10-05,Delhi,Diesel,72.95
2018-10-05,Delhi,Petrol,81.5
2018-10-05,Kolkata,Diesel,74.8
2018-10-05,Kolkata,Petrol,83.3
2018-10-05,Mumbai,Diesel,77.45
2018-10-05,Mumbai,Petrol,86.97
2018-10-06,Chennai,Diesel,77.42
2018-10-06,Chennai,Petrol,84.89
2018-10-06,Delhi,Diesel,73.24
2018-10-06,Delhi,Petrol,81.68
2018-10-06,Kolkata,Diesel,75.09
2018-10-06,Kolkata,Petrol,83.52
2018-10-06,Mumbai,Diesel,76.75
2018-10-06,Mumbai,Petrol,87.15
2018-10-07,Chennai,Diesel,77.73
2018-10-07,Chennai,Petrol,85.04
2018-10-07,Delhi,Diesel,73.53
2018-10-07,Delhi,Petrol,81.82
2018-10-07,Kolkata,Diesel,75.38
2018-10-07,Kolkata,Petrol,83.66
2018-10-07,Mumbai,Diesel,77.06
2018-10-07,Mumbai,Petrol,87.29
2018-10-08,Chennai,Diesel,78.04
2018-10-08,Chennai,Petrol,85.26
2018-10-08,Delhi,Diesel,73.82
2018-10-08,Delhi,Petrol,82.03
2018-10-08,Kolkata,Diesel,75.67
2018-10-08,Kolkata,Petrol,83.87
2018-10-08,Mumbai,Diesel,77.37
2018-10-08,Mumbai,Petrol,87.5
2018-10-09,Chennai,Diesel,78.35
2018-10-09,Chennai,Petrol,85.5
2018-10-09,Delhi,Diesel,74.11
2018-10-09,Delhi,Petrol,82.26
2018-10-09,Kolkata,Diesel,75.96
2018-10-09,Kolkata,Petrol,84.09
2018-10-09,Mumbai,Diesel,77.68
2018-10-09,Mumbai,Petrol,87.73
2018-10-10,Chennai,Diesel,78.61
2018-10-10,Chennai,Petrol,85.5
2018-10-10,Delhi,Diesel,74.35
2018-10-10,Delhi,Petrol,82.26
2018-10-10,Kolkata,Diesel,76.2
2018-10-10,Kolkata,Petrol,84.09
2018-10-10,Mumbai,Diesel,77.93
2018-10-10,Mumbai,Petrol,87.73
2018-10-11,Chennai,Diesel,78.9
2018-10-11,Chennai,Petrol,85.61
2018-10-11,Delhi,Diesel,74.62
2018-10-11,Delhi,Petrol,82.36
2018-10-11,Kolkata,Diesel,76.47
2018-10-11,Kolkata,Petrol,84.19
2018-10-11,Mumbai,Diesel,78.22
2018-10-11,Mumbai,Petrol,87.82
2018-10-12,Chennai,Diesel,79.2
2018-10-12,Chennai,Petrol,85.73
2018-10-12,Delhi,Diesel,74.9
2018-10-12,Delhi,Petrol,82.48
2018-10-12,Kolkata,Diesel,76.75
2018-10-12,Kolkata,Petrol,84.31
2018-10-12,Mumbai,Diesel,78.51
2018-10-12,Mumbai,Petrol,87.94
2018-10-13,Chennai,Diesel,79.51
2018-10-13,Chennai,Petrol,85.92
2018-10-13,Delhi,Diesel,75.19
2018-10-13,Delhi,Petrol,82.66
2018-10-13,Kolkata,Diesel,77.04
2018-10-13,Kolkata,Petrol,84.48
2018-10-13,Mumbai,Diesel,78.82
2018-10-13,Mumbai,Petrol,88.12
2018-10-14,Chennai,Diesel,79.71
2018-10-14,Chennai,Petrol,85.99
2018-10-14,Delhi,Diesel,75.38
2018-10-14,Delhi,Petrol,82.72
2018-10-14,Kolkata,Diesel,77.23
2018-10-14,Kolkata,Petrol,84.54
2018-10-14,Mumbai,Diesel,79.02
2018-10-14,Mumbai,Petrol,88.18
2018-10-15,Chennai,Diesel,79.8
2018-10-15,Chennai,Petrol,85.99
2018-10-15,Delhi,Diesel,75.46
2018-10-15,Delhi,Petrol,82.72
2018-10-15,Kolkata,Diesel,77.31
2018-10-15,Kolkata,Petrol,84.54
2018-10-15,Mumbai,Diesel,79.11
2018-10-15,Mumbai,Petrol,88.18
2018-10-16,Chennai,Diesel,80.04
2018-10-16,Chennai,Petrol,86.1
2018-10-16,Delhi,Diesel,75.69
2018-10-16,Delhi,Petrol,82.83
2018-10-16,Kolkata,Diesel,77.54
2018-10-16,Kolkata,Petrol,84.65
2018-10-16,Mumbai,Diesel,79.35
2018-10-16,Mumbai,Petrol,88.29
2018-10-17,Chennai,Diesel,80.04
2018-10-17,Chennai,Petrol,86.1
2018-10-17,Delhi,Diesel,75.69
2018-10-17,Delhi,Petrol,82.83
2018-10-17,Kolkata,Diesel,77.54
2018-10-17,Kolkata,Petrol,84.65
2018-10-17,Mumbai,Diesel,79.35
2018-10-17,Mumbai,Petrol,88.29
2018-10-18,Chennai,Diesel,79.93
2018-10-18,Chennai,Petrol,85.88
2018-10-18,Delhi,Diesel,75.58
2018-10-18,Delhi,Petrol,82.62
2018-10-18,Kolkata,Diesel,77.43
2018-10-18,Kolkata,Petrol,84.44
2018-10-18,Mumbai,Diesel,79.24
2018-10-18,Mumbai,Petrol,88.08
2018-10-19,Chennai,Diesel,79.82
2018-10-19,Chennai,Petrol,85.63
2018-10-19,Delhi,Diesel,75.48
2018-10-19,Delhi,Petrol,82.38
2018-10-19,Kolkata,Diesel,77.33
2018-10-19,Kolkata,Petrol,84.21
2018-10-19,Mumbai,Diesel,79.13
2018-10-19,Mumbai,Petrol,87.84
2018-10-20,Chennai,Diesel,79.69
2018-10-20,Chennai,Petrol,85.22
2018-10-20,Delhi,Diesel,75.36
2018-10-20,Delhi,Petrol,81.99
2018-10-20,Kolkata,Diesel,77.21
2018-10-20,Kolkata,Petrol,83.83
2018-10-20,Mumbai,Diesel,79.0
2018-10-20,Mumbai,Petrol,87.46
2018-10-21,Chennai,Diesel,79.51
2018-10-21,Chennai,Petrol,84.96
2018-10-21,Delhi,Diesel,75.19
2018-10-21,Delhi,Petrol,81.74
2018-10-21,Kolkata,Diesel,77.04
2018-10-21,Kolkata,Petrol,83.58
2018-10-21,Mumbai,Diesel,78.82
2018-10-21,Mumbai,Petrol,87.21
2018-10-22,Chennai,Diesel,79.22
2018-10-22,Chennai,Petrol,84.64
2018-10-22,Delhi,Diesel,74.92
2018-10-22,Delhi,Petrol,81.44
2018-10-22,Kolkata,Diesel,76.77
2018-10-22,Kolkata,Petrol,83.29
2018-10-22,Mumbai,Diesel,78.54
2018-10-22,Mumbai,Petrol,86.91
2018-10-23,Chennai,Diesel,79.15
2018-10-23,Chennai,Petrol,84.53
2018-10-23,Delhi,Diesel,74.85
2018-10-23,Delhi,Petrol,81.34
2018-10-23,Kolkata,Diesel,76.7
2018-10-23,Kolkata,Petrol,83.19
2018-10-23,Mumbai,Diesel,78.46
2018-10-23,Mumbai,Petrol,86.81
2018-10-24,Chennai,Diesel,79.15
2018-10-24,Chennai,Petrol,84.44
2018-10-24,Delhi,Diesel,74.85
2018-10-24,Delhi,Petrol,81.25
2018-10-24,Kolkata,Diesel,76.7
2018-10-24,Kolkata,Petrol,83.1
2018-10-24,Mumbai,Diesel,78.46
2018-10-24,Mumbai,Petrol,86.73
2018-10-25,Chennai,Diesel,79.09
2018-10-25,Chennai,Petrol,84.28
2018-10-25,Delhi,Diesel,74.8
2018-10-25,Delhi,Petrol,81.1
2018-10-25,Kolkata,Diesel,76.65
2018-10-25,Kolkata,Petrol,82.95
2018-10-25,Mumbai,Diesel,78.41
2018-10-25,Mumbai,Petrol,86.58
2018-10-26,Chennai,Diesel,79.02
2018-10-26,Chennai,Petrol,84.02
2018-10-26,Delhi,Diesel,74.73
2018-10-26,Delhi,Petrol,80.85
2018-10-26,Kolkata,Diesel,76.58
2018-10-26,Kolkata,Petrol,82.71
2018-10-26,Mumbai,Diesel,78.33
2018-10-26,Mumbai,Petrol,86.33
2018-10-27,Chennai,Diesel,78.64
2018-10-27,Chennai,Petrol,83.6
2018-10-27,Delhi,Diesel,74.38
2018-10-27,Delhi,Petrol,80.45
2018-10-27,Kolkata,Diesel,76.23
2018-10-27,Kolkata,Petrol,82.31
2018-10-27,Mumbai,Diesel,77.96
2018-10-27,Mumbai,Petrol,85.93
2018-10-28,Chennai,Diesel,78.29
2018-10-28,Chennai,Petrol,83.18
2018-10-28,Delhi,Diesel,74.05
2018-10-28,Delhi,Petrol,80.05
2018-10-28,Kolkata,Diesel,75.9
2018-10-28,Kolkata,Petrol,81.92
2018-10-28,Mumbai,Diesel,77.61
2018-10-28,Mumbai,Petrol,85.54
2018-10-29,Chennai,Diesel,78.08
2018-10-29,Chennai,Petrol,82.86
2018-10-29,Delhi,Diesel,73.85
2018-10-29,Delhi,Petrol,79.75
2018-10-29,Kolkata,Diesel,75.7
2018-10-29,Kolkata,Petrol,81.63
2018-10-29,Mumbai,Diesel,77.4
2018-10-29,Mumbai,Petrol,85.24
2018-10-30,Chennai,Diesel,78.0
2018-10-30,Chennai,Petrol,82.65
2018-10-30,Delhi,Diesel,73.78
2018-10-30,Delhi,Petrol,79.55
2018-10-30,Kolkata,Diesel,75.63
2018-10-30,Kolkata,Petrol,81.43
2018-10-30,Mumbai,Diesel,77.32
2018-10-30,Mumbai,Petrol,85.04
2018-10-31,Chennai,Diesel,78.0
2018-10-31,Chennai,Petrol,82.65
2018-10-31,Delhi,Diesel,73.78
2018-10-31,Delhi,Petrol,79.55
2018-10-31,Kolkata,Diesel,75.63
2018-10-31,Kolkata,Petrol,81.43
2018-10-31,Mumbai,Diesel,77.32
2018-10-31,Mumbai,Petrol,85.04
2018-11-01,Chennai,Diesel,78.0
2018-11-01,Chennai,Petrol,82.46
2018-11-01,Delhi,Diesel,73.78
2018-11-01,Delhi,Petrol,79.37
2018-11-01,Kolkata,Diesel,75.63
2018-11-01,Kolkata,Petrol,81.25
2018-11-01,Mumbai,Diesel,77.32
2018-11-01,Mumbai,Petrol,84.86
2018-11-02,Chennai,Diesel,77.85
2018-11-02,Chennai,Petrol,82.26
2018-11-02,Delhi,Diesel,73.64
2018-11-02,Delhi,Petrol,79.18
2018-11-02,Kolkata,Diesel,75.5
2018-11-02,Kolkata,Petrol,81.08
2018-11-02,Mumbai,Diesel,77.18
2018-11-02,Mumbai,Petrol,84.68
2018-11-03,Chennai,Diesel,77.73
2018-11-03,Chennai,Petrol,82.06
2018-11-03,Delhi,Diesel,73.53
2018-11-03,Delhi,Petrol,78.99
2018-11-03,Kolkata,Diesel,75.39
2018-11-03,Kolkata,Petrol,80.89
2018-11-03,Mumbai,Diesel,77.06
2018-11-03,Mumbai,Petrol,84.49
2018-11-04,Chennai,Diesel,77.55
2018-11-04,Chennai,Petrol,81.84
2018-11-04,Delhi,Diesel,73.36
2018-11-04,Delhi,Petrol,78.78
2018-11-04,Kolkata,Diesel,75.22
2018-11-04,Kolkata,Petrol,80.68
2018-11-04,Mumbai,Diesel,76.88
2018-11-04,Mumbai,Petrol,84.28
2018-11-05,Chennai,Diesel,77.34
2018-11-05,Chennai,Petrol,81.61
2018-11-05,Delhi,Diesel,73.16
2018-11-05,Delhi,Petrol,78.56
2018-11-05,Kolkata,Diesel,75.02
2018-11-05,Kolkata,Petrol,80.47
2018-11-05,Mumbai,Diesel,76.67
2018-11-05,Mumbai,Petrol,84.06
2018-11-06,Chennai,Diesel,77.24
2018-11-06,Chennai,Petrol,81.46
2018-11-06,Delhi,Diesel,73.07
2018-11-06,Delhi,Petrol,78.42
2018-11-06,Kolkata,Diesel,74.93
2018-11-06,Kolkata,Petrol,80.33
2018-11-06,Mumbai,Diesel,76.57
2018-11-06,Mumbai,Petrol,83.92
2018-11-07,Chennai,Diesel,77.24
2018-11-07,Chennai,Petrol,81.46
2018-11-07,Delhi,Diesel,73.07
2018-11-07,Delhi,Petrol,78.42
2018-11-07,Kolkata,Diesel,74.93
2018-11-07,Kolkata,Petrol,80.33
2018-11-07,Mumbai,Diesel,76.57
2018-11-07,Mumbai,Petrol,83.92
2018-11-08,Chennai,Diesel,77.05
2018-11-08,Chennai,Petrol,81.24
2018-11-08,Delhi,Diesel,72.89
2018-11-08,Delhi,Petrol,78.21
2018-11-08,Kolkata,Diesel,74.75
2018-11-08,Kolkata,Petrol,80.13
2018-11-08,Mumbai,Diesel,76.38
2018-11-08,Mumbai,Petrol,83.72
2018-11-09,Chennai,Diesel,76.89
2018-11-09,Chennai,Petrol,81.08
2018-11-09,Delhi,Diesel,72.74
2018-11-09,Delhi,Petrol,78.06
2018-11-09,Kolkata,Diesel,74.6
2018-11-09,Kolkata,Petrol,79.98
2018-11-09,Mumbai,Diesel,76.22
2018-11-09,Mumbai,Petrol,83.57
2018-11-10,Chennai,Diesel,76.72
2018-11-10,Chennai,Petrol,80.9
2018-11-10,Delhi,Diesel,72.58
2018-11-10,Delhi,Petrol,77.89
2018-11-10,Kolkata,Diesel,74.44
2018-11-10,Kolkata,Petrol,79.81
2018-11-10,Mumbai,Diesel,76.05
2018-11-10,Mumbai,Petrol,83.4
2018-11-11,Chennai,Diesel,76.59
2018-11-11,Chennai,Petrol,80.73
2018-11-11,Delhi,Diesel,72.46
2018-11-11,Delhi,Petrol,77.73
2018-11-11,Kolkata,Diesel,74.32
2018-11-11,Kolkata,Petrol,79.65
2018-11-11,Mumbai,Diesel,75.92
2018-11-11,Mumbai,Petrol,83.24
2018-11-12,Chennai,Diesel,76.43
2018-11-12,Chennai,Petrol,80.56
2018-11-12,Delhi,Diesel,72.31
2018-11-12,Delhi,Petrol,77.56
2018-11-12,Kolkata,Diesel,74.17
2018-11-12,Kolkata,Petrol,79.49
2018-11-12,Mumbai,Diesel,75.76
2018-11-12,Mumbai,Petrol,83.07
2018-11-13,Chennai,Diesel,76.3
2018-11-13,Chennai,Petrol,80.42
2018-11-13,Delhi,Diesel,72.19
2018-11-13,Delhi,Petrol,77.43
2018-11-13,Kolkata,Diesel,74.05
2018-11-13,Kolkata,Petrol,79.36
2018-11-13,Mumbai,Diesel,75.64
2018-11-13,Mumbai,Petrol,82.94
2018-11-14,Chennai,Diesel,76.3
2018-11-14,Chennai,Petrol,80.42
2018-11-14,Delhi,Diesel,72.19
2018-11-14,Delhi,Petrol,77.43
2018-11-14,Kolkata,Diesel,74.05
2018-11-14,Kolkata,Petrol,79.36
2018-11-14,Mumbai,Diesel,75.64
2018-11-14,Mumbai,Petrol,82.94
2018-11-15,Chennai,Diesel,76.19
2018-11-15,Chennai,Petrol,80.26
2018-11-15,Delhi,Diesel,72.09
2018-11-15,Delhi,Petrol,77.28
2018-11-15,Kolkata,Diesel,73.95
2018-11-15,Kolkata,Petrol,79.21
2018-11-15,Mumbai,Diesel,75.53
2018-11-15,Mumbai,Petrol,82.8
2018-11-16,Chennai,Diesel,76.02
2018-11-16,Chennai,Petrol,80.07
2018-11-16,Delhi,Diesel,71.93
2018-11-16,Delhi,Petrol,77.1
2018-11-16,Kolkata,Diesel,73.79
2018-11-16,Kolkata,Petrol,79.04
2018-11-16,Mumbai,Diesel,75.36
2018-11-16,Mumbai,Petrol,82.62
2018-11-17,Chennai,Diesel,75.82
2018-11-17,Chennai,Petrol,79.87
2018-11-17,Delhi,Diesel,71.74
2018-11-17,Delhi,Petrol,76.91
2018-11-17,Kolkata,Diesel,73.6
2018-11-17,Kolkata,Petrol,78.85
2018-11-17,Mumbai,Diesel,75.16
2018-11-17,Mumbai,Petrol,82.43
2018-11-18,Chennai,Diesel,75.63
2018-11-18,Chennai,Petrol,79.66
2018-11-18,Delhi,Diesel,71.56
2018-11-18,Delhi,Petrol,76.71
2018-11-18,Kolkata,Diesel,73.42
2018-11-18,Kolkata,Petrol,78.65
2018-11-18,Mumbai,Diesel,74.97
2018-11-18,Mumbai,Petrol,82.23
2018-11-19,Chennai,Diesel,75.44
2018-11-19,Chennai,Petrol,79.46
2018-11-19,Delhi,Diesel,71.39
2018-11-19,Delhi,Petrol,76.52
2018-11-19,Kolkata,Diesel,73.25
2018-11-19,Kolkata,Petrol,78.47
2018-11-19,Mumbai,Diesel,74.79
2018-11-19,Mumbai,Petrol,82.04
2018-11-20,Chennai,Diesel,75.31
2018-11-20,Chennai,Petrol,79.31
2018-11-20,Delhi,Diesel,71.27
2018-11-20,Delhi,Petrol,76.38
2018-11-20,Kolkata,Diesel,73.13
2018-11-20,Kolkata,Petrol,78.33
2018-11-20,Mumbai,Diesel,74.66
2018-11-20,Mumbai,Petrol,81.9
2018-11-21,Chennai,Diesel,75.31
2018-11-21,Chennai,Petrol,79.31
2018-11-21,Delhi,Diesel,71.27
2018-11-21,Delhi,Petrol,76.38
2018-11-21,Kolkata,Diesel,73.13
2018-11-21,Kolkata,Petrol,78.33
2018-11-21,Mumbai,Diesel,74.66
2018-11-21,Mumbai,Petrol,81.9
2018-11-22,Chennai,Diesel,74.99
2018-11-22,Chennai,Petrol,78.88
2018-11-22,Delhi,Diesel,70.97
2018-11-22,Delhi,Petrol,75.97
2018-11-22,Kolkata,Diesel,72.83
2018-11-22,Kolkata,Petrol,77.93
2018-11-22,Mumbai,Diesel,74.34
2018-11-22,Mumbai,Petrol,81.5
2018-11-23,Chennai,Diesel,74.55
2018-11-23,Chennai,Petrol,78.46
2018-11-23,Delhi,Diesel,70.56
2018-11-23,Delhi,Petrol,75.57
2018-11-23,Kolkata,Diesel,72.41
2018-11-23,Kolkata,Petrol,77.53
2018-11-23,Mumbai,Diesel,73.91
2018-11-23,Mumbai,Petrol,81.1
2018-11-24,Chennai,Diesel,74.13
2018-11-24,Chennai,Petrol,78.12
2018-11-24,Delhi,Diesel,70.16
2018-11-24,Delhi,Petrol,75.25
2018-11-24,Kolkata,Diesel,72.01
2018-11-24,Kolkata,Petrol,77.22
2018-11-24,Mumbai,Diesel,73.48
2018-11-24,Mumbai,Petrol,80.79
2018-11-25,Chennai,Diesel,73.63
2018-11-25,Chennai,Petrol,77.69
2018-11-25,Delhi,Diesel,69.7
2018-11-25,Delhi,Petrol,74.84
2018-11-25,Kolkata,Diesel,71.55
2018-11-25,Kolkata,Petrol,76.82
2018-11-25,Mumbai,Diesel,72.99
2018-11-25,Mumbai,Petrol,80.38
2018-11-26,Chennai,Diesel,73.2
2018-11-26,Chennai,Petrol,77.32
2018-11-26,Delhi,Diesel,69.29
2018-11-26,Delhi,Petrol,74.49
2018-11-26,Kolkata,Diesel,71.14
2018-11-26,Kolkata,Petrol,76.47
2018-11-26,Mumbai,Diesel,72.56
2018-11-26,Mumbai,Petrol,80.03
2018-11-27,Chennai,Diesel,72.77
2018-11-27,Chennai,Petrol,76.88
2018-11-27,Delhi,Diesel,68.89
2018-11-27,Delhi,Petrol,74.07
2018-11-27,Kolkata,Diesel,70.74
2018-11-27,Kolkata,Petrol,76.06
2018-11-27,Mumbai,Diesel,72.13
2018-11-27,Mumbai,Petrol,79.62
2018-11-28,Chennai,Diesel,72.34
2018-11-28,Chennai,Petrol,76.35
2018-11-28,Delhi,Diesel,68.49
2018-11-28,Delhi,Petrol,73.57
2018-11-28,Kolkata,Diesel,70.34
2018-11-28,Kolkata,Petrol,75.57
2018-11-28,Mumbai,Diesel,71.71
2018-11-28,Mumbai,Petrol,79.12
2018-11-29,Chennai,Diesel,71.95
2018-11-29,Chennai,Petrol,76.01
2018-11-29,Delhi,Diesel,68.13
2018-11-29,Delhi,Petrol,73.24
2018-11-29,Kolkata,Diesel,69.98
2018-11-29,Kolkata,Petrol,75.24
2018-11-29,Mumbai,Diesel,71.33
2018-11-29,Mumbai,Petrol,78.8
2018-11-30,Chennai,Diesel,71.52
2018-11-30,Chennai,Petrol,75.62
2018-11-30,Delhi,Diesel,67.72
2018-11-30,Delhi,Petrol,72.87
2018-11-30,Kolkata,Diesel,69.57
2018-11-30,Kolkata,Petrol,74.88
2018-11-30,Mumbai,Diesel,70.89
2018-11-30,Mumbai,Petrol,78.43
2018-12-01,Chennai,Diesel,71.12
2018-12-01,Chennai,Petrol,75.26
2018-12-01,Delhi,Diesel,67.35
2018-12-01,Delhi,Petrol,72.53
2018-12-01,Kolkata,Diesel,69.08
2018-12-01,Kolkata,Petrol,74.55
2018-12-01,Mumbai,Diesel,70.5
2018-12-01,Mumbai,Petrol,78.09
2018-12-02,Chennai,Diesel,70.77
2018-12-02,Chennai,Petrol,74.94
2018-12-02,Delhi,Diesel,67.02
2018-12-02,Delhi,Petrol,72.23
2018-12-02,Kolkata,Diesel,68.75
2018-12-02,Kolkata,Petrol,74.25
2018-12-02,Mumbai,Diesel,70.15
2018-12-02,Mumbai,Petrol,77.8
2018-12-03,Chennai,Diesel,70.38
2018-12-03,Chennai,Petrol,74.63
2018-12-03,Delhi,Diesel,66.66
2018-12-03,Delhi,Petrol,71.93
2018-12-03,Kolkata,Diesel,68.39
2018-12-03,Kolkata,Petrol,73.96
2018-12-03,Mumbai,Diesel,69.77
2018-12-03,Mumbai,Petrol,77.5
2018-12-04,Chennai,Diesel,70.09
2018-12-04,Chennai,Petrol,74.41
2018-12-04,Delhi,Diesel,66.39
2018-12-04,Delhi,Petrol,71.72
2018-12-04,Kolkata,Diesel,68.12
2018-12-04,Kolkata,Petrol,73.75
2018-12-04,Mumbai,Diesel,69.48
2018-12-04,Mumbai,Petrol,77.29
2018-12-05,Chennai,Diesel,70.09
2018-12-05,Chennai,Petrol,74.41
2018-12-05,Delhi,Diesel,66.39
2018-12-05,Delhi,Petrol,71.72
2018-12-05,Kolkata,Diesel,68.12
2018-12-05,Kolkata,Petrol,73.75
2018-12-05,Mumbai,Diesel,69.48
2018-12-05,Mumbai,Petrol,77.29
2018-12-06,Chennai,Diesel,69.63
2018-12-06,Chennai,Petrol,73.99
2018-12-06,Delhi,Diesel,65.96
2018-12-06,Delhi,Petrol,71.32
2018-12-06,Kolkata,Diesel,67.69
2018-12-06,Kolkata,Petrol,73.36
2018-12-06,Mumbai,Diesel,69.02
2018-12-06,Mumbai,Petrol,76.9
2018-12-07,Chennai,Diesel,69.19
2018-12-07,Chennai,Petrol,73.57
2018-12-07,Delhi,Diesel,65.55
2018-12-07,Delhi,Petrol,70.92
2018-12-07,Kolkata,Diesel,67.28
2018-12-07,Kolkata,Petrol,72.97
2018-12-07,Mumbai,Diesel,68.59
2018-12-07,Mumbai,Petrol,76.5
2018-12-08,Chennai,Diesel,68.93
2018-12-08,Chennai,Petrol,73.33
2018-12-08,Delhi,Diesel,65.3
2018-12-08,Delhi,Petrol,70.7
2018-12-08,Kolkata,Diesel,67.03
2018-12-08,Kolkata,Petrol,72.75
2018-12-08,Mumbai,Diesel,68.32
2018-12-08,Mumbai,Petrol,76.28
2018-12-09,Chennai,Diesel,68.7
2018-12-09,Chennai,Petrol,73.18
2018-12-09,Delhi,Diesel,65.09
2018-12-09,Delhi,Petrol,70.55
2018-12-09,Kolkata,Diesel,66.82
2018-12-09,Kolkata,Petrol,72.6
2018-12-09,Mumbai,Diesel,68.1
2018-12-09,Mumbai,Petrol,76.13
2018-12-10,Chennai,Diesel,68.41
2018-12-10,Chennai,Petrol,72.92
2018-12-10,Delhi,Diesel,64.82
2018-12-10,Delhi,Petrol,70.31
2018-12-10,Kolkata,Diesel,66.55
2018-12-10,Kolkata,Petrol,72.37
2018-12-10,Mumbai,Diesel,67.81
2018-12-10,Mumbai,Petrol,75.9
2018-12-11,Chennai,Diesel,68.26
2018-12-11,Chennai,Petrol,72.82
2018-12-11,Delhi,Diesel,64.66
2018-12-11,Delhi,Petrol,70.2
2018-12-11,Kolkata,Diesel,66.4
2018-12-11,Kolkata,Petrol,72.28
2018-12-11,Mumbai,Diesel,67.66
2018-12-11,Mumbai,Petrol,75.8
2018-12-12,Chennai,Diesel,68.26
2018-12-12,Chennai,Petrol,72.82
2018-12-12,Delhi,Diesel,64.66
2018-12-12,Delhi,Petrol,70.2
2018-12-12,Kolkata,Diesel,67.4
2018-12-12,Kolkata,Petrol,73.28
2018-12-12,Mumbai,Diesel,67.66
2018-12-12,Mumbai,Petrol,75.8
2018-12-13,Chennai,Diesel,68.26
2018-12-13,Chennai,Petrol,72.94
2018-12-13,Delhi,Diesel,64.66
2018-12-13,Delhi,Petrol,70.29
2018-12-13,Kolkata,Diesel,66.4
2018-12-13,Kolkata,Petrol,72.38
2018-12-13,Mumbai,Diesel,67.66
2018-12-13,Mumbai,Petrol,75.91
2018-12-14,Chennai,Diesel,68.18
2018-12-14,Chennai,Petrol,72.94
2018-12-14,Delhi,Diesel,64.57
2018-12-14,Delhi,Petrol,70.29
2018-12-14,Kolkata,Diesel,66.33
2018-12-14,Kolkata,Petrol,72.38
2018-12-14,Mumbai,Diesel,67.58
2018-12-14,Mumbai,Petrol,75.91
2018-12-15,Chennai,Diesel,68.1
2018-12-15,Chennai,Petrol,72.99
2018-12-15,Delhi,Diesel,64.5
2018-12-15,Delhi,Petrol,70.34
2018-12-15,Kolkata,Diesel,66.26
2018-12-15,Kolkata,Petrol,72.43
2018-12-15,Mumbai,Diesel,67.5
2018-12-15,Mumbai,Petrol,75.96
2018-12-16,Chennai,Diesel,67.97
2018-12-16,Chennai,Petrol,72.99
2018-12-16,Delhi,Diesel,64.38
2018-12-16,Delhi,Petrol,70.34
2018-12-16,Kolkata,Diesel,66.14
2018-12-16,Kolkata,Petrol,72.43
2018-12-16,Mumbai,Diesel,67.38
2018-12-16,Mumbai,Petrol,75.96
2018-12-17,Chennai,Diesel,68.07
2018-12-17,Chennai,Petrol,73.19
2018-12-17,Delhi,Diesel,64.47
2018-12-17,Delhi,Petrol,70.53
2018-12-17,Kolkata,Diesel,66.23
2018-12-17,Kolkata,Petrol,72.62
2018-12-17,Mumbai,Diesel,67.47
2018-12-17,Mumbai,Petrol,76.15
2018-12-18,Chennai,Diesel,68.14
2018-12-18,Chennai,Petrol,73.29
2018-12-18,Delhi,Diesel,64.54
2018-12-18,Delhi,Petrol,70.63
2018-12-18,Kolkata,Diesel,66.3
2018-12-18,Kolkata,Petrol,72.71
2018-12-18,Mumbai,Diesel,67.55
2018-12-18,Mumbai,Petrol,76.25
2018-12-19,Chennai,Diesel,68.14
2018-12-19,Chennai,Petrol,73.29
2018-12-19,Delhi,Diesel,64.54
2018-12-19,Delhi,Petrol,70.63
2018-12-19,Kolkata,Diesel,66.3
2018-12-19,Kolkata,Petrol,72.71
2018-12-19,Mumbai,Diesel,67.55
2018-12-19,Mumbai,Petrol,76.25
2018-12-20,Chennai,Diesel,68.14
2018-12-20,Chennai,Petrol,73.29
2018-12-20,Delhi,Diesel,64.54
2018-12-20,Delhi,Petrol,70.63
2018-12-20,Kolkata,Diesel,66.3
2018-12-20,Kolkata,Petrol,72.71
2018-12-20,Mumbai,Diesel,67.55
2018-12-20,Mumbai,Petrol,76.25
2018-12-21,Chennai,Diesel,67.98
2018-12-21,Chennai,Petrol,73.11
2018-12-21,Delhi,Diesel,64.39
2018-12-21,Delhi,Petrol,70.46
2018-12-21,Kolkata,Diesel,66.15
2018-12-21,Kolkata,Petrol,72.55
2018-12-21,Mumbai,Diesel,67.39
2018-12-21,Mumbai,Petrol,76.08
2018-12-22,Chennai,Diesel,67.77
2018-12-22,Chennai,Petrol,72.91
2018-12-22,Delhi,Diesel,64.19
2018-12-22,Delhi,Petrol,70.27
2018-12-22,Kolkata,Diesel,65.95
2018-12-22,Kolkata,Petrol,72.36
2018-12-22,Mumbai,Diesel,67.17
2018-12-22,Mumbai,Petrol,75.89
2018-12-23,Chennai,Diesel,67.58
2018-12-23,Chennai,Petrol,72.7
2018-12-23,Delhi,Diesel,64.01
2018-12-23,Delhi,Petrol,70.07
2018-12-23,Kolkata,Diesel,65.77
2018-12-23,Kolkata,Petrol,72.16
2018-12-23,Mumbai,Diesel,66.98
2018-12-23,Mumbai,Petrol,75.69
2018-12-24,Chennai,Diesel,67.38
2018-12-24,Chennai,Petrol,72.48
2018-12-24,Delhi,Diesel,63.83
2018-12-24,Delhi,Petrol,69.86
2018-12-24,Kolkata,Diesel,65.59
2018-12-24,Kolkata,Petrol,71.96
2018-12-24,Mumbai,Diesel,66.79
2018-12-24,Mumbai,Petrol,75.48
2018-12-25,Chennai,Diesel,67.38
2018-12-25,Chennai,Petrol,72.41
2018-12-25,Delhi,Diesel,63.83
2018-12-25,Delhi,Petrol,69.79
2018-12-25,Kolkata,Diesel,65.59
2018-12-25,Kolkata,Petrol,71.89
2018-12-25,Mumbai,Diesel,66.79
2018-12-25,Mumbai,Petrol,75.41
2018-12-26,Chennai,Diesel,67.38
2018-12-26,Chennai,Petrol,72.41
2018-12-26,Delhi,Diesel,63.83
2018-12-26,Delhi,Petrol,69.79
2018-12-26,Kolkata,Diesel,65.59
2018-12-26,Kolkata,Petrol,71.89
2018-12-26,Mumbai,Diesel,66.79
2018-12-26,Mumbai,Petrol,75.41
2018-12-27,Chennai,Diesel,67.31
2018-12-27,Chennai,Petrol,72.36
2018-12-27,Delhi,Diesel,63.76
2018-12-27,Delhi,Petrol,69.74
2018-12-27,Kolkata,Diesel,65.51
2018-12-27,Kolkata,Petrol,71.84
2018-12-27,Mumbai,Diesel,66.72
2018-12-27,Mumbai,Petrol,75.36
2018-12-28,Chennai,Diesel,67.16
2018-12-28,Chennai,Petrol,72.16
2018-12-28,Delhi,Diesel,63.62
2018-12-28,Delhi,Petrol,69.55
2018-12-28,Kolkata,Diesel,65.37
2018-12-28,Kolkata,Petrol,71.65
2018-12-28,Mumbai,Diesel,66.57
2018-12-28,Mumbai,Petrol,75.18
2018-12-29,Chennai,Diesel,66.84
2018-12-29,Chennai,Petrol,71.85
2018-12-29,Delhi,Diesel,63.32
2018-12-29,Delhi,Petrol,69.26
2018-12-29,Kolkata,Diesel,65.07
2018-12-29,Kolkata,Petrol,71.37
2018-12-29,Mumbai,Diesel,66.25
2018-12-29,Mumbai,Petrol,74.89
2018-12-30,Chennai,Diesel,66.59
2018-12-30,Chennai,Petrol,71.62
2018-12-30,Delhi,Diesel,63.09
2018-12-30,Delhi,Petrol,69.04
2018-12-30,Kolkata,Diesel,64.84
2018-12-30,Kolkata,Petrol,71.15
2018-12-30,Mumbai,Diesel,66.01
2018-12-30,Mumbai,Petrol,74.67
2018-12-31,Chennai,Diesel,66.35
2018-12-31,Chennai,Petrol,71.41
2018-12-31,Delhi,Diesel,62.86
2018-12-31,Delhi,Petrol,68.84
2018-12-31,Kolkata,Diesel,64.61
2018-12-31,Kolkata,Petrol,70.96
2018-12-31,Mumbai,Diesel,65.76
2018-12-31,Mumbai,Petrol,74.47
2019-01-01,Chennai,Diesel,66.14
2019-01-01,Chennai,Petrol,71.22
2019-01-01,Delhi,Diesel,62.66
2019-01-01,Delhi,Petrol,68.65
2019-01-01,Kolkata,Diesel,64.42
2019-01-01,Kolkata,Petrol,70.78
2019-01-01,Mumbai,Diesel,65.56
2019-01-01,Mumbai,Petrol,74.3
2019-01-02,Chennai,Diesel,66.14
2019-01-02,Chennai,Petrol,71.22
2019-01-02,Delhi,Diesel,62.66
2019-01-02,Delhi,Petrol,68.65
2019-01-02,Kolkata,Diesel,64.42
2019-01-02,Kolkata,Petrol,70.78
2019-01-02,Mumbai,Diesel,65.56
2019-01-02,Mumbai,Petrol,74.3
2019-01-03,Chennai,Diesel,66.14
2019-01-03,Chennai,Petrol,71.22
2019-01-03,Delhi,Diesel,62.66
2019-01-03,Delhi,Petrol,68.65
2019-01-03,Kolkata,Diesel,64.42
2019-01-03,Kolkata,Petrol,70.78
2019-01-03,Mumbai,Diesel,65.56
2019-01-03,Mumbai,Petrol,74.3
2019-01-04,Chennai,Diesel,65.91
2019-01-04,Chennai,Petrol,71.01
2019-01-04,Delhi,Diesel,62.44
2019-01-04,Delhi,Petrol,68.44
2019-01-04,Kolkata,Diesel,64.21
2019-01-04,Kolkata,Petrol,70.58
2019-01-04,Mumbai,Diesel,65.34
2019-01-04,Mumbai,Petrol,74.1
2019-01-05,Chennai,Diesel,65.72
2019-01-05,Chennai,Petrol,70.85
2019-01-05,Delhi,Diesel,62.26
2019-01-05,Delhi,Petrol,68.29
2019-01-05,Kolkata,Diesel,64.03
2019-01-05,Kolkata,Petrol,70.43
2019-01-05,Mumbai,Diesel,65.14
2019-01-05,Mumbai,Petrol,73.95
2019-01-06,Chennai,Diesel,65.62
2019-01-06,Chennai,Petrol,70.85
2019-01-06,Delhi,Diesel,62.16
2019-01-06,Delhi,Petrol,68.29
2019-01-06,Kolkata,Diesel,63.93
2019-01-06,Kolkata,Petrol,70.43
2019-01-06,Mumbai,Diesel,65.04
2019-01-06,Mumbai,Petrol,73.95
2019-01-07,Chennai,Diesel,65.7
2019-01-07,Chennai,Petrol,71.07
2019-01-07,Delhi,Diesel,62.24
2019-01-07,Delhi,Petrol,68.5
2019-01-07,Kolkata,Diesel,64.01
2019-01-07,Kolkata,Petrol,70.64
2019-01-07,Mumbai,Diesel,65.12
2019-01-07,Mumbai,Petrol,74.16
2019-01-08,Chennai,Diesel,65.7
2019-01-08,Chennai,Petrol,71.07
2019-01-08,Delhi,Diesel,62.24
2019-01-08,Delhi,Petrol,68.5
2019-01-08,Kolkata,Diesel,64.01
2019-01-08,Kolkata,Petrol,70.64
2019-01-08,Mumbai,Diesel,65.12
2019-01-08,Mumbai,Petrol,74.16
2019-01-09,Chennai,Diesel,65.7
2019-01-09,Chennai,Petrol,71.07
2019-01-09,Delhi,Diesel,62.24
2019-01-09,Delhi,Petrol,68.5
2019-01-09,Kolkata,Diesel,64.01
2019-01-09,Kolkata,Petrol,70.64
2019-01-09,Mumbai,Diesel,65.12
2019-01-09,Mumbai,Petrol,74.16
2019-01-10,Chennai,Diesel,66.01
2019-01-10,Chennai,Petrol,71.47
2019-01-10,Delhi,Diesel,62.53
2019-01-10,Delhi,Petrol,68.88
2019-01-10,Kolkata,Diesel,64.3
2019-01-10,Kolkata,Petrol,71.01
2019-01-10,Mumbai,Diesel,65.43
2019-01-10,Mumbai,Petrol,74.53
2019-01-11,Chennai,Diesel,66.31
2019-01-11,Chennai,Petrol,71.67
2019-01-11,Delhi,Diesel,62.81
2019-01-11,Delhi,Petrol,69.07
2019-01-11,Kolkata,Diesel,64.58
2019-01-11,Kolkata,Petrol,71.2
2019-01-11,Mumbai,Diesel,65.73
2019-01-11,Mumbai,Petrol,74.72
2019-01-12,Chennai,Diesel,66.62
2019-01-12,Chennai,Petrol,71.87
2019-01-12,Delhi,Diesel,63.1
2019-01-12,Delhi,Petrol,69.26
2019-01-12,Kolkata,Diesel,64.87
2019-01-12,Kolkata,Petrol,71.39
2019-01-12,Mumbai,Diesel,66.04
2019-01-12,Mumbai,Petrol,74.91
2019-01-13,Chennai,Diesel,67.25
2019-01-13,Chennai,Petrol,72.39
2019-01-13,Delhi,Diesel,63.69
2019-01-13,Delhi,Petrol,69.75
2019-01-13,Kolkata,Diesel,65.46
2019-01-13,Kolkata,Petrol,71.87
2019-01-13,Mumbai,Diesel,66.66
2019-01-13,Mumbai,Petrol,75.39
2019-01-14,Chennai,Diesel,67.78
2019-01-14,Chennai,Petrol,72.79
2019-01-14,Delhi,Diesel,64.18
2019-01-14,Delhi,Petrol,70.13
2019-01-14,Kolkata,Diesel,65.95
2019-01-14,Kolkata,Petrol,72.24
2019-01-14,Mumbai,Diesel,67.18
2019-01-14,Mumbai,Petrol,75.77
2019-01-15,Chennai,Diesel,68.09
2019-01-15,Chennai,Petrol,73.08
2019-01-15,Delhi,Diesel,64.47
2019-01-15,Delhi,Petrol,70.41
2019-01-15,Kolkata,Diesel,66.24
2019-01-15,Kolkata,Petrol,72.52
2019-01-15,Mumbai,Diesel,67.49
2019-01-15,Mumbai,Petrol,76.05
2019-01-16,Chennai,Diesel,68.22
2019-01-16,Chennai,Petrol,73.0
2019-01-16,Delhi,Diesel,64.59
2019-01-16,Delhi,Petrol,70.33
2019-01-16,Kolkata,Diesel,66.36
2019-01-16,Kolkata,Petrol,72.44
2019-01-16,Mumbai,Diesel,67.62
2019-01-16,Mumbai,Petrol,75.97
2019-01-17,Chennai,Diesel,68.42
2019-01-17,Chennai,Petrol,73.15
2019-01-17,Delhi,Diesel,64.78
2019-01-17,Delhi,Petrol,70.47
2019-01-17,Kolkata,Diesel,66.55
2019-01-17,Kolkata,Petrol,72.58
2019-01-17,Mumbai,Diesel,67.82
2019-01-17,Mumbai,Petrol,76.11
2019-01-18,Chennai,Diesel,68.62
2019-01-18,Chennai,Petrol,73.23
2019-01-18,Delhi,Diesel,64.97
2019-01-18,Delhi,Petrol,70.55
2019-01-18,Kolkata,Diesel,66.74
2019-01-18,Kolkata,Petrol,72.65
2019-01-18,Mumbai,Diesel,68.02
2019-01-18,Mumbai,Petrol,76.18
2019-01-19,Chennai,Diesel,68.83
2019-01-19,Chennai,Petrol,73.41
2019-01-19,Delhi,Diesel,65.16
2019-01-19,Delhi,Petrol,70.72
2019-01-19,Kolkata,Diesel,66.93
2019-01-19,Kolkata,Petrol,72.82
2019-01-19,Mumbai,Diesel,68.22
2019-01-19,Mumbai,Petrol,76.35
2019-01-20,Chennai,Diesel,69.14
2019-01-20,Chennai,Petrol,73.65
2019-01-20,Delhi,Diesel,65.45
2019-01-20,Delhi,Petrol,70.95
2019-01-20,Kolkata,Diesel,67.23
2019-01-20,Kolkata,Petrol,73.05
2019-01-20,Mumbai,Diesel,68.53
2019-01-20,Mumbai,Petrol,76.58
2019-01-21,Chennai,Diesel,69.41
2019-01-21,Chennai,Petrol,73.85
2019-01-21,Delhi,Diesel,65.71
2019-01-21,Delhi,Petrol,71.14
2019-01-21,Kolkata,Diesel,67.49
2019-01-21,Kolkata,Petrol,73.23
2019-01-21,Mumbai,Diesel,68.81
2019-01-21,Mumbai,Petrol,76.77
2019-01-22,Chennai,Diesel,69.62
2019-01-22,Chennai,Petrol,73.99
2019-01-22,Delhi,Diesel,65.9
2019-01-22,Delhi,Petrol,71.27
2019-01-22,Kolkata,Diesel,67.68
2019-01-22,Kolkata,Petrol,73.36
2019-01-22,Mumbai,Diesel,69.01
2019-01-22,Mumbai,Petrol,76.9
2019-01-23,Chennai,Diesel,69.62
2019-01-23,Chennai,Petrol,73.99
2019-01-23,Delhi,Diesel,65.9
2019-01-23,Delhi,Petrol,71.27
2019-01-23,Kolkata,Diesel,67.68
2019-01-23,Kolkata,Petrol,73.36
2019-01-23,Mumbai,Diesel,69.01
2019-01-23,Mumbai,Petrol,76.9
2019-01-24,Chennai,Diesel,69.62
2019-01-24,Chennai,Petrol,73.99
2019-01-24,Delhi,Diesel,65.9
2019-01-24,Delhi,Petrol,71.27
2019-01-24,Kolkata,Diesel,67.68
2019-01-24,Kolkata,Petrol,73.36
2019-01-24,Mumbai,Diesel,69.01
2019-01-24,Mumbai,Petrol,76.9
2019-01-25,Chennai,Diesel,69.72
2019-01-25,Chennai,Petrol,73.99
2019-01-25,Delhi,Diesel,66.0
2019-01-25,Delhi,Petrol,71.27
2019-01-25,Kolkata,Diesel,67.78
2019-01-25,Kolkata,Petrol,73.36
2019-01-25,Mumbai,Diesel,69.11
2019-01-25,Mumbai,Petrol,76.9
2019-01-26,Chennai,Diesel,69.72
2019-01-26,Chennai,Petrol,73.99
2019-01-26,Delhi,Diesel,66.0
2019-01-26,Delhi,Petrol,71.27
2019-01-26,Kolkata,Diesel,67.78
2019-01-26,Kolkata,Petrol,73.36
2019-01-26,Mumbai,Diesel,69.11
2019-01-26,Mumbai,Petrol,76.9
2019-01-27,Chennai,Diesel,69.72
2019-01-27,Chennai,Petrol,73.99
2019-01-27,Delhi,Diesel,66.0
2019-01-27,Delhi,Petrol,71.27
2019-01-27,Kolkata,Diesel,67.78
2019-01-27,Kolkata,Petrol,73.36
2019-01-27,Mumbai,Diesel,69.11
2019-01-27,Mumbai,Petrol,76.9
2019-01-28,Chennai,Diesel,69.72
2019-01-28,Chennai,Petrol,73.99
2019-01-28,Delhi,Diesel,66.0
2019-01-28,Delhi,Petrol,71.27
2019-01-28,Kolkata,Diesel,67.78
2019-01-28,Kolkata,Petrol,73.36
2019-01-28,Mumbai,Diesel,69.11
2019-01-28,Mumbai,Petrol,76.9
2019-01-29,Chennai,Diesel,69.61
2019-01-29,Chennai,Petrol,73.9
2019-01-29,Delhi,Diesel,65.89
2019-01-29,Delhi,Petrol,71.19
2019-01-29,Kolkata,Diesel,67.67
2019-01-29,Kolkata,Petrol,73.28
2019-01-29,Mumbai,Diesel,69.0
2019-01-29,Mumbai,Petrol,76.82
2019-01-30,Chennai,Diesel,69.61
2019-01-30,Chennai,Petrol,73.9
2019-01-30,Delhi,Diesel,65.89
2019-01-30,Delhi,Petrol,71.19
2019-01-30,Kolkata,Diesel,67.67
2019-01-30,Kolkata,Petrol,73.28
2019-01-30,Mumbai,Diesel,69.0
2019-01-30,Mumbai,Petrol,76.82
2019-01-31,Chennai,Diesel,69.52
2019-01-31,Chennai,Petrol,73.8
2019-01-31,Delhi,Diesel,65.81
2019-01-31,Delhi,Petrol,71.09
2019-01-31,Kolkata,Diesel,67.59
2019-01-31,Kolkata,Petrol,73.18
2019-01-31,Mumbai,Diesel,68.91
2019-01-31,Mumbai,Petrol,76.72
2019-02-01,Chennai,Diesel,69.41
2019-02-01,Chennai,Petrol,73.64
2019-02-01,Delhi,Diesel,65.71
2019-02-01,Delhi,Petrol,70.94
2019-02-01,Kolkata,Diesel,67.49
2019-02-01,Kolkata,Petrol,73.04
2019-02-01,Mumbai,Diesel,68.81
2019-02-01,Mumbai,Petrol,76.57
2019-02-02,Chennai,Diesel,69.41
2019-02-02,Chennai,Petrol,73.54
2019-02-02,Delhi,Diesel,65.71
2019-02-02,Delhi,Petrol,70.84
2019-02-02,Kolkata,Diesel,67.49
2019-02-02,Kolkata,Petrol,72.94
2019-02-02,Mumbai,Diesel,68.81
2019-02-02,Mumbai,Petrol,76.47
2019-02-03,Chennai,Diesel,69.41
2019-02-03,Chennai,Petrol,73.43
2019-02-03,Delhi,Diesel,65.71
2019-02-03,Delhi,Petrol,70.74
2019-02-03,Kolkata,Diesel,67.49
2019-02-03,Kolkata,Petrol,72.84
2019-02-03,Mumbai,Diesel,68.81
2019-02-03,Mumbai,Petrol,76.37
2019-02-04,Chennai,Diesel,69.31
2019-02-04,Chennai,Petrol,73.27
2019-02-04,Delhi,Diesel,65.61
2019-02-04,Delhi,Petrol,70.59
2019-02-04,Kolkata,Diesel,67.39
2019-02-04,Kolkata,Petrol,72.7
2019-02-04,Mumbai,Diesel,68.7
2019-02-04,Mumbai,Petrol,76.22
2019-02-05,Chennai,Diesel,69.2
2019-02-05,Chennai,Petrol,73.11
2019-02-05,Delhi,Diesel,65.51
2019-02-05,Delhi,Petrol,70.44
2019-02-05,Kolkata,Diesel,67.29
2019-02-05,Kolkata,Petrol,72.55
2019-02-05,Mumbai,Diesel,68.59
2019-02-05,Mumbai,Petrol,76.08
2019-02-06,Chennai,Diesel,69.2
2019-02-06,Chennai,Petrol,73.11
2019-02-06,Delhi,Diesel,65.51
2019-02-06,Delhi,Petrol,70.44
2019-02-06,Kolkata,Diesel,67.29
2019-02-06,Kolkata,Petrol,72.55
2019-02-06,Mumbai,Diesel,68.59
2019-02-06,Mumbai,Petrol,76.08
2019-02-07,Chennai,Diesel,69.25
2019-02-07,Chennai,Petrol,73.11
2019-02-07,Delhi,Diesel,65.56
2019-02-07,Delhi,Petrol,70.44
2019-02-07,Kolkata,Diesel,67.34
2019-02-07,Kolkata,Petrol,72.55
2019-02-07,Mumbai,Diesel,68.65
2019-02-07,Mumbai,Petrol,76.08
2019-02-08,Chennai,Diesel,69.25
2019-02-08,Chennai,Petrol,73.05
2019-02-08,Delhi,Diesel,65.56
2019-02-08,Delhi,Petrol,70.38
2019-02-08,Kolkata,Diesel,67.34
2019-02-08,Kolkata,Petrol,72.49
2019-02-08,Mumbai,Diesel,68.65
2019-02-08,Mumbai,Petrol,76.02
2019-02-09,Chennai,Diesel,69.25
2019-02-09,Chennai,Petrol,72.95
2019-02-09,Delhi,Diesel,65.56
2019-02-09,Delhi,Petrol,70.28
2019-02-09,Kolkata,Diesel,67.34
2019-02-09,Kolkata,Petrol,72.39
2019-02-09,Mumbai,Diesel,68.65
2019-02-09,Mumbai,Petrol,75.92
2019-02-10,Chennai,Diesel,69.25
2019-02-10,Chennai,Petrol,72.95
2019-02-10,Delhi,Diesel,65.56
2019-02-10,Delhi,Petrol,70.28
2019-02-10,Kolkata,Diesel,67.34
2019-02-10,Kolkata,Petrol,72.39
2019-02-10,Mumbai,Diesel,68.65
2019-02-10,Mumbai,Petrol,75.92
2019-02-11,Chennai,Diesel,69.32
2019-02-11,Chennai,Petrol,73.0
2019-02-11,Delhi,Diesel,65.62
2019-02-11,Delhi,Petrol,70.33
2019-02-11,Kolkata,Diesel,67.4
2019-02-11,Kolkata,Petrol,72.44
2019-02-11,Mumbai,Diesel,68.71
2019-02-11,Mumbai,Petrol,75.97
2019-02-12,Chennai,Diesel,69.32
2019-02-12,Chennai,Petrol,73.0
2019-02-12,Delhi,Diesel,65.62
2019-02-12,Delhi,Petrol,70.33
2019-02-12,Kolkata,Diesel,67.4
2019-02-12,Kolkata,Petrol,72.44
2019-02-12,Mumbai,Diesel,68.71
2019-02-12,Mumbai,Petrol,75.97
2019-02-13,Chennai,Diesel,69.32
2019-02-13,Chennai,Petrol,73.0
2019-02-13,Delhi,Diesel,65.62
2019-02-13,Delhi,Petrol,70.33
2019-02-13,Kolkata,Diesel,67.4
2019-02-13,Kolkata,Petrol,72.44
2019-02-13,Mumbai,Diesel,68.71
2019-02-13,Mumbai,Petrol,75.97
2019-02-14,Chennai,Diesel,69.37
2019-02-14,Chennai,Petrol,73.06
2019-02-14,Delhi,Diesel,65.67
2019-02-14,Delhi,Petrol,70.39
2019-02-14,Kolkata,Diesel,67.45
2019-02-14,Kolkata,Petrol,72.5
2019-02-14,Mumbai,Diesel,68.76
2019-02-14,Mumbai,Petrol,76.03
2019-02-15,Chennai,Diesel,69.44
2019-02-15,Chennai,Petrol,73.14
2019-02-15,Delhi,Diesel,65.73
2019-02-15,Delhi,Petrol,70.46
2019-02-15,Kolkata,Diesel,67.51
2019-02-15,Kolkata,Petrol,72.57
2019-02-15,Mumbai,Diesel,68.83
2019-02-15,Mumbai,Petrol,76.1
2019-02-16,Chennai,Diesel,69.57
2019-02-16,Chennai,Petrol,73.28
2019-02-16,Delhi,Diesel,65.86
2019-02-16,Delhi,Petrol,70.6
2019-02-16,Kolkata,Diesel,67.64
2019-02-16,Kolkata,Petrol,72.71
2019-02-16,Mumbai,Diesel,68.97
2019-02-16,Mumbai,Petrol,76.23
2019-02-17,Chennai,Diesel,69.7
2019-02-17,Chennai,Petrol,73.45
2019-02-17,Delhi,Diesel,65.98
2019-02-17,Delhi,Petrol,70.76
2019-02-17,Kolkata,Diesel,67.76
2019-02-17,Kolkata,Petrol,72.86
2019-02-17,Mumbai,Diesel,69.09
2019-02-17,Mumbai,Petrol,76.39
2019-02-18,Chennai,Diesel,69.84
2019-02-18,Chennai,Petrol,73.61
2019-02-18,Delhi,Diesel,66.11
2019-02-18,Delhi,Petrol,70.91
2019-02-18,Kolkata,Diesel,67.89
2019-02-18,Kolkata,Petrol,73.01
2019-02-18,Mumbai,Diesel,69.23
2019-02-18,Mumbai,Petrol,76.54
2019-02-19,Chennai,Diesel,69.91
2019-02-19,Chennai,Petrol,73.72
2019-02-19,Delhi,Diesel,66.17
2019-02-19,Delhi,Petrol,71.0
2019-02-19,Kolkata,Diesel,67.95
2019-02-19,Kolkata,Petrol,73.11
2019-02-19,Mumbai,Diesel,69.3
2019-02-19,Mumbai,Petrol,76.64
2019-02-20,Chennai,Diesel,69.91
2019-02-20,Chennai,Petrol,73.72
2019-02-20,Delhi,Diesel,66.17
2019-02-20,Delhi,Petrol,71.0
2019-02-20,Kolkata,Diesel,67.95
2019-02-20,Kolkata,Petrol,73.11
2019-02-20,Mumbai,Diesel,69.3
2019-02-20,Mumbai,Petrol,76.64
2019-02-21,Chennai,Diesel,70.09
2019-02-21,Chennai,Petrol,73.87
2019-02-21,Delhi,Diesel,66.33
2019-02-21,Delhi,Petrol,71.15
2019-02-21,Kolkata,Diesel,68.12
2019-02-21,Kolkata,Petrol,73.25
2019-02-21,Mumbai,Diesel,69.47
2019-02-21,Mumbai,Petrol,76.79
2019-02-22,Chennai,Diesel,70.25
2019-02-22,Chennai,Petrol,74.02
2019-02-22,Delhi,Diesel,66.48
2019-02-22,Delhi,Petrol,71.29
2019-02-22,Kolkata,Diesel,68.27
2019-02-22,Kolkata,Petrol,73.39
2019-02-22,Mumbai,Diesel,69.63
2019-02-22,Mumbai,Petrol,76.93
2019-02-23,Chennai,Diesel,70.32
2019-02-23,Chennai,Petrol,74.08
2019-02-23,Delhi,Diesel,66.55
2019-02-23,Delhi,Petrol,71.35
2019-02-23,Kolkata,Diesel,68.34
2019-02-23,Kolkata,Petrol,73.45
2019-02-23,Mumbai,Diesel,69.71
2019-02-23,Mumbai,Petrol,76.99
2019-02-24,Chennai,Diesel,70.42
2019-02-24,Chennai,Petrol,74.16
2019-02-24,Delhi,Diesel,66.64
2019-02-24,Delhi,Petrol,71.42
2019-02-24,Kolkata,Diesel,68.43
2019-02-24,Kolkata,Petrol,73.52
2019-02-24,Mumbai,Diesel,69.8
2019-02-24,Mumbai,Petrol,77.06
2019-02-25,Chennai,Diesel,70.59
2019-02-25,Chennai,Petrol,74.32
2019-02-25,Delhi,Diesel,66.8
2019-02-25,Delhi,Petrol,71.57
2019-02-25,Kolkata,Diesel,68.59
2019-02-25,Kolkata,Petrol,73.67
2019-02-25,Mumbai,Diesel,69.97
2019-02-25,Mumbai,Petrol,77.2
2019-02-26,Chennai,Diesel,70.72
2019-02-26,Chennai,Petrol,74.41
2019-02-26,Delhi,Diesel,66.92
2019-02-26,Delhi,Petrol,71.66
2019-02-26,Kolkata,Diesel,68.71
2019-02-26,Kolkata,Petrol,73.76
2019-02-26,Mumbai,Diesel,70.1
2019-02-26,Mumbai,Petrol,77.29
2019-02-27,Chennai,Diesel,70.72
2019-02-27,Chennai,Petrol,74.41
2019-02-27,Delhi,Diesel,66.92
2019-02-27,Delhi,Petrol,71.66
2019-02-27,Kolkata,Diesel,68.71
2019-02-27,Kolkata,Petrol,73.76
2019-02-27,Mumbai,Diesel,70.1
2019-02-27,Mumbai,Petrol,77.29
2019-02-28,Chennai,Diesel,70.8
2019-02-28,Chennai,Petrol,74.48
2019-02-28,Delhi,Diesel,67.0
2019-02-28,Delhi,Petrol,71.73
2019-02-28,Kolkata,Diesel,68.79
2019-02-28,Kolkata,Petrol,73.82
2019-02-28,Mumbai,Diesel,70.18
2019-02-28,Mumbai,Petrol,77.36
2019-03-01,Chennai,Diesel,70.93
2019-03-01,Chennai,Petrol,74.57
2019-03-01,Delhi,Diesel,67.12
2019-03-01,Delhi,Petrol,71.81
2019-03-01,Kolkata,Diesel,68.91
2019-03-01,Kolkata,Petrol,73.9
2019-03-01,Mumbai,Diesel,70.31
2019-03-01,Mumbai,Petrol,77.44
2019-03-02,Chennai,Diesel,71.09
2019-03-02,Chennai,Petrol,74.71
2019-03-02,Delhi,Diesel,67.27
2019-03-02,Delhi,Petrol,71.94
2019-03-02,Kolkata,Diesel,69.06
2019-03-02,Kolkata,Petrol,74.03
2019-03-02,Mumbai,Diesel,70.47
2019-03-02,Mumbai,Petrol,77.57
2019-03-03,Chennai,Diesel,71.24
2019-03-03,Chennai,Petrol,74.84
2019-03-03,Delhi,Diesel,67.41
2019-03-03,Delhi,Petrol,72.07
2019-03-03,Kolkata,Diesel,69.2
2019-03-03,Kolkata,Petrol,74.16
2019-03-03,Mumbai,Diesel,70.62
2019-03-03,Mumbai,Petrol,77.7
2019-03-04,Chennai,Diesel,71.38
2019-03-04,Chennai,Petrol,74.95
2019-03-04,Delhi,Diesel,67.54
2019-03-04,Delhi,Petrol,72.17
2019-03-04,Kolkata,Diesel,69.33
2019-03-04,Kolkata,Petrol,74.26
2019-03-04,Mumbai,Diesel,70.76
2019-03-04,Mumbai,Petrol,77.8
2019-03-05,Chennai,Diesel,71.49
2019-03-05,Chennai,Petrol,75.02
2019-03-05,Delhi,Diesel,67.64
2019-03-05,Delhi,Petrol,72.24
2019-03-05,Kolkata,Diesel,69.43
2019-03-05,Kolkata,Petrol,74.33
2019-03-05,Mumbai,Diesel,70.86
2019-03-05,Mumbai,Petrol,77.87
2019-03-06,Chennai,Diesel,71.49
2019-03-06,Chennai,Petrol,75.02
2019-03-06,Delhi,Diesel,67.64
2019-03-06,Delhi,Petrol,72.24
2019-03-06,Kolkata,Diesel,69.43
2019-03-06,Kolkata,Petrol,74.33
2019-03-06,Mumbai,Diesel,70.86
2019-03-06,Mumbai,Petrol,77.87
2019-03-07,Chennai,Diesel,71.49
2019-03-07,Chennai,Petrol,75.02
2019-03-07,Delhi,Diesel,67.64
2019-03-07,Delhi,Petrol,72.24
2019-03-07,Kolkata,Diesel,69.43
2019-03-07,Kolkata,Petrol,74.33
2019-03-07,Mumbai,Diesel,70.86
2019-03-07,Mumbai,Petrol,77.87
2019-03-08,Chennai,Diesel,71.38
2019-03-08,Chennai,Petrol,75.02
2019-03-08,Delhi,Diesel,67.54
2019-03-08,Delhi,Petrol,72.24
2019-03-08,Kolkata,Diesel,69.33
2019-03-08,Kolkata,Petrol,74.33
2019-03-08,Mumbai,Diesel,70.76
2019-03-08,Mumbai,Petrol,77.87
2019-03-09,Chennai,Diesel,71.38
2019-03-09,Chennai,Petrol,75.09
2019-03-09,Delhi,Diesel,67.54
2019-03-09,Delhi,Petrol,72.31
2019-03-09,Kolkata,Diesel,69.33
2019-03-09,Kolkata,Petrol,74.39
2019-03-09,Mumbai,Diesel,70.76
2019-03-09,Mumbai,Petrol,77.94
2019-03-10,Chennai,Diesel,71.38
2019-03-10,Chennai,Petrol,75.19
2019-03-10,Delhi,Diesel,67.54
2019-03-10,Delhi,Petrol,72.4
2019-03-10,Kolkata,Diesel,69.33
2019-03-10,Kolkata,Petrol,74.48
2019-03-10,Mumbai,Diesel,70.76
2019-03-10,Mumbai,Petrol,78.03
2019-03-11,Chennai,Diesel,71.27
2019-03-11,Chennai,Petrol,75.25
2019-03-11,Delhi,Diesel,67.44
2019-03-11,Delhi,Petrol,72.46
2019-03-11,Kolkata,Diesel,69.23
2019-03-11,Kolkata,Petrol,74.54
2019-03-11,Mumbai,Diesel,70.65
2019-03-11,Mumbai,Petrol,78.09
2019-03-12,Chennai,Diesel,71.2
2019-03-12,Chennai,Petrol,75.2
2019-03-12,Delhi,Diesel,67.37
2019-03-12,Delhi,Petrol,72.41
2019-03-12,Kolkata,Diesel,69.16
2019-03-12,Kolkata,Petrol,74.49
2019-03-12,Mumbai,Diesel,70.58
2019-03-12,Mumbai,Petrol,78.04
2019-03-13,Chennai,Diesel,71.2
2019-03-13,Chennai,Petrol,75.2
2019-03-13,Delhi,Diesel,67.37
2019-03-13,Delhi,Petrol,72.41
2019-03-13,Kolkata,Diesel,69.16
2019-03-13,Kolkata,Petrol,74.49
2019-03-13,Mumbai,Diesel,70.58
2019-03-13,Mumbai,Petrol,78.04
2019-03-14,Chennai,Diesel,71.15
2019-03-14,Chennai,Petrol,75.27
2019-03-14,Delhi,Diesel,67.32
2019-03-14,Delhi,Petrol,72.48
2019-03-14,Kolkata,Diesel,69.11
2019-03-14,Kolkata,Petrol,74.56
2019-03-14,Mumbai,Diesel,70.52
2019-03-14,Mumbai,Petrol,78.1
2019-03-15,Chennai,Diesel,71.04
2019-03-15,Chennai,Petrol,75.35
2019-03-15,Delhi,Diesel,67.22
2019-03-15,Delhi,Petrol,72.55
2019-03-15,Kolkata,Diesel,69.01
2019-03-15,Kolkata,Petrol,74.63
2019-03-15,Mumbai,Diesel,70.42
2019-03-15,Mumbai,Petrol,78.17
2019-03-16,Chennai,Diesel,70.96
2019-03-16,Chennai,Petrol,75.43
2019-03-16,Delhi,Diesel,67.15
2019-03-16,Delhi,Petrol,72.63
2019-03-16,Kolkata,Diesel,68.94
2019-03-16,Kolkata,Petrol,74.71
2019-03-16,Mumbai,Diesel,70.34
2019-03-16,Mumbai,Petrol,78.25
2019-03-17,Chennai,Diesel,70.87
2019-03-17,Chennai,Petrol,75.52
2019-03-17,Delhi,Diesel,67.06
2019-03-17,Delhi,Petrol,72.71
2019-03-17,Kolkata,Diesel,68.85
2019-03-17,Kolkata,Petrol,74.79
2019-03-17,Mumbai,Diesel,70.25
2019-03-17,Mumbai,Petrol,78.33
2019-03-18,Chennai,Diesel,70.71
2019-03-18,Chennai,Petrol,75.59
2019-03-18,Delhi,Diesel,66.91
2019-03-18,Delhi,Petrol,72.78
2019-03-18,Kolkata,Diesel,68.7
2019-03-18,Kolkata,Petrol,74.86
2019-03-18,Mumbai,Diesel,70.09
2019-03-18,Mumbai,Petrol,78.4
2019-03-19,Chennai,Diesel,70.59
2019-03-19,Chennai,Petrol,75.59
2019-03-19,Delhi,Diesel,66.8
2019-03-19,Delhi,Petrol,72.78
2019-03-19,Kolkata,Diesel,68.59
2019-03-19,Kolkata,Petrol,74.86
2019-03-19,Mumbai,Diesel,69.97
2019-03-19,Mumbai,Petrol,78.4
2019-03-20,Chennai,Diesel,70.59
2019-03-20,Chennai,Petrol,75.59
2019-03-20,Delhi,Diesel,66.8
2019-03-20,Delhi,Petrol,72.78
2019-03-20,Kolkata,Diesel,68.59
2019-03-20,Kolkata,Petrol,74.86
2019-03-20,Mumbai,Diesel,69.97
2019-03-20,Mumbai,Petrol,78.4
2019-03-21,Chennai,Diesel,70.5
2019-03-21,Chennai,Petrol,75.52
2019-03-21,Delhi,Diesel,66.72
2019-03-21,Delhi,Petrol,72.71
2019-03-21,Kolkata,Diesel,68.51
2019-03-21,Kolkata,Petrol,74.79
2019-03-21,Mumbai,Diesel,69.89
2019-03-21,Mumbai,Petrol,78.33
2019-03-22,Chennai,Diesel,70.43
2019-03-22,Chennai,Petrol,75.57
2019-03-22,Delhi,Diesel,66.65
2019-03-22,Delhi,Petrol,72.76
2019-03-22,Kolkata,Diesel,68.44
2019-03-22,Kolkata,Petrol,74.84
2019-03-22,Mumbai,Diesel,69.81
2019-03-22,Mumbai,Petrol,78.38
2019-03-23,Chennai,Diesel,70.37
2019-03-23,Chennai,Petrol,75.62
2019-03-23,Delhi,Diesel,66.6
2019-03-23,Delhi,Petrol,72.81
2019-03-23,Kolkata,Diesel,68.39
2019-03-23,Kolkata,Petrol,74.89
2019-03-23,Mumbai,Diesel,69.76
2019-03-23,Mumbai,Petrol,78.43
2019-03-24,Chennai,Diesel,70.37
2019-03-24,Chennai,Petrol,75.67
2019-03-24,Delhi,Diesel,66.6
2019-03-24,Delhi,Petrol,72.86
2019-03-24,Kolkata,Diesel,68.39
2019-03-24,Kolkata,Petrol,74.93
2019-03-24,Mumbai,Diesel,69.76
2019-03-24,Mumbai,Petrol,78.48
2019-03-25,Chennai,Diesel,70.26
2019-03-25,Chennai,Petrol,75.67
2019-03-25,Delhi,Diesel,66.49
2019-03-25,Delhi,Petrol,72.86
2019-03-25,Kolkata,Diesel,68.28
2019-03-25,Kolkata,Petrol,74.93
2019-03-25,Mumbai,Diesel,69.64
2019-03-25,Mumbai,Petrol,78.48
2019-03-26,Chennai,Diesel,70.26
2019-03-26,Chennai,Petrol,75.67
2019-03-26,Delhi,Diesel,66.49
2019-03-26,Delhi,Petrol,72.86
2019-03-26,Kolkata,Diesel,68.28
2019-03-26,Kolkata,Petrol,74.93
2019-03-26,Mumbai,Diesel,69.64
2019-03-26,Mumbai,Petrol,78.48
2019-03-27,Chennai,Diesel,70.26
2019-03-27,Chennai,Petrol,75.67
2019-03-27,Delhi,Diesel,66.49
2019-03-27,Delhi,Petrol,72.86
2019-03-27,Kolkata,Diesel,68.28
2019-03-27,Kolkata,Petrol,74.93
2019-03-27,Mumbai,Diesel,69.64
2019-03-27,Mumbai,Petrol,78.48
2019-03-28,Chennai,Diesel,70.15
2019-03-28,Chennai,Petrol,75.62
2019-03-28,Delhi,Diesel,66.39
2019-03-28,Delhi,Petrol,72.81
2019-03-28,Kolkata,Diesel,68.18
2019-03-28,Kolkata,Petrol,74.89
2019-03-28,Mumbai,Diesel,69.54
2019-03-28,Mumbai,Petrol,78.43
2019-03-29,Chennai,Diesel,70.05
2019-03-29,Chennai,Petrol,75.62
2019-03-29,Delhi,Diesel,66.3
2019-03-29,Delhi,Petrol,72.81
2019-03-29,Kolkata,Diesel,68.08
2019-03-29,Kolkata,Petrol,74.89
2019-03-29,Mumbai,Diesel,69.44
2019-03-29,Mumbai,Petrol,78.43
2019-03-30,Chennai,Diesel,69.97
2019-03-30,Chennai,Petrol,75.67
2019-03-30,Delhi,Diesel,66.22
2019-03-30,Delhi,Petrol,72.86
2019-03-30,Kolkata,Diesel,68.0
2019-03-30,Kolkata,Petrol,74.93
2019-03-30,Mumbai,Diesel,69.36
2019-03-30,Mumbai,Petrol,78.48
2019-03-31,Chennai,Diesel,69.88
2019-03-31,Chennai,Petrol,75.67
2019-03-31,Delhi,Diesel,66.14
2019-03-31,Delhi,Petrol,72.86
2019-03-31,Kolkata,Diesel,67.92
2019-03-31,Kolkata,Petrol,74.93
2019-03-31,Mumbai,Diesel,69.27
2019-03-31,Mumbai,Petrol,78.48
2019-04-01,Chennai,Diesel,69.78
2019-04-01,Chennai,Petrol,75.62
2019-04-01,Delhi,Diesel,66.09
2019-04-01,Delhi,Petrol,72.86
2019-04-01,Kolkata,Diesel,67.83
2019-04-01,Kolkata,Petrol,74.88
2019-04-01,Mumbai,Diesel,69.17
2019-04-01,Mumbai,Petrol,78.43
2019-04-02,Chennai,Diesel,69.78
2019-04-02,Chennai,Petrol,75.62
2019-04-02,Delhi,Diesel,66.09
2019-04-02,Delhi,Petrol,72.86
2019-04-02,Kolkata,Diesel,67.83
2019-04-02,Kolkata,Petrol,74.88
2019-04-02,Mumbai,Diesel,69.17
2019-04-02,Mumbai,Petrol,78.43
2019-04-03,Chennai,Diesel,69.78
2019-04-03,Chennai,Petrol,75.62
2019-04-03,Delhi,Diesel,66.09
2019-04-03,Delhi,Petrol,72.86
2019-04-03,Kolkata,Diesel,67.83
2019-04-03,Kolkata,Petrol,74.88
2019-04-03,Mumbai,Diesel,69.17
2019-04-03,Mumbai,Petrol,78.43
2019-04-04,Chennai,Diesel,69.83
2019-04-04,Chennai,Petrol,75.62
2019-04-04,Delhi,Diesel,66.14
2019-04-04,Delhi,Petrol,72.86
2019-04-04,Kolkata,Diesel,67.88
2019-04-04,Kolkata,Petrol,74.88
2019-04-04,Mumbai,Diesel,69.22
2019-04-04,Mumbai,Petrol,78.43
2019-04-05,Chennai,Diesel,69.83
2019-04-05,Chennai,Petrol,75.67
2019-04-05,Delhi,Diesel,66.14
2019-04-05,Delhi,Petrol,72.91
2019-04-05,Kolkata,Diesel,67.88
2019-04-05,Kolkata,Petrol,74.93
2019-04-05,Mumbai,Diesel,69.22
2019-04-05,Mumbai,Petrol,78.48
2019-04-06,Chennai,Diesel,69.89
2019-04-06,Chennai,Petrol,75.67
2019-04-06,Delhi,Diesel,66.19
2019-04-06,Delhi,Petrol,72.91
2019-04-06,Kolkata,Diesel,67.93
2019-04-06,Kolkata,Petrol,74.93
2019-04-06,Mumbai,Diesel,69.27
2019-04-06,Mumbai,Petrol,78.48
2019-04-07,Chennai,Diesel,69.8
2019-04-07,Chennai,Petrol,75.61
2019-04-07,Delhi,Diesel,66.11
2019-04-07,Delhi,Petrol,72.85
2019-04-07,Kolkata,Diesel,67.85
2019-04-07,Kolkata,Petrol,74.87
2019-04-07,Mumbai,Diesel,69.19
2019-04-07,Mumbai,Petrol,78.42
2019-04-08,Chennai,Diesel,69.8
2019-04-08,Chennai,Petrol,75.61
2019-04-08,Delhi,Diesel,66.11
2019-04-08,Delhi,Petrol,72.85
2019-04-08,Kolkata,Diesel,67.85
2019-04-08,Kolkata,Petrol,74.87
2019-04-08,Mumbai,Diesel,69.19
2019-04-08,Mumbai,Petrol,78.42
2019-04-09,Chennai,Diesel,69.8
2019-04-09,Chennai,Petrol,75.56
2019-04-09,Delhi,Diesel,66.11
2019-04-09,Delhi,Petrol,72.8
2019-04-09,Kolkata,Diesel,67.85
2019-04-09,Kolkata,Petrol,74.82
2019-04-09,Mumbai,Diesel,69.19
2019-04-09,Mumbai,Petrol,78.37
2019-04-10,Chennai,Diesel,69.8
2019-04-10,Chennai,Petrol,75.56
2019-04-10,Delhi,Diesel,66.11
2019-04-10,Delhi,Petrol,72.8
2019-04-10,Kolkata,Diesel,67.85
2019-04-10,Kolkata,Petrol,74.82
2019-04-10,Mumbai,Diesel,69.19
2019-04-10,Mumbai,Petrol,78.37
2019-04-11,Chennai,Diesel,69.8
2019-04-11,Chennai,Petrol,75.56
2019-04-11,Delhi,Diesel,66.11
2019-04-11,Delhi,Petrol,72.8
2019-04-11,Kolkata,Diesel,67.85
2019-04-11,Kolkata,Petrol,74.82
2019-04-11,Mumbai,Diesel,69.19
2019-04-11,Mumbai,Petrol,78.37
2019-04-12,Chennai,Diesel,69.89
2019-04-12,Chennai,Petrol,75.62
2019-04-12,Delhi,Diesel,66.19
2019-04-12,Delhi,Petrol,72.86
2019-04-12,Kolkata,Diesel,67.93
2019-04-12,Kolkata,Petrol,74.88
2019-04-12,Mumbai,Diesel,69.27
2019-04-12,Mumbai,Petrol,78.43
2019-04-13,Chennai,Diesel,69.89
2019-04-13,Chennai,Petrol,75.62
2019-04-13,Delhi,Diesel,66.19
2019-04-13,Delhi,Petrol,72.86
2019-04-13,Kolkata,Diesel,67.93
2019-04-13,Kolkata,Petrol,74.88
2019-04-13,Mumbai,Diesel,69.27
2019-04-13,Mumbai,Petrol,78.43
2019-04-14,Chennai,Diesel,69.96
2019-04-14,Chennai,Petrol,75.68
2019-04-14,Delhi,Diesel,66.26
2019-04-14,Delhi,Petrol,72.92
2019-04-14,Kolkata,Diesel,68.0
2019-04-14,Kolkata,Petrol,74.94
2019-04-14,Mumbai,Diesel,69.35
2019-04-14,Mumbai,Petrol,78.49
2019-04-15,Chennai,Diesel,69.96
2019-04-15,Chennai,Petrol,75.75
2019-04-15,Delhi,Diesel,66.26
2019-04-15,Delhi,Petrol,72.98
2019-04-15,Kolkata,Diesel,68.0
2019-04-15,Kolkata,Petrol,75.0
2019-04-15,Mumbai,Diesel,69.35
2019-04-15,Mumbai,Petrol,78.55
2019-04-16,Chennai,Diesel,70.01
2019-04-16,Chennai,Petrol,75.69
2019-04-16,Delhi,Diesel,66.31
2019-04-16,Delhi,Petrol,72.93
2019-04-16,Kolkata,Diesel,68.05
2019-04-16,Kolkata,Petrol,74.95
2019-04-16,Mumbai,Diesel,69.4
2019-04-16,Mumbai,Petrol,78.5
2019-04-17,Chennai,Diesel,70.01
2019-04-17,Chennai,Petrol,75.69
2019-04-17,Delhi,Diesel,66.31
2019-04-17,Delhi,Petrol,72.93
2019-04-17,Kolkata,Diesel,68.05
2019-04-17,Kolkata,Petrol,74.95
2019-04-17,Mumbai,Diesel,69.4
2019-04-17,Mumbai,Petrol,78.5
2019-04-18,Chennai,Diesel,70.01
2019-04-18,Chennai,Petrol,75.69
2019-04-18,Delhi,Diesel,66.31
2019-04-18,Delhi,Petrol,72.93
2019-04-18,Kolkata,Diesel,68.05
2019-04-18,Kolkata,Petrol,74.95
2019-04-18,Mumbai,Diesel,69.4
2019-04-18,Mumbai,Petrol,78.5
2019-04-19,Chennai,Diesel,70.01
2019-04-19,Chennai,Petrol,75.77
2019-04-19,Delhi,Diesel,66.31
2019-04-19,Delhi,Petrol,73.0
2019-04-19,Kolkata,Diesel,68.05
2019-04-19,Kolkata,Petrol,75.02
2019-04-19,Mumbai,Diesel,69.4
2019-04-19,Mumbai,Petrol,78.57
2019-04-20,Chennai,Diesel,70.1
2019-04-20,Chennai,Petrol,75.77
2019-04-20,Delhi,Diesel,66.39
2019-04-20,Delhi,Petrol,73.0
2019-04-20,Kolkata,Diesel,68.13
2019-04-20,Kolkata,Petrol,75.02
2019-04-20,Mumbai,Diesel,69.49
2019-04-20,Mumbai,Petrol,78.57
2019-04-21,Chennai,Diesel,70.17
2019-04-21,Chennai,Petrol,75.71
2019-04-21,Delhi,Diesel,66.46
2019-04-21,Delhi,Petrol,72.95
2019-04-21,Kolkata,Diesel,68.2
2019-04-21,Kolkata,Petrol,74.97
2019-04-21,Mumbai,Diesel,69.56
2019-04-21,Mumbai,Petrol,78.52
2019-04-22,Chennai,Diesel,70.17
2019-04-22,Chennai,Petrol,75.71
2019-04-22,Delhi,Diesel,66.46
2019-04-22,Delhi,Petrol,72.95
2019-04-22,Kolkata,Diesel,68.2
2019-04-22,Kolkata,Petrol,74.97
2019-04-22,Mumbai,Diesel,69.56
2019-04-22,Mumbai,Petrol,78.52
2019-04-23,Chennai,Diesel,70.17
2019-04-23,Chennai,Petrol,75.71
2019-04-23,Delhi,Diesel,66.46
2019-04-23,Delhi,Petrol,72.95
2019-04-23,Kolkata,Diesel,68.2
2019-04-23,Kolkata,Petrol,74.97
2019-04-23,Mumbai,Diesel,69.56
2019-04-23,Mumbai,Petrol,78.52
2019-04-24,Chennai,Diesel,70.17
2019-04-24,Chennai,Petrol,75.71
2019-04-24,Delhi,Diesel,66.46
2019-04-24,Delhi,Petrol,72.95
2019-04-24,Kolkata,Diesel,68.2
2019-04-24,Kolkata,Petrol,74.97
2019-04-24,Mumbai,Diesel,69.56
2019-04-24,Mumbai,Petrol,78.52
2019-04-25,Chennai,Diesel,70.26
2019-04-25,Chennai,Petrol,75.79
2019-04-25,Delhi,Diesel,66.54
2019-04-25,Delhi,Petrol,73.02
2019-04-25,Kolkata,Diesel,68.28
2019-04-25,Kolkata,Petrol,75.04
2019-04-25,Mumbai,Diesel,69.65
2019-04-25,Mumbai,Petrol,78.59
2019-04-26,Chennai,Diesel,70.34
2019-04-26,Chennai,Petrol,75.79
2019-04-26,Delhi,Diesel,66.61
2019-04-26,Delhi,Petrol,73.02
2019-04-26,Kolkata,Diesel,68.35
2019-04-26,Kolkata,Petrol,75.04
2019-04-26,Mumbai,Diesel,69.72
2019-04-26,Mumbai,Petrol,78.59
2019-04-27,Chennai,Diesel,70.34
2019-04-27,Chennai,Petrol,75.85
2019-04-27,Delhi,Diesel,66.61
2019-04-27,Delhi,Petrol,73.08
2019-04-27,Kolkata,Diesel,68.35
2019-04-27,Kolkata,Petrol,75.1
2019-04-27,Mumbai,Diesel,69.72
2019-04-27,Mumbai,Petrol,78.65
2019-04-28,Chennai,Diesel,70.34
2019-04-28,Chennai,Petrol,75.85
2019-04-28,Delhi,Diesel,66.61
2019-04-28,Delhi,Petrol,73.08
2019-04-28,Kolkata,Diesel,68.35
2019-04-28,Kolkata,Petrol,75.1
2019-04-28,Mumbai,Diesel,69.72
2019-04-28,Mumbai,Petrol,78.65
2019-04-29,Chennai,Diesel,70.39
2019-04-29,Chennai,Petrol,75.85
2019-04-29,Delhi,Diesel,66.66
2019-04-29,Delhi,Petrol,73.08
2019-04-29,Kolkata,Diesel,68.4
2019-04-29,Kolkata,Petrol,75.1
2019-04-29,Mumbai,Diesel,69.77
2019-04-29,Mumbai,Petrol,78.65
2019-04-30,Chennai,Diesel,70.44
2019-04-30,Chennai,Petrol,75.9
2019-04-30,Delhi,Diesel,66.71
2019-04-30,Delhi,Petrol,73.13
2019-04-30,Kolkata,Diesel,68.45
2019-04-30,Kolkata,Petrol,75.15
2019-04-30,Mumbai,Diesel,69.83
2019-04-30,Mumbai,Petrol,78.7
2019-05-01,Chennai,Diesel,70.44
2019-05-01,Chennai,Petrol,75.9
2019-05-01,Delhi,Diesel,66.71
2019-05-01,Delhi,Petrol,73.13
2019-05-01,Kolkata,Diesel,68.45
2019-05-01,Kolkata,Petrol,75.15
2019-05-01,Mumbai,Diesel,69.83
2019-05-01,Mumbai,Petrol,78.7
2019-05-02,Chennai,Diesel,70.39
2019-05-02,Chennai,Petrol,75.84
2019-05-02,Delhi,Diesel,66.66
2019-05-02,Delhi,Petrol,73.07
2019-05-02,Kolkata,Diesel,68.39
2019-05-02,Kolkata,Petrol,75.08
2019-05-02,Mumbai,Diesel,69.77
2019-05-02,Mumbai,Petrol,78.64
2019-05-03,Chennai,Diesel,70.39
2019-05-03,Chennai,Petrol,75.84
2019-05-03,Delhi,Diesel,66.66
2019-05-03,Delhi,Petrol,73.07
2019-05-03,Kolkata,Diesel,68.39
2019-05-03,Kolkata,Petrol,75.08
2019-05-03,Mumbai,Diesel,69.77
2019-05-03,Mumbai,Petrol,78.64
2019-05-04,Chennai,Diesel,70.48
2019-05-04,Chennai,Petrol,75.92
2019-05-04,Delhi,Diesel,66.71
2019-05-04,Delhi,Petrol,73.13
2019-05-04,Kolkata,Diesel,68.45
2019-05-04,Kolkata,Petrol,75.15
2019-05-04,Mumbai,Diesel,69.86
2019-05-04,Mumbai,Petrol,78.71
2019-05-05,Chennai,Diesel,70.43
2019-05-05,Chennai,Petrol,75.87
2019-05-05,Delhi,Diesel,66.66
2019-05-05,Delhi,Petrol,73.07
2019-05-05,Kolkata,Diesel,68.4
2019-05-05,Kolkata,Petrol,75.11
2019-05-05,Mumbai,Diesel,69.81
2019-05-05,Mumbai,Petrol,78.66
2019-05-06,Chennai,Diesel,70.43
2019-05-06,Chennai,Petrol,75.79
2019-05-06,Delhi,Diesel,66.66
2019-05-06,Delhi,Petrol,73.0
2019-05-06,Kolkata,Diesel,68.4
2019-05-06,Kolkata,Petrol,75.04
2019-05-06,Mumbai,Diesel,69.81
2019-05-06,Mumbai,Petrol,78.59
2019-05-07,Chennai,Diesel,70.43
2019-05-07,Chennai,Petrol,75.79
2019-05-07,Delhi,Diesel,66.66
2019-05-07,Delhi,Petrol,73.0
2019-05-07,Kolkata,Diesel,68.4
2019-05-07,Kolkata,Petrol,75.04
2019-05-07,Mumbai,Diesel,69.81
2019-05-07,Mumbai,Petrol,78.59
2019-05-08,Chennai,Diesel,70.43
2019-05-08,Chennai,Petrol,75.79
2019-05-08,Delhi,Diesel,66.66
2019-05-08,Delhi,Petrol,73.0
2019-05-08,Kolkata,Diesel,68.4
2019-05-08,Kolkata,Petrol,75.04
2019-05-08,Mumbai,Diesel,69.81
2019-05-08,Mumbai,Petrol,78.59
2019-05-09,Chennai,Diesel,70.36
2019-05-09,Chennai,Petrol,75.63
2019-05-09,Delhi,Diesel,66.56
2019-05-09,Delhi,Petrol,72.84
2019-05-09,Kolkata,Diesel,68.32
2019-05-09,Kolkata,Petrol,74.88
2019-05-09,Mumbai,Diesel,69.74
2019-05-09,Mumbai,Petrol,78.44
2019-05-10,Chennai,Diesel,70.26
2019-05-10,Chennai,Petrol,75.4
2019-05-10,Delhi,Diesel,66.47
2019-05-10,Delhi,Petrol,72.63
2019-05-10,Kolkata,Diesel,68.23
2019-05-10,Kolkata,Petrol,74.68
2019-05-10,Mumbai,Diesel,69.65
2019-05-10,Mumbai,Petrol,78.23
2019-05-11,Chennai,Diesel,70.06
2019-05-11,Chennai,Petrol,74.9
2019-05-11,Delhi,Diesel,66.28
2019-05-11,Delhi,Petrol,72.15
2019-05-11,Kolkata,Diesel,68.04
2019-05-11,Kolkata,Petrol,74.21
2019-05-11,Mumbai,Diesel,69.45
2019-05-11,Mumbai,Petrol,77.75
2019-05-12,Chennai,Diesel,69.88
2019-05-12,Chennai,Petrol,74.46
2019-05-12,Delhi,Diesel,66.11
2019-05-12,Delhi,Petrol,71.73
2019-05-12,Kolkata,Diesel,67.86
2019-05-12,Kolkata,Petrol,73.79
2019-05-12,Mumbai,Diesel,69.27
2019-05-12,Mumbai,Petrol,77.34
2019-05-13,Chennai,Diesel,69.74
2019-05-13,Chennai,Petrol,74.14
2019-05-13,Delhi,Diesel,65.98
2019-05-13,Delhi,Petrol,71.43
2019-05-13,Kolkata,Diesel,67.73
2019-05-13,Kolkata,Petrol,73.5
2019-05-13,Mumbai,Diesel,69.13
2019-05-13,Mumbai,Petrol,77.04
2019-05-14,Chennai,Diesel,69.61
2019-05-14,Chennai,Petrol,73.88
2019-05-14,Delhi,Diesel,65.86
2019-05-14,Delhi,Petrol,71.18
2019-05-14,Kolkata,Diesel,67.61
2019-05-14,Kolkata,Petrol,73.25
2019-05-14,Mumbai,Diesel,69.0
2019-05-14,Mumbai,Petrol,76.79
2019-05-15,Chennai,Diesel,69.61
2019-05-15,Chennai,Petrol,73.88
2019-05-15,Delhi,Diesel,65.86
2019-05-15,Delhi,Petrol,71.18
2019-05-15,Kolkata,Diesel,67.61
2019-05-15,Kolkata,Petrol,73.25
2019-05-15,Mumbai,Diesel,69.0
2019-05-15,Mumbai,Petrol,76.79
2019-05-16,Chennai,Diesel,69.66
2019-05-16,Chennai,Petrol,73.88
2019-05-16,Delhi,Diesel,65.91
2019-05-16,Delhi,Petrol,71.18
2019-05-16,Kolkata,Diesel,67.66
2019-05-16,Kolkata,Petrol,73.25
2019-05-16,Mumbai,Diesel,69.05
2019-05-16,Mumbai,Petrol,76.79
2019-05-17,Chennai,Diesel,69.72
2019-05-17,Chennai,Petrol,73.79
2019-05-17,Delhi,Diesel,65.96
2019-05-17,Delhi,Petrol,71.1
2019-05-17,Kolkata,Diesel,67.71
2019-05-17,Kolkata,Petrol,73.17
2019-05-17,Mumbai,Diesel,69.11
2019-05-17,Mumbai,Petrol,76.71
2019-05-18,Chennai,Diesel,69.72
2019-05-18,Chennai,Petrol,73.72
2019-05-18,Delhi,Diesel,65.96
2019-05-18,Delhi,Petrol,71.03
2019-05-18,Kolkata,Diesel,67.71
2019-05-18,Kolkata,Petrol,73.11
2019-05-18,Mumbai,Diesel,69.11
2019-05-18,Mumbai,Petrol,76.64
2019-05-19,Chennai,Diesel,69.72
2019-05-19,Chennai,Petrol,73.72
2019-05-19,Delhi,Diesel,65.96
2019-05-19,Delhi,Petrol,71.03
2019-05-19,Kolkata,Diesel,67.71
2019-05-19,Kolkata,Petrol,73.11
2019-05-19,Mumbai,Diesel,69.11
2019-05-19,Mumbai,Petrol,76.64
2019-05-20,Chennai,Diesel,69.88
2019-05-20,Chennai,Petrol,73.82
2019-05-20,Delhi,Diesel,66.11
2019-05-20,Delhi,Petrol,71.12
2019-05-20,Kolkata,Diesel,67.86
2019-05-20,Kolkata,Petrol,73.19
2019-05-20,Mumbai,Diesel,69.27
2019-05-20,Mumbai,Petrol,76.73
2019-05-21,Chennai,Diesel,69.97
2019-05-21,Chennai,Petrol,73.87
2019-05-21,Delhi,Diesel,66.2
2019-05-21,Delhi,Petrol,71.17
2019-05-21,Kolkata,Diesel,67.96
2019-05-21,Kolkata,Petrol,73.24
2019-05-21,Mumbai,Diesel,69.36
2019-05-21,Mumbai,Petrol,76.78
2019-05-22,Chennai,Diesel,69.97
2019-05-22,Chennai,Petrol,73.87
2019-05-22,Delhi,Diesel,66.2
2019-05-22,Delhi,Petrol,71.17
2019-05-22,Kolkata,Diesel,67.96
2019-05-22,Kolkata,Petrol,73.24
2019-05-22,Mumbai,Diesel,69.36
2019-05-22,Mumbai,Petrol,76.78
2019-05-23,Chennai,Diesel,70.07
2019-05-23,Chennai,Petrol,73.95
2019-05-23,Delhi,Diesel,66.29
2019-05-23,Delhi,Petrol,71.25
2019-05-23,Kolkata,Diesel,68.05
2019-05-23,Kolkata,Petrol,73.32
2019-05-23,Mumbai,Diesel,69.46
2019-05-23,Mumbai,Petrol,76.86
2019-05-24,Chennai,Diesel,70.24
2019-05-24,Chennai,Petrol,74.1
2019-05-24,Delhi,Diesel,66.45
2019-05-24,Delhi,Petrol,71.39
2019-05-24,Kolkata,Diesel,68.21
2019-05-24,Kolkata,Petrol,73.46
2019-05-24,Mumbai,Diesel,69.63
2019-05-24,Mumbai,Petrol,77.0
2019-05-25,Chennai,Diesel,70.37
2019-05-25,Chennai,Petrol,74.25
2019-05-25,Delhi,Diesel,66.57
2019-05-25,Delhi,Petrol,71.53
2019-05-25,Kolkata,Diesel,68.33
2019-05-25,Kolkata,Petrol,73.6
2019-05-25,Mumbai,Diesel,69.75
2019-05-25,Mumbai,Petrol,77.14
2019-05-26,Chennai,Diesel,70.45
2019-05-26,Chennai,Petrol,74.39
2019-05-26,Delhi,Diesel,66.64
2019-05-26,Delhi,Petrol,71.67
2019-05-26,Kolkata,Diesel,68.4
2019-05-26,Kolkata,Petrol,73.73
2019-05-26,Mumbai,Diesel,69.83
2019-05-26,Mumbai,Petrol,77.28
2019-05-27,Chennai,Diesel,70.45
2019-05-27,Chennai,Petrol,74.5
2019-05-27,Delhi,Diesel,66.64
2019-05-27,Delhi,Petrol,71.77
2019-05-27,Kolkata,Diesel,68.4
2019-05-27,Kolkata,Petrol,73.83
2019-05-27,Mumbai,Diesel,69.83
2019-05-27,Mumbai,Petrol,77.38
2019-05-28,Chennai,Diesel,70.5
2019-05-28,Chennai,Petrol,74.59
2019-05-28,Delhi,Diesel,66.69
2019-05-28,Delhi,Petrol,71.86
2019-05-28,Kolkata,Diesel,68.45
2019-05-28,Kolkata,Petrol,73.92
2019-05-28,Mumbai,Diesel,69.88
2019-05-28,Mumbai,Petrol,77.47
2019-05-29,Chennai,Diesel,70.5
2019-05-29,Chennai,Petrol,74.59
2019-05-29,Delhi,Diesel,66.69
2019-05-29,Delhi,Petrol,71.86
2019-05-29,Kolkata,Diesel,68.45
2019-05-29,Kolkata,Petrol,73.92
2019-05-29,Mumbai,Diesel,69.88
2019-05-29,Mumbai,Petrol,77.47
2019-05-30,Chennai,Diesel,70.43
2019-05-30,Chennai,Petrol,74.53
2019-05-30,Delhi,Diesel,66.63
2019-05-30,Delhi,Petrol,71.8
2019-05-30,Kolkata,Diesel,68.39
2019-05-30,Kolkata,Petrol,73.86
2019-05-30,Mumbai,Diesel,69.82
2019-05-30,Mumbai,Petrol,77.41
2019-05-31,Chennai,Diesel,70.31
2019-05-31,Chennai,Petrol,74.46
2019-05-31,Delhi,Diesel,66.51
2019-05-31,Delhi,Petrol,71.73
2019-05-31,Kolkata,Diesel,68.27
2019-05-31,Kolkata,Petrol,73.79
2019-05-31,Mumbai,Diesel,69.69
2019-05-31,Mumbai,Petrol,77.34
2019-06-01,Chennai,Diesel,70.19
2019-06-01,Chennai,Petrol,74.39
2019-06-01,Delhi,Diesel,66.36
2019-06-01,Delhi,Petrol,71.62
2019-06-01,Kolkata,Diesel,68.21
2019-06-01,Kolkata,Petrol,73.74
2019-06-01,Mumbai,Diesel,69.58
2019-06-01,Mumbai,Petrol,77.28
2019-06-02,Chennai,Diesel,69.98
2019-06-02,Chennai,Petrol,74.27
2019-06-02,Delhi,Diesel,66.16
2019-06-02,Delhi,Petrol,71.5
2019-06-02,Kolkata,Diesel,68.06
2019-06-02,Kolkata,Petrol,73.71
2019-06-02,Mumbai,Diesel,69.37
2019-06-02,Mumbai,Petrol,77.16
2019-06-03,Chennai,Diesel,69.58
2019-06-03,Chennai,Petrol,74.08
2019-06-03,Delhi,Diesel,65.76
2019-06-03,Delhi,Petrol,71.3
2019-06-03,Kolkata,Diesel,67.68
2019-06-03,Kolkata,Petrol,73.54
2019-06-03,Mumbai,Diesel,68.97
2019-06-03,Mumbai,Petrol,76.98
2019-06-04,Chennai,Diesel,69.36
2019-06-04,Chennai,Petrol,74.01
2019-06-04,Delhi,Diesel,65.56
2019-06-04,Delhi,Petrol,71.23
2019-06-04,Kolkata,Diesel,67.48
2019-06-04,Kolkata,Petrol,73.47
2019-06-04,Mumbai,Diesel,68.76
2019-06-04,Mumbai,Petrol,76.91
2019-06-05,Chennai,Diesel,69.36
2019-06-05,Chennai,Petrol,74.01
2019-06-05,Delhi,Diesel,65.56
2019-06-05,Delhi,Petrol,71.23
2019-06-05,Kolkata,Diesel,67.48
2019-06-05,Kolkata,Petrol,73.47
2019-06-05,Mumbai,Diesel,68.76
2019-06-05,Mumbai,Petrol,76.91
2019-06-06,Chennai,Diesel,69.0
2019-06-06,Chennai,Petrol,73.84
2019-06-06,Delhi,Diesel,65.22
2019-06-06,Delhi,Petrol,71.07
2019-06-06,Kolkata,Diesel,67.14
2019-06-06,Kolkata,Petrol,73.31
2019-06-06,Mumbai,Diesel,68.39
2019-06-06,Mumbai,Petrol,76.76
2019-06-07,Chennai,Diesel,68.66
2019-06-07,Chennai,Petrol,73.7
2019-06-07,Delhi,Diesel,64.9
2019-06-07,Delhi,Petrol,70.94
2019-06-07,Kolkata,Diesel,66.82
2019-06-07,Kolkata,Petrol,73.19
2019-06-07,Mumbai,Diesel,68.06
2019-06-07,Mumbai,Petrol,76.63
2019-06-08,Chennai,Diesel,68.39
2019-06-08,Chennai,Petrol,73.47
2019-06-08,Delhi,Diesel,64.65
2019-06-08,Delhi,Petrol,70.72
2019-06-08,Kolkata,Diesel,66.57
2019-06-08,Kolkata,Petrol,72.97
2019-06-08,Mumbai,Diesel,67.79
2019-06-08,Mumbai,Petrol,76.41
2019-06-09,Chennai,Diesel,68.23
2019-06-09,Chennai,Petrol,73.3
2019-06-09,Delhi,Diesel,64.5
2019-06-09,Delhi,Petrol,70.56
2019-06-09,Kolkata,Diesel,66.42
2019-06-09,Kolkata,Petrol,72.81
2019-06-09,Mumbai,Diesel,67.63
2019-06-09,Mumbai,Petrol,76.25
2019-06-10,Chennai,Diesel,68.11
2019-06-10,Chennai,Petrol,73.17
2019-06-10,Delhi,Diesel,64.39
2019-06-10,Delhi,Petrol,70.43
2019-06-10,Kolkata,Diesel,66.31
2019-06-10,Kolkata,Petrol,72.68
2019-06-10,Mumbai,Diesel,67.51
2019-06-10,Mumbai,Petrol,76.12
2019-06-11,Chennai,Diesel,68.11
2019-06-11,Chennai,Petrol,73.17
2019-06-11,Delhi,Diesel,64.39
2019-06-11,Delhi,Petrol,70.43
2019-06-11,Kolkata,Diesel,66.31
2019-06-11,Kolkata,Petrol,72.68
2019-06-11,Mumbai,Diesel,67.51
2019-06-11,Mumbai,Petrol,76.12
2019-06-12,Chennai,Diesel,68.11
2019-06-12,Chennai,Petrol,73.17
2019-06-12,Delhi,Diesel,64.39
2019-06-12,Delhi,Petrol,70.43
2019-06-12,Kolkata,Diesel,66.31
2019-06-12,Kolkata,Petrol,72.68
2019-06-12,Mumbai,Diesel,67.51
2019-06-12,Mumbai,Petrol,76.12
2019-06-13,Chennai,Diesel,68.05
2019-06-13,Chennai,Petrol,73.08
2019-06-13,Delhi,Diesel,64.33
2019-06-13,Delhi,Petrol,70.35
2019-06-13,Kolkata,Diesel,66.25
2019-06-13,Kolkata,Petrol,72.61
2019-06-13,Mumbai,Diesel,67.45
2019-06-13,Mumbai,Petrol,76.04
2019-06-14,Chennai,Diesel,67.88
2019-06-14,Chennai,Petrol,72.9
2019-06-14,Delhi,Diesel,64.17
2019-06-14,Delhi,Petrol,70.18
2019-06-14,Kolkata,Diesel,66.09
2019-06-14,Kolkata,Petrol,72.44
2019-06-14,Mumbai,Diesel,67.28
2019-06-14,Mumbai,Petrol,75.88
2019-06-15,Chennai,Diesel,67.62
2019-06-15,Chennai,Petrol,72.7
2019-06-15,Delhi,Diesel,63.93
2019-06-15,Delhi,Petrol,69.99
2019-06-15,Kolkata,Diesel,65.85
2019-06-15,Kolkata,Petrol,72.25
2019-06-15,Mumbai,Diesel,67.03
2019-06-15,Mumbai,Petrol,75.69
2019-06-16,Chennai,Diesel,67.52
2019-06-16,Chennai,Petrol,72.64
2019-06-16,Delhi,Diesel,63.84
2019-06-16,Delhi,Petrol,69.93
2019-06-16,Kolkata,Diesel,65.76
2019-06-16,Kolkata,Petrol,72.19
2019-06-16,Mumbai,Diesel,66.93
2019-06-16,Mumbai,Petrol,75.63
2019-06-17,Chennai,Diesel,67.52
2019-06-17,Chennai,Petrol,72.64
2019-06-17,Delhi,Diesel,63.84
2019-06-17,Delhi,Petrol,69.93
2019-06-17,Kolkata,Diesel,65.76
2019-06-17,Kolkata,Petrol,72.19
2019-06-17,Mumbai,Diesel,66.93
2019-06-17,Mumbai,Petrol,75.63
2019-06-18,Chennai,Diesel,67.52
2019-06-18,Chennai,Petrol,72.64
2019-06-18,Delhi,Diesel,63.84
2019-06-18,Delhi,Petrol,69.93
2019-06-18,Kolkata,Diesel,65.76
2019-06-18,Kolkata,Petrol,72.19
2019-06-18,Mumbai,Diesel,66.93
2019-06-18,Mumbai,Petrol,75.63
2019-06-19,Chennai,Diesel,67.52
2019-06-19,Chennai,Petrol,72.64
2019-06-19,Delhi,Diesel,63.84
2019-06-19,Delhi,Petrol,69.93
2019-06-19,Kolkata,Diesel,65.76
2019-06-19,Kolkata,Petrol,72.19
2019-06-19,Mumbai,Diesel,66.93
2019-06-19,Mumbai,Petrol,75.63
2019-06-20,Chennai,Diesel,67.46
2019-06-20,Chennai,Petrol,72.64
2019-06-20,Delhi,Diesel,63.78
2019-06-20,Delhi,Petrol,69.93
2019-06-20,Kolkata,Diesel,65.7
2019-06-20,Kolkata,Petrol,72.19
2019-06-20,Mumbai,Diesel,66.87
2019-06-20,Mumbai,Petrol,75.63
2019-06-21,Chennai,Diesel,67.46
2019-06-21,Chennai,Petrol,72.64
2019-06-21,Delhi,Diesel,63.78
2019-06-21,Delhi,Petrol,69.93
2019-06-21,Kolkata,Diesel,65.7
2019-06-21,Kolkata,Petrol,72.19
2019-06-21,Mumbai,Diesel,66.87
2019-06-21,Mumbai,Petrol,75.63
2019-06-22,Chennai,Diesel,67.46
2019-06-22,Chennai,Petrol,72.64
2019-06-22,Delhi,Diesel,63.78
2019-06-22,Delhi,Petrol,69.93
2019-06-22,Kolkata,Diesel,65.7
2019-06-22,Kolkata,Petrol,72.19
2019-06-22,Mumbai,Diesel,66.87
2019-06-22,Mumbai,Petrol,75.63
2019-06-23,Chennai,Diesel,67.52
2019-06-23,Chennai,Petrol,72.69
2019-06-23,Delhi,Diesel,63.84
2019-06-23,Delhi,Petrol,69.98
2019-06-23,Kolkata,Diesel,65.76
2019-06-23,Kolkata,Petrol,72.24
2019-06-23,Mumbai,Diesel,66.93
2019-06-23,Mumbai,Petrol,75.68
2019-06-24,Chennai,Diesel,67.59
2019-06-24,Chennai,Petrol,72.77
2019-06-24,Delhi,Diesel,63.9
2019-06-24,Delhi,Petrol,70.05
2019-06-24,Kolkata,Diesel,65.82
2019-06-24,Kolkata,Petrol,72.31
2019-06-24,Mumbai,Diesel,66.99
2019-06-24,Mumbai,Petrol,75.75
2019-06-25,Chennai,Diesel,67.59
2019-06-25,Chennai,Petrol,72.77
2019-06-25,Delhi,Diesel,63.9
2019-06-25,Delhi,Petrol,70.05
2019-06-25,Kolkata,Diesel,65.82
2019-06-25,Kolkata,Petrol,72.31
2019-06-25,Mumbai,Diesel,66.99
2019-06-25,Mumbai,Petrol,75.75
2019-06-26,Chennai,Diesel,67.59
2019-06-26,Chennai,Petrol,72.77
2019-06-26,Delhi,Diesel,63.9
2019-06-26,Delhi,Petrol,70.05
2019-06-26,Kolkata,Diesel,65.82
2019-06-26,Kolkata,Petrol,72.31
2019-06-26,Mumbai,Diesel,66.99
2019-06-26,Mumbai,Petrol,75.75
2019-06-27,Chennai,Diesel,67.64
2019-06-27,Chennai,Petrol,72.84
2019-06-27,Delhi,Diesel,63.95
2019-06-27,Delhi,Petrol,70.12
2019-06-27,Kolkata,Diesel,65.87
2019-06-27,Kolkata,Petrol,72.38
2019-06-27,Mumbai,Diesel,67.05
2019-06-27,Mumbai,Petrol,75.82
2019-06-28,Chennai,Diesel,67.7
2019-06-28,Chennai,Petrol,72.89
2019-06-28,Delhi,Diesel,64.01
2019-06-28,Delhi,Petrol,70.17
2019-06-28,Kolkata,Diesel,65.93
2019-06-28,Kolkata,Petrol,72.43
2019-06-28,Mumbai,Diesel,67.11
2019-06-28,Mumbai,Petrol,75.87
2019-06-29,Chennai,Diesel,67.81
2019-06-29,Chennai,Petrol,73.01
2019-06-29,Delhi,Diesel,64.11
2019-06-29,Delhi,Petrol,70.28
2019-06-29,Kolkata,Diesel,66.03
2019-06-29,Kolkata,Petrol,72.54
2019-06-29,Mumbai,Diesel,67.22
2019-06-29,Mumbai,Petrol,75.97
2019-06-30,Chennai,Diesel,67.9
2019-06-30,Chennai,Petrol,73.1
2019-06-30,Delhi,Diesel,64.19
2019-06-30,Delhi,Petrol,70.37
2019-06-30,Kolkata,Diesel,66.11
2019-06-30,Kolkata,Petrol,72.63
2019-06-30,Mumbai,Diesel,67.3
2019-06-30,Mumbai,Petrol,76.06
2019-07-01,Chennai,Diesel,67.96
2019-07-01,Chennai,Petrol,73.15
2019-07-01,Delhi,Diesel,64.27
2019-07-01,Delhi,Petrol,70.44
2019-07-01,Kolkata,Diesel,66.16
2019-07-01,Kolkata,Petrol,72.67
2019-07-01,Mumbai,Diesel,67.36
2019-07-01,Mumbai,Petrol,76.11
2019-07-02,Chennai,Diesel,67.96
2019-07-02,Chennai,Petrol,73.19
2019-07-02,Delhi,Diesel,64.33
2019-07-02,Delhi,Petrol,70.51
2019-07-02,Kolkata,Diesel,66.23
2019-07-02,Kolkata,Petrol,72.75
2019-07-02,Mumbai,Diesel,67.4
2019-07-02,Mumbai,Petrol,76.15
2019-07-03,Chennai,Diesel,67.96
2019-07-03,Chennai,Petrol,73.19
2019-07-03,Delhi,Diesel,64.33
2019-07-03,Delhi,Petrol,70.51
2019-07-03,Kolkata,Diesel,66.23
2019-07-03,Kolkata,Petrol,72.75
2019-07-03,Mumbai,Diesel,67.4
2019-07-03,Mumbai,Petrol,76.15
2019-07-04,Chennai,Diesel,67.96
2019-07-04,Chennai,Petrol,73.19
2019-07-04,Delhi,Diesel,64.33
2019-07-04,Delhi,Petrol,70.51
2019-07-04,Kolkata,Diesel,66.23
2019-07-04,Kolkata,Petrol,72.75
2019-07-04,Mumbai,Diesel,67.4
2019-07-04,Mumbai,Petrol,76.15
2019-07-05,Chennai,Diesel,67.96
2019-07-05,Chennai,Petrol,73.19
2019-07-05,Delhi,Diesel,64.33
2019-07-05,Delhi,Petrol,70.51
2019-07-05,Kolkata,Diesel,66.23
2019-07-05,Kolkata,Petrol,72.75
2019-07-05,Mumbai,Diesel,67.4
2019-07-05,Mumbai,Petrol,76.15
2019-07-06,Chennai,Diesel,70.48
2019-07-06,Chennai,Petrol,75.76
2019-07-06,Delhi,Diesel,66.69
2019-07-06,Delhi,Petrol,72.96
2019-07-06,Kolkata,Diesel,68.59
2019-07-06,Kolkata,Petrol,75.15
2019-07-06,Mumbai,Diesel,69.9
2019-07-06,Mumbai,Petrol,78.57
2019-07-07,Chennai,Diesel,70.48
2019-07-07,Chennai,Petrol,75.76
2019-07-07,Delhi,Diesel,66.69
2019-07-07,Delhi,Petrol,72.96
2019-07-07,Kolkata,Diesel,68.59
2019-07-07,Kolkata,Petrol,75.15
2019-07-07,Mumbai,Diesel,69.9
2019-07-07,Mumbai,Petrol,78.57
2019-07-08,Chennai,Diesel,70.34
2019-07-08,Chennai,Petrol,75.76
2019-07-08,Delhi,Diesel,66.59
2019-07-08,Delhi,Petrol,72.96
2019-07-08,Kolkata,Diesel,68.54
2019-07-08,Kolkata,Petrol,75.15
2019-07-08,Mumbai,Diesel,69.8
2019-07-08,Mumbai,Petrol,78.57
2019-07-09,Chennai,Diesel,70.23
2019-07-09,Chennai,Petrol,75.7
2019-07-09,Delhi,Diesel,66.49
2019-07-09,Delhi,Petrol,72.9
2019-07-09,Kolkata,Diesel,68.48
2019-07-09,Kolkata,Petrol,75.12
2019-07-09,Mumbai,Diesel,69.69
2019-07-09,Mumbai,Petrol,78.52
2019-07-10,Chennai,Diesel,70.23
2019-07-10,Chennai,Petrol,75.7
2019-07-10,Delhi,Diesel,66.49
2019-07-10,Delhi,Petrol,72.9
2019-07-10,Kolkata,Diesel,68.48
2019-07-10,Kolkata,Petrol,75.12
2019-07-10,Mumbai,Diesel,69.69
2019-07-10,Mumbai,Petrol,78.52
2019-07-11,Chennai,Diesel,70.07
2019-07-11,Chennai,Petrol,75.7
2019-07-11,Delhi,Diesel,66.34
2019-07-11,Delhi,Petrol,72.9
2019-07-11,Kolkata,Diesel,68.37
2019-07-11,Kolkata,Petrol,75.12
2019-07-11,Mumbai,Diesel,69.53
2019-07-11,Mumbai,Petrol,78.52
2019-07-12,Chennai,Diesel,69.96
2019-07-12,Chennai,Petrol,75.7
2019-07-12,Delhi,Diesel,66.24
2019-07-12,Delhi,Petrol,72.9
2019-07-12,Kolkata,Diesel,68.31
2019-07-12,Kolkata,Petrol,75.12
2019-07-12,Mumbai,Diesel,69.43
2019-07-12,Mumbai,Petrol,78.52
2019-07-13,Chennai,Diesel,69.96
2019-07-13,Chennai,Petrol,75.8
2019-07-13,Delhi,Diesel,66.24
2019-07-13,Delhi,Petrol,72.99
2019-07-13,Kolkata,Diesel,68.31
2019-07-13,Kolkata,Petrol,75.25
2019-07-13,Mumbai,Diesel,69.43
2019-07-13,Mumbai,Petrol,78.61
2019-07-14,Chennai,Diesel,69.96
2019-07-14,Chennai,Petrol,75.89
2019-07-14,Delhi,Diesel,66.24
2019-07-14,Delhi,Petrol,73.08
2019-07-14,Kolkata,Diesel,68.31
2019-07-14,Kolkata,Petrol,75.38
2019-07-14,Mumbai,Diesel,69.43
2019-07-14,Mumbai,Petrol,78.69
2019-07-15,Chennai,Diesel,69.96
2019-07-15,Chennai,Petrol,76.03
2019-07-15,Delhi,Diesel,66.24
2019-07-15,Delhi,Petrol,73.21
2019-07-15,Kolkata,Diesel,68.31
2019-07-15,Kolkata,Petrol,75.55
2019-07-15,Mumbai,Diesel,69.43
2019-07-15,Mumbai,Petrol,78.82
2019-07-16,Chennai,Diesel,69.96
2019-07-16,Chennai,Petrol,76.09
2019-07-16,Delhi,Diesel,66.24
2019-07-16,Delhi,Petrol,73.27
2019-07-16,Kolkata,Diesel,68.31
2019-07-16,Kolkata,Petrol,75.65
2019-07-16,Mumbai,Diesel,69.43
2019-07-16,Mumbai,Petrol,78.88
2019-07-17,Chennai,Diesel,69.96
2019-07-17,Chennai,Petrol,76.09
2019-07-17,Delhi,Diesel,66.24
2019-07-17,Delhi,Petrol,73.27
2019-07-17,Kolkata,Diesel,68.31
2019-07-17,Kolkata,Petrol,75.65
2019-07-17,Mumbai,Diesel,69.43
2019-07-17,Mumbai,Petrol,78.88
2019-07-18,Chennai,Diesel,69.96
2019-07-18,Chennai,Petrol,76.18
2019-07-18,Delhi,Diesel,66.24
2019-07-18,Delhi,Petrol,73.35
2019-07-18,Kolkata,Diesel,68.31
2019-07-18,Kolkata,Petrol,75.77
2019-07-18,Mumbai,Diesel,69.43
2019-07-18,Mumbai,Petrol,78.96
2019-07-19,Chennai,Diesel,69.96
2019-07-19,Chennai,Petrol,76.18
2019-07-19,Delhi,Diesel,66.24
2019-07-19,Delhi,Petrol,73.35
2019-07-19,Kolkata,Diesel,68.31
2019-07-19,Kolkata,Petrol,75.77
2019-07-19,Mumbai,Diesel,69.43
2019-07-19,Mumbai,Petrol,78.96
2019-07-20,Chennai,Diesel,69.96
2019-07-20,Chennai,Petrol,76.18
2019-07-20,Delhi,Diesel,66.24
2019-07-20,Delhi,Petrol,73.35
2019-07-20,Kolkata,Diesel,68.31
2019-07-20,Kolkata,Petrol,75.77
2019-07-20,Mumbai,Diesel,69.43
2019-07-20,Mumbai,Petrol,78.96
2019-07-21,Chennai,Diesel,69.96
2019-07-21,Chennai,Petrol,76.18
2019-07-21,Delhi,Diesel,66.24
2019-07-21,Delhi,Petrol,73.35
2019-07-21,Kolkata,Diesel,68.31
2019-07-21,Kolkata,Petrol,75.77
2019-07-21,Mumbai,Diesel,69.43
2019-07-21,Mumbai,Petrol,78.96
2019-07-22,Chennai,Diesel,69.96
2019-07-22,Chennai,Petrol,76.18
2019-07-22,Delhi,Diesel,66.24
2019-07-22,Delhi,Petrol,73.35
2019-07-22,Kolkata,Diesel,68.31
2019-07-22,Kolkata,Petrol,75.77
2019-07-22,Mumbai,Diesel,69.43
2019-07-22,Mumbai,Petrol,78.96
2019-07-23,Chennai,Diesel,69.96
2019-07-23,Chennai,Petrol,76.24
2019-07-23,Delhi,Diesel,66.24
2019-07-23,Delhi,Petrol,73.41
2019-07-23,Kolkata,Diesel,68.31
2019-07-23,Kolkata,Petrol,75.87
2019-07-23,Mumbai,Diesel,69.43
2019-07-23,Mumbai,Petrol,79.02
2019-07-24,Chennai,Diesel,69.96
2019-07-24,Chennai,Petrol,76.24
2019-07-24,Delhi,Diesel,66.24
2019-07-24,Delhi,Petrol,73.41
2019-07-24,Kolkata,Diesel,68.31
2019-07-24,Kolkata,Petrol,75.87
2019-07-24,Mumbai,Diesel,69.43
2019-07-24,Mumbai,Petrol,79.02
2019-07-25,Chennai,Diesel,69.9
2019-07-25,Chennai,Petrol,76.18
2019-07-25,Delhi,Diesel,66.18
2019-07-25,Delhi,Petrol,73.35
2019-07-25,Kolkata,Diesel,68.29
2019-07-25,Kolkata,Petrol,75.85
2019-07-25,Mumbai,Diesel,69.36
2019-07-25,Mumbai,Petrol,78.96
2019-07-26,Chennai,Diesel,69.9
2019-07-26,Chennai,Petrol,76.11
2019-07-26,Delhi,Diesel,66.18
2019-07-26,Delhi,Petrol,73.29
2019-07-26,Kolkata,Diesel,68.29
2019-07-26,Kolkata,Petrol,75.83
2019-07-26,Mumbai,Diesel,69.36
2019-07-26,Mumbai,Petrol,78.9
2019-07-27,Chennai,Diesel,69.9
2019-07-27,Chennai,Petrol,76.06
2019-07-27,Delhi,Diesel,66.18
2019-07-27,Delhi,Petrol,73.24
2019-07-27,Kolkata,Diesel,68.29
2019-07-27,Kolkata,Petrol,75.81
2019-07-27,Mumbai,Diesel,69.36
2019-07-27,Mumbai,Petrol,78.85
2019-07-28,Chennai,Diesel,69.9
2019-07-28,Chennai,Petrol,75.96
2019-07-28,Delhi,Diesel,66.18
2019-07-28,Delhi,Petrol,73.14
2019-07-28,Kolkata,Diesel,68.29
2019-07-28,Kolkata,Petrol,75.75
2019-07-28,Mumbai,Diesel,69.36
2019-07-28,Mumbai,Petrol,78.75
2019-07-29,Chennai,Diesel,69.78
2019-07-29,Chennai,Petrol,75.8
2019-07-29,Delhi,Diesel,66.07
2019-07-29,Delhi,Petrol,72.99
2019-07-29,Kolkata,Diesel,68.22
2019-07-29,Kolkata,Petrol,75.63
2019-07-29,Mumbai,Diesel,69.25
2019-07-29,Mumbai,Petrol,78.61
2019-07-30,Chennai,Diesel,69.71
2019-07-30,Chennai,Petrol,75.66
2019-07-30,Delhi,Diesel,66.0
2019-07-30,Delhi,Petrol,72.86
2019-07-30,Kolkata,Diesel,68.19
2019-07-30,Kolkata,Petrol,75.5
2019-07-30,Mumbai,Diesel,69.17
2019-07-30,Mumbai,Petrol,78.48
2019-07-31,Chennai,Diesel,69.71
2019-07-31,Chennai,Petrol,75.66
2019-07-31,Delhi,Diesel,66.0
2019-07-31,Delhi,Petrol,72.86
2019-07-31,Kolkata,Diesel,68.19
2019-07-31,Kolkata,Petrol,75.5
2019-07-31,Mumbai,Diesel,69.17
2019-07-31,Mumbai,Petrol,78.48
2019-08-01,Chennai,Diesel,69.71
2019-08-01,Chennai,Petrol,75.6
2019-08-01,Delhi,Diesel,66.0
2019-08-01,Delhi,Petrol,72.8
2019-08-01,Kolkata,Diesel,68.19
2019-08-01,Kolkata,Petrol,75.44
2019-08-01,Mumbai,Diesel,69.17
2019-08-01,Mumbai,Petrol,78.42
2019-08-02,Chennai,Diesel,69.71
2019-08-02,Chennai,Petrol,75.52
2019-08-02,Delhi,Diesel,66.0
2019-08-02,Delhi,Petrol,72.69
2019-08-02,Kolkata,Diesel,68.19
2019-08-02,Kolkata,Petrol,75.37
2019-08-02,Mumbai,Diesel,69.17
2019-08-02,Mumbai,Petrol,78.34
2019-08-03,Chennai,Diesel,69.71
2019-08-03,Chennai,Petrol,75.44
2019-08-03,Delhi,Diesel,66.0
2019-08-03,Delhi,Petrol,72.62
2019-08-03,Kolkata,Diesel,68.19
2019-08-03,Kolkata,Petrol,75.3
2019-08-03,Mumbai,Diesel,69.17
2019-08-03,Mumbai,Petrol,78.27
2019-08-04,Chennai,Diesel,69.64
2019-08-04,Chennai,Petrol,75.34
2019-08-04,Delhi,Diesel,65.94
2019-08-04,Delhi,Petrol,72.52
2019-08-04,Kolkata,Diesel,68.17
2019-08-04,Kolkata,Petrol,75.21
2019-08-04,Mumbai,Diesel,69.11
2019-08-04,Mumbai,Petrol,78.17
2019-08-05,Chennai,Diesel,69.64
2019-08-05,Chennai,Petrol,75.18
2019-08-05,Delhi,Diesel,65.94
2019-08-05,Delhi,Petrol,72.37
2019-08-05,Kolkata,Diesel,68.17
2019-08-05,Kolkata,Petrol,75.06
2019-08-05,Mumbai,Diesel,69.11
2019-08-05,Mumbai,Petrol,78.02
2019-08-06,Chennai,Diesel,69.64
2019-08-06,Chennai,Petrol,75.08
2019-08-06,Delhi,Diesel,65.94
2019-08-06,Delhi,Petrol,72.28
2019-08-06,Kolkata,Diesel,68.17
2019-08-06,Kolkata,Petrol,74.97
2019-08-06,Mumbai,Diesel,69.11
2019-08-06,Mumbai,Petrol,77.93
2019-08-07,Chennai,Diesel,69.64
2019-08-07,Chennai,Petrol,75.08
2019-08-07,Delhi,Diesel,65.94
2019-08-07,Delhi,Petrol,72.28
2019-08-07,Kolkata,Diesel,68.17
2019-08-07,Kolkata,Petrol,74.97
2019-08-07,Mumbai,Diesel,69.11
2019-08-07,Mumbai,Petrol,77.93
2019-08-08,Chennai,Diesel,69.59
2019-08-08,Chennai,Petrol,75.03
2019-08-08,Delhi,Diesel,65.88
2019-08-08,Delhi,Petrol,72.23
2019-08-08,Kolkata,Diesel,68.15
2019-08-08,Kolkata,Petrol,74.92
2019-08-08,Mumbai,Diesel,69.06
2019-08-08,Mumbai,Petrol,77.89
2019-08-09,Chennai,Diesel,69.47
2019-08-09,Chennai,Petrol,74.87
2019-08-09,Delhi,Diesel,65.75
2019-08-09,Delhi,Petrol,72.08
2019-08-09,Kolkata,Diesel,68.08
2019-08-09,Kolkata,Petrol,74.78
2019-08-09,Mumbai,Diesel,68.94
2019-08-09,Mumbai,Petrol,77.74
2019-08-10,Chennai,Diesel,69.35
2019-08-10,Chennai,Petrol,74.87
2019-08-10,Delhi,Diesel,65.64
2019-08-10,Delhi,Petrol,72.08
2019-08-10,Kolkata,Diesel,68.01
2019-08-10,Kolkata,Petrol,74.78
2019-08-10,Mumbai,Diesel,68.82
2019-08-10,Mumbai,Petrol,77.74
2019-08-11,Chennai,Diesel,69.19
2019-08-11,Chennai,Petrol,74.78
2019-08-11,Delhi,Diesel,65.49
2019-08-11,Delhi,Petrol,71.99
2019-08-11,Kolkata,Diesel,67.87
2019-08-11,Kolkata,Petrol,74.69
2019-08-11,Mumbai,Diesel,68.66
2019-08-11,Mumbai,Petrol,77.65
2019-08-12,Chennai,Diesel,69.13
2019-08-12,Chennai,Petrol,74.78
2019-08-12,Delhi,Diesel,65.43
2019-08-12,Delhi,Petrol,71.99
2019-08-12,Kolkata,Diesel,67.81
2019-08-12,Kolkata,Petrol,74.69
2019-08-12,Mumbai,Diesel,68.6
2019-08-12,Mumbai,Petrol,77.65
2019-08-13,Chennai,Diesel,69.13
2019-08-13,Chennai,Petrol,74.78
2019-08-13,Delhi,Diesel,65.43
2019-08-13,Delhi,Petrol,71.99
2019-08-13,Kolkata,Diesel,67.81
2019-08-13,Kolkata,Petrol,74.69
2019-08-13,Mumbai,Diesel,68.6
2019-08-13,Mumbai,Petrol,77.65
2019-08-14,Chennai,Diesel,69.13
2019-08-14,Chennai,Petrol,74.78
2019-08-14,Delhi,Diesel,65.43
2019-08-14,Delhi,Petrol,71.99
2019-08-14,Kolkata,Diesel,67.81
2019-08-14,Kolkata,Petrol,74.69
2019-08-14,Mumbai,Diesel,68.6
2019-08-14,Mumbai,Petrol,77.65
2019-08-15,Chennai,Diesel,69.13
2019-08-15,Chennai,Petrol,74.78
2019-08-15,Delhi,Diesel,65.43
2019-08-15,Delhi,Petrol,71.99
2019-08-15,Kolkata,Diesel,67.81
2019-08-15,Kolkata,Petrol,74.69
2019-08-15,Mumbai,Diesel,68.6
2019-08-15,Mumbai,Petrol,77.65
2019-08-16,Chennai,Diesel,69.13
2019-08-16,Chennai,Petrol,74.78
2019-08-16,Delhi,Diesel,65.43
2019-08-16,Delhi,Petrol,71.99
2019-08-16,Kolkata,Diesel,67.81
2019-08-16,Kolkata,Petrol,74.69
2019-08-16,Mumbai,Diesel,68.6
2019-08-16,Mumbai,Petrol,77.65
2019-08-17,Chennai,Diesel,69.08
2019-08-17,Chennai,Petrol,74.78
2019-08-17,Delhi,Diesel,65.38
2019-08-17,Delhi,Petrol,71.99
2019-08-17,Kolkata,Diesel,67.76
2019-08-17,Kolkata,Petrol,74.69
2019-08-17,Mumbai,Diesel,68.55
2019-08-17,Mumbai,Petrol,77.65
2019-08-18,Chennai,Diesel,68.95
2019-08-18,Chennai,Petrol,74.69
2019-08-18,Delhi,Diesel,65.26
2019-08-18,Delhi,Petrol,71.91
2019-08-18,Kolkata,Diesel,67.64
2019-08-18,Kolkata,Petrol,74.61
2019-08-18,Mumbai,Diesel,68.42
2019-08-18,Mumbai,Petrol,77.57
2019-08-19,Chennai,Diesel,68.86
2019-08-19,Chennai,Petrol,74.62
2019-08-19,Delhi,Diesel,65.18
2019-08-19,Delhi,Petrol,71.84
2019-08-19,Kolkata,Diesel,67.56
2019-08-19,Kolkata,Petrol,74.54
2019-08-19,Mumbai,Diesel,68.33
2019-08-19,Mumbai,Petrol,77.5
2019-08-20,Chennai,Diesel,68.79
2019-08-20,Chennai,Petrol,74.62
2019-08-20,Delhi,Diesel,65.11
2019-08-20,Delhi,Petrol,71.84
2019-08-20,Kolkata,Diesel,67.49
2019-08-20,Kolkata,Petrol,74.54
2019-08-20,Mumbai,Diesel,68.26
2019-08-20,Mumbai,Petrol,77.5
2019-08-21,Chennai,Diesel,68.79
2019-08-21,Chennai,Petrol,74.62
2019-08-21,Delhi,Diesel,65.11
2019-08-21,Delhi,Petrol,71.84
2019-08-21,Kolkata,Diesel,67.49
2019-08-21,Kolkata,Petrol,74.54
2019-08-21,Mumbai,Diesel,68.26
2019-08-21,Mumbai,Petrol,77.5
2019-08-22,Chennai,Diesel,68.79
2019-08-22,Chennai,Petrol,74.62
2019-08-22,Delhi,Diesel,65.11
2019-08-22,Delhi,Petrol,71.84
2019-08-22,Kolkata,Diesel,67.49
2019-08-22,Kolkata,Petrol,74.54
2019-08-22,Mumbai,Diesel,68.26
2019-08-22,Mumbai,Petrol,77.5
2019-08-23,Chennai,Diesel,68.79
2019-08-23,Chennai,Petrol,74.62
2019-08-23,Delhi,Diesel,65.11
2019-08-23,Delhi,Petrol,71.84
2019-08-23,Kolkata,Diesel,67.49
2019-08-23,Kolkata,Petrol,74.54
2019-08-23,Mumbai,Diesel,68.26
2019-08-23,Mumbai,Petrol,77.5
2019-08-24,Chennai,Diesel,68.84
2019-08-24,Chennai,Petrol,74.7
2019-08-24,Delhi,Diesel,65.16
2019-08-24,Delhi,Petrol,71.92
2019-08-24,Kolkata,Diesel,67.54
2019-08-24,Kolkata,Petrol,74.62
2019-08-24,Mumbai,Diesel,68.31
2019-08-24,Mumbai,Petrol,77.58
2019-08-25,Chennai,Diesel,68.95
2019-08-25,Chennai,Petrol,74.78
2019-08-25,Delhi,Diesel,65.26
2019-08-25,Delhi,Petrol,71.99
2019-08-25,Kolkata,Diesel,67.64
2019-08-25,Kolkata,Petrol,74.69
2019-08-25,Mumbai,Diesel,68.42
2019-08-25,Mumbai,Petrol,77.65
2019-08-26,Chennai,Diesel,69.04
2019-08-26,Chennai,Petrol,74.86
2019-08-26,Delhi,Diesel,65.35
2019-08-26,Delhi,Petrol,72.07
2019-08-26,Kolkata,Diesel,67.73
2019-08-26,Kolkata,Petrol,74.77
2019-08-26,Mumbai,Diesel,68.51
2019-08-26,Mumbai,Petrol,77.73
2019-08-27,Chennai,Diesel,69.04
2019-08-27,Chennai,Petrol,74.86
2019-08-27,Delhi,Diesel,65.35
2019-08-27,Delhi,Petrol,72.07
2019-08-27,Kolkata,Diesel,67.73
2019-08-27,Kolkata,Petrol,74.77
2019-08-27,Mumbai,Diesel,68.51
2019-08-27,Mumbai,Petrol,77.73
2019-08-28,Chennai,Diesel,69.04
2019-08-28,Chennai,Petrol,74.86
2019-08-28,Delhi,Diesel,65.35
2019-08-28,Delhi,Petrol,72.07
2019-08-28,Kolkata,Diesel,67.73
2019-08-28,Kolkata,Petrol,74.77
2019-08-28,Mumbai,Diesel,68.51
2019-08-28,Mumbai,Petrol,77.73
2019-08-29,Chennai,Diesel,68.99
2019-08-29,Chennai,Petrol,74.8
2019-08-29,Delhi,Diesel,65.3
2019-08-29,Delhi,Petrol,72.01
2019-08-29,Kolkata,Diesel,67.68
2019-08-29,Kolkata,Petrol,74.71
2019-08-29,Mumbai,Diesel,68.46
2019-08-29,Mumbai,Petrol,77.67
2019-08-30,Chennai,Diesel,68.94
2019-08-30,Chennai,Petrol,74.8
2019-08-30,Delhi,Diesel,65.25
2019-08-30,Delhi,Petrol,72.01
2019-08-30,Kolkata,Diesel,67.63
2019-08-30,Kolkata,Petrol,74.71
2019-08-30,Mumbai,Diesel,68.41
2019-08-30,Mumbai,Petrol,77.67
2019-08-31,Chennai,Diesel,68.94
2019-08-31,Chennai,Petrol,74.8
2019-08-31,Delhi,Diesel,65.25
2019-08-31,Delhi,Petrol,72.01
2019-08-31,Kolkata,Diesel,67.63
2019-08-31,Kolkata,Petrol,74.71
2019-08-31,Mumbai,Diesel,68.41
2019-08-31,Mumbai,Petrol,77.67
2019-09-01,Chennai,Diesel,68.94
2019-09-01,Chennai,Petrol,74.8
2019-09-01,Delhi,Diesel,65.25
2019-09-01,Delhi,Petrol,72.01
2019-09-01,Kolkata,Diesel,67.63
2019-09-01,Kolkata,Petrol,74.71
2019-09-01,Mumbai,Diesel,68.41
2019-09-01,Mumbai,Petrol,77.67
2019-09-02,Chennai,Diesel,68.94
2019-09-02,Chennai,Petrol,74.8
2019-09-02,Delhi,Diesel,65.25
2019-09-02,Delhi,Petrol,72.01
2019-09-02,Kolkata,Diesel,67.63
2019-09-02,Kolkata,Petrol,74.71
2019-09-02,Mumbai,Diesel,68.41
2019-09-02,Mumbai,Petrol,77.67
2019-09-03,Chennai,Diesel,68.94
2019-09-03,Chennai,Petrol,74.8
2019-09-03,Delhi,Diesel,65.25
2019-09-03,Delhi,Petrol,72.01
2019-09-03,Kolkata,Diesel,67.63
2019-09-03,Kolkata,Petrol,74.71
2019-09-03,Mumbai,Diesel,68.41
2019-09-03,Mumbai,Petrol,77.67
2019-09-04,Chennai,Diesel,68.94
2019-09-04,Chennai,Petrol,74.8
2019-09-04,Delhi,Diesel,65.25
2019-09-04,Delhi,Petrol,72.01
2019-09-04,Kolkata,Diesel,67.63
2019-09-04,Kolkata,Petrol,74.71
2019-09-04,Mumbai,Diesel,68.41
2019-09-04,Mumbai,Petrol,77.67
2019-09-05,Chennai,Diesel,68.89
2019-09-05,Chennai,Petrol,74.75
2019-09-05,Delhi,Diesel,65.2
2019-09-05,Delhi,Petrol,71.95
2019-09-05,Kolkata,Diesel,67.59
2019-09-05,Kolkata,Petrol,74.66
2019-09-05,Mumbai,Diesel,68.36
2019-09-05,Mumbai,Petrol,77.62
2019-09-06,Chennai,Diesel,68.84
2019-09-06,Chennai,Petrol,74.66
2019-09-06,Delhi,Diesel,65.14
2019-09-06,Delhi,Petrol,71.86
2019-09-06,Kolkata,Diesel,67.54
2019-09-06,Kolkata,Petrol,74.58
2019-09-06,Mumbai,Diesel,68.31
2019-09-06,Mumbai,Petrol,77.54
2019-09-07,Chennai,Diesel,68.79
2019-09-07,Chennai,Petrol,74.57
2019-09-07,Delhi,Diesel,65.09
2019-09-07,Delhi,Petrol,71.77
2019-09-07,Kolkata,Diesel,67.5
2019-09-07,Kolkata,Petrol,74.5
2019-09-07,Mumbai,Diesel,68.26
2019-09-07,Mumbai,Petrol,77.46
2019-09-08,Chennai,Diesel,68.79
2019-09-08,Chennai,Petrol,74.51
2019-09-08,Delhi,Diesel,65.09
2019-09-08,Delhi,Petrol,71.71
2019-09-08,Kolkata,Diesel,67.5
2019-09-08,Kolkata,Petrol,74.44
2019-09-08,Mumbai,Diesel,68.26
2019-09-08,Mumbai,Petrol,77.4
2019-09-09,Chennai,Diesel,68.79
2019-09-09,Chennai,Petrol,74.51
2019-09-09,Delhi,Diesel,65.09
2019-09-09,Delhi,Petrol,71.71
2019-09-09,Kolkata,Diesel,67.5
2019-09-09,Kolkata,Petrol,74.44
2019-09-09,Mumbai,Diesel,68.26
2019-09-09,Mumbai,Petrol,77.4
2019-09-10,Chennai,Diesel,68.84
2019-09-10,Chennai,Petrol,74.56
2019-09-10,Delhi,Diesel,65.14
2019-09-10,Delhi,Petrol,71.76
2019-09-10,Kolkata,Diesel,67.55
2019-09-10,Kolkata,Petrol,74.49
2019-09-10,Mumbai,Diesel,68.32
2019-09-10,Mumbai,Petrol,77.45
2019-09-11,Chennai,Diesel,68.84
2019-09-11,Chennai,Petrol,74.56
2019-09-11,Delhi,Diesel,65.14
2019-09-11,Delhi,Petrol,71.76
2019-09-11,Kolkata,Diesel,67.55
2019-09-11,Kolkata,Petrol,74.49
2019-09-11,Mumbai,Diesel,68.32
2019-09-11,Mumbai,Petrol,77.45
2019-09-12,Chennai,Diesel,68.9
2019-09-12,Chennai,Petrol,74.63
2019-09-12,Delhi,Diesel,65.19
2019-09-12,Delhi,Petrol,71.82
2019-09-12,Kolkata,Diesel,67.6
2019-09-12,Kolkata,Petrol,74.55
2019-09-12,Mumbai,Diesel,68.37
2019-09-12,Mumbai,Petrol,77.5
2019-09-13,Chennai,Diesel,68.99
2019-09-13,Chennai,Petrol,74.7
2019-09-13,Delhi,Diesel,65.28
2019-09-13,Delhi,Petrol,71.89
2019-09-13,Kolkata,Diesel,67.69
2019-09-13,Kolkata,Petrol,74.62
2019-09-13,Mumbai,Diesel,68.46
2019-09-13,Mumbai,Petrol,77.57
2019-09-14,Chennai,Diesel,69.09
2019-09-14,Chennai,Petrol,74.78
2019-09-14,Delhi,Diesel,65.37
2019-09-14,Delhi,Petrol,71.97
2019-09-14,Kolkata,Diesel,67.78
2019-09-14,Kolkata,Petrol,74.7
2019-09-14,Mumbai,Diesel,68.56
2019-09-14,Mumbai,Petrol,77.65
2019-09-15,Chennai,Diesel,69.15
2019-09-15,Chennai,Petrol,74.85
2019-09-15,Delhi,Diesel,65.43
2019-09-15,Delhi,Petrol,72.03
2019-09-15,Kolkata,Diesel,67.84
2019-09-15,Kolkata,Petrol,74.76
2019-09-15,Mumbai,Diesel,68.62
2019-09-15,Mumbai,Petrol,77.71
2019-09-16,Chennai,Diesel,69.15
2019-09-16,Chennai,Petrol,74.85
2019-09-16,Delhi,Diesel,65.43
2019-09-16,Delhi,Petrol,72.03
2019-09-16,Kolkata,Diesel,67.84
2019-09-16,Kolkata,Petrol,74.76
2019-09-16,Mumbai,Diesel,68.62
2019-09-16,Mumbai,Petrol,77.71
2019-09-17,Chennai,Diesel,69.31
2019-09-17,Chennai,Petrol,74.99
2019-09-17,Delhi,Diesel,65.58
2019-09-17,Delhi,Petrol,72.17
2019-09-17,Kolkata,Diesel,67.99
2019-09-17,Kolkata,Petrol,74.89
2019-09-17,Mumbai,Diesel,68.78
2019-09-17,Mumbai,Petrol,77.85
2019-09-18,Chennai,Diesel,69.57
2019-09-18,Chennai,Petrol,75.26
2019-09-18,Delhi,Diesel,65.82
2019-09-18,Delhi,Petrol,72.42
2019-09-18,Kolkata,Diesel,68.23
2019-09-18,Kolkata,Petrol,75.14
2019-09-18,Mumbai,Diesel,69.04
2019-09-18,Mumbai,Petrol,78.1
2019-09-19,Chennai,Diesel,69.77
2019-09-19,Chennai,Petrol,75.56
2019-09-19,Delhi,Diesel,66.01
2019-09-19,Delhi,Petrol,72.71
2019-09-19,Kolkata,Diesel,68.42
2019-09-19,Kolkata,Petrol,75.43
2019-09-19,Mumbai,Diesel,69.24
2019-09-19,Mumbai,Petrol,78.39
2019-09-20,Chennai,Diesel,70.07
2019-09-20,Chennai,Petrol,75.93
2019-09-20,Delhi,Diesel,66.29
2019-09-20,Delhi,Petrol,73.06
2019-09-20,Kolkata,Diesel,68.7
2019-09-20,Kolkata,Petrol,75.77
2019-09-20,Mumbai,Diesel,69.54
2019-09-20,Mumbai,Petrol,78.73
2019-09-21,Chennai,Diesel,70.33
2019-09-21,Chennai,Petrol,76.24
2019-09-21,Delhi,Diesel,66.53
2019-09-21,Delhi,Petrol,73.35
2019-09-21,Kolkata,Diesel,68.94
2019-09-21,Kolkata,Petrol,76.05
2019-09-21,Mumbai,Diesel,69.79
2019-09-21,Mumbai,Petrol,79.02
2019-09-22,Chennai,Diesel,70.56
2019-09-22,Chennai,Petrol,76.52
2019-09-22,Delhi,Diesel,66.74
2019-09-22,Delhi,Petrol,73.62
2019-09-22,Kolkata,Diesel,69.15
2019-09-22,Kolkata,Petrol,76.32
2019-09-22,Mumbai,Diesel,70.01
2019-09-22,Mumbai,Petrol,79.29
2019-09-23,Chennai,Diesel,70.76
2019-09-23,Chennai,Petrol,76.83
2019-09-23,Delhi,Diesel,66.93
2019-09-23,Delhi,Petrol,73.91
2019-09-23,Kolkata,Diesel,69.35
2019-09-23,Kolkata,Petrol,76.6
2019-09-23,Mumbai,Diesel,70.22
2019-09-23,Mumbai,Petrol,79.57
2019-09-24,Chennai,Diesel,70.91
2019-09-24,Chennai,Petrol,77.06
2019-09-24,Delhi,Diesel,67.07
2019-09-24,Delhi,Petrol,74.13
2019-09-24,Kolkata,Diesel,69.49
2019-09-24,Kolkata,Petrol,76.82
2019-09-24,Mumbai,Diesel,70.37
2019-09-24,Mumbai,Petrol,79.79
2019-09-25,Chennai,Diesel,70.91
2019-09-25,Chennai,Petrol,77.06
2019-09-25,Delhi,Diesel,67.07
2019-09-25,Delhi,Petrol,74.13
2019-09-25,Kolkata,Diesel,69.49
2019-09-25,Kolkata,Petrol,76.82
2019-09-25,Mumbai,Diesel,70.37
2019-09-25,Mumbai,Petrol,79.79
2019-09-26,Chennai,Diesel,70.98
2019-09-26,Chennai,Petrol,77.12
2019-09-26,Delhi,Diesel,67.14
2019-09-26,Delhi,Petrol,74.19
2019-09-26,Kolkata,Diesel,69.56
2019-09-26,Kolkata,Petrol,76.88
2019-09-26,Mumbai,Diesel,70.44
2019-09-26,Mumbai,Petrol,79.85
2019-09-27,Chennai,Diesel,71.09
2019-09-27,Chennai,Petrol,77.28
2019-09-27,Delhi,Diesel,67.24
2019-09-27,Delhi,Petrol,74.34
2019-09-27,Kolkata,Diesel,69.66
2019-09-27,Kolkata,Petrol,77.03
2019-09-27,Mumbai,Diesel,70.55
2019-09-27,Mumbai,Petrol,80.0
2019-09-28,Chennai,Diesel,71.09
2019-09-28,Chennai,Petrol,77.28
2019-09-28,Delhi,Diesel,67.24
2019-09-28,Delhi,Petrol,74.34
2019-09-28,Kolkata,Diesel,69.66
2019-09-28,Kolkata,Petrol,77.03
2019-09-28,Mumbai,Diesel,70.55
2019-09-28,Mumbai,Petrol,80.0
2019-09-29,Chennai,Diesel,71.09
2019-09-29,Chennai,Petrol,77.28
2019-09-29,Delhi,Diesel,67.24
2019-09-29,Delhi,Petrol,74.34
2019-09-29,Kolkata,Diesel,69.66
2019-09-29,Kolkata,Petrol,77.03
2019-09-29,Mumbai,Diesel,70.55
2019-09-29,Mumbai,Petrol,80.0
2019-09-30,Chennai,Diesel,71.19
2019-09-30,Chennai,Petrol,77.36
2019-09-30,Delhi,Diesel,67.33
2019-09-30,Delhi,Petrol,74.42
2019-09-30,Kolkata,Diesel,69.75
2019-09-30,Kolkata,Petrol,77.1
2019-09-30,Mumbai,Diesel,70.64
2019-09-30,Mumbai,Petrol,80.08
2019-10-01,Chennai,Diesel,71.3
2019-10-01,Chennai,Petrol,77.5
2019-10-01,Delhi,Diesel,67.49
2019-10-01,Delhi,Petrol,74.61
2019-10-01,Kolkata,Diesel,69.85
2019-10-01,Kolkata,Petrol,77.23
2019-10-01,Mumbai,Diesel,70.76
2019-10-01,Mumbai,Petrol,80.21
2019-10-02,Chennai,Diesel,71.3
2019-10-02,Chennai,Petrol,77.5
2019-10-02,Delhi,Diesel,67.49
2019-10-02,Delhi,Petrol,74.61
2019-10-02,Kolkata,Diesel,69.85
2019-10-02,Kolkata,Petrol,77.23
2019-10-02,Mumbai,Diesel,70.76
2019-10-02,Mumbai,Petrol,80.21
2019-10-03,Chennai,Diesel,71.24
2019-10-03,Chennai,Petrol,77.4
2019-10-03,Delhi,Diesel,67.43
2019-10-03,Delhi,Petrol,74.51
2019-10-03,Kolkata,Diesel,69.79
2019-10-03,Kolkata,Petrol,77.14
2019-10-03,Mumbai,Diesel,70.69
2019-10-03,Mumbai,Petrol,80.11
2019-10-04,Chennai,Diesel,71.15
2019-10-04,Chennai,Petrol,77.21
2019-10-04,Delhi,Diesel,67.35
2019-10-04,Delhi,Petrol,74.33
2019-10-04,Kolkata,Diesel,69.71
2019-10-04,Kolkata,Petrol,76.96
2019-10-04,Mumbai,Diesel,70.61
2019-10-04,Mumbai,Petrol,79.93
2019-10-05,Chennai,Diesel,70.94
2019-10-05,Chennai,Petrol,76.9
2019-10-05,Delhi,Diesel,67.15
2019-10-05,Delhi,Petrol,74.04
2019-10-05,Kolkata,Diesel,69.51
2019-10-05,Kolkata,Petrol,76.67
2019-10-05,Mumbai,Diesel,70.39
2019-10-05,Mumbai,Petrol,79.65
2019-10-06,Chennai,Diesel,70.81
2019-10-06,Chennai,Petrol,76.74
2019-10-06,Delhi,Diesel,67.03
2019-10-06,Delhi,Petrol,73.89
2019-10-06,Kolkata,Diesel,69.39
2019-10-06,Kolkata,Petrol,76.53
2019-10-06,Mumbai,Diesel,70.27
2019-10-06,Mumbai,Petrol,79.5
2019-10-07,Chennai,Diesel,70.68
2019-10-07,Chennai,Petrol,76.61
2019-10-07,Delhi,Diesel,66.91
2019-10-07,Delhi,Petrol,73.76
2019-10-07,Kolkata,Diesel,69.27
2019-10-07,Kolkata,Petrol,76.4
2019-10-07,Mumbai,Diesel,70.14
2019-10-07,Mumbai,Petrol,79.37
2019-10-08,Chennai,Diesel,70.57
2019-10-08,Chennai,Petrol,76.43
2019-10-08,Delhi,Diesel,66.81
2019-10-08,Delhi,Petrol,73.59
2019-10-08,Kolkata,Diesel,69.17
2019-10-08,Kolkata,Petrol,76.23
2019-10-08,Mumbai,Diesel,70.03
2019-10-08,Mumbai,Petrol,79.2
2019-10-09,Chennai,Diesel,70.57
2019-10-09,Chennai,Petrol,76.43
2019-10-09,Delhi,Diesel,66.81
2019-10-09,Delhi,Petrol,73.59
2019-10-09,Kolkata,Diesel,69.17
2019-10-09,Kolkata,Petrol,76.23
2019-10-09,Mumbai,Diesel,70.03
2019-10-09,Mumbai,Petrol,79.2
2019-10-10,Chennai,Diesel,70.51
2019-10-10,Chennai,Petrol,76.38
2019-10-10,Delhi,Diesel,66.75
2019-10-10,Delhi,Petrol,73.54
2019-10-10,Kolkata,Diesel,69.11
2019-10-10,Kolkata,Petrol,76.18
2019-10-10,Mumbai,Diesel,69.97
2019-10-10,Mumbai,Petrol,79.15
2019-10-11,Chennai,Diesel,70.35
2019-10-11,Chennai,Petrol,76.25
2019-10-11,Delhi,Diesel,66.6
2019-10-11,Delhi,Petrol,73.42
2019-10-11,Kolkata,Diesel,68.96
2019-10-11,Kolkata,Petrol,76.07
2019-10-11,Mumbai,Diesel,69.81
2019-10-11,Mumbai,Petrol,79.03
2019-10-12,Chennai,Diesel,70.2
2019-10-12,Chennai,Petrol,76.14
2019-10-12,Delhi,Diesel,66.46
2019-10-12,Delhi,Petrol,73.32
2019-10-12,Kolkata,Diesel,68.82
2019-10-12,Kolkata,Petrol,75.97
2019-10-12,Mumbai,Diesel,69.66
2019-10-12,Mumbai,Petrol,78.93
2019-10-13,Chennai,Diesel,70.2
2019-10-13,Chennai,Petrol,76.14
2019-10-13,Delhi,Diesel,66.46
2019-10-13,Delhi,Petrol,73.32
2019-10-13,Kolkata,Diesel,68.82
2019-10-13,Kolkata,Petrol,75.97
2019-10-13,Mumbai,Diesel,69.66
2019-10-13,Mumbai,Petrol,78.93
2019-10-14,Chennai,Diesel,70.2
2019-10-14,Chennai,Petrol,76.14
2019-10-14,Delhi,Diesel,66.46
2019-10-14,Delhi,Petrol,73.32
2019-10-14,Kolkata,Diesel,68.82
2019-10-14,Kolkata,Petrol,75.97
2019-10-14,Mumbai,Diesel,69.66
2019-10-14,Mumbai,Petrol,78.93
2019-10-15,Chennai,Diesel,70.15
2019-10-15,Chennai,Petrol,76.09
2019-10-15,Delhi,Diesel,66.41
2019-10-15,Delhi,Petrol,73.27
2019-10-15,Kolkata,Diesel,68.77
2019-10-15,Kolkata,Petrol,75.92
2019-10-15,Mumbai,Diesel,69.61
2019-10-15,Mumbai,Petrol,78.88
2019-10-16,Chennai,Diesel,70.15
2019-10-16,Chennai,Petrol,76.09
2019-10-16,Delhi,Diesel,66.41
2019-10-16,Delhi,Petrol,73.27
2019-10-16,Kolkata,Diesel,68.77
2019-10-16,Kolkata,Petrol,75.92
2019-10-16,Mumbai,Diesel,69.61
2019-10-16,Mumbai,Petrol,78.88
2019-10-17,Chennai,Diesel,70.15
2019-10-17,Chennai,Petrol,76.09
2019-10-17,Delhi,Diesel,66.41
2019-10-17,Delhi,Petrol,73.27
2019-10-17,Kolkata,Diesel,68.77
2019-10-17,Kolkata,Petrol,75.92
2019-10-17,Mumbai,Diesel,69.61
2019-10-17,Mumbai,Petrol,78.88
2019-10-18,Chennai,Diesel,70.04
2019-10-18,Chennai,Petrol,76.09
2019-10-18,Delhi,Diesel,66.31
2019-10-18,Delhi,Petrol,73.27
2019-10-18,Kolkata,Diesel,68.67
2019-10-18,Kolkata,Petrol,75.92
2019-10-18,Mumbai,Diesel,69.5
2019-10-18,Mumbai,Petrol,78.88
2019-10-19,Chennai,Diesel,69.96
2019-10-19,Chennai,Petrol,76.09
2019-10-19,Delhi,Diesel,66.24
2019-10-19,Delhi,Petrol,73.27
2019-10-19,Kolkata,Diesel,68.6
2019-10-19,Kolkata,Petrol,75.92
2019-10-19,Mumbai,Diesel,69.43
2019-10-19,Mumbai,Petrol,78.88
2019-10-20,Chennai,Diesel,69.89
2019-10-20,Chennai,Petrol,76.09
2019-10-20,Delhi,Diesel,66.17
2019-10-20,Delhi,Petrol,73.27
2019-10-20,Kolkata,Diesel,68.53
2019-10-20,Kolkata,Petrol,75.92
2019-10-20,Mumbai,Diesel,69.35
2019-10-20,Mumbai,Petrol,78.88
2019-10-21,Chennai,Diesel,69.89
2019-10-21,Chennai,Petrol,76.09
2019-10-21,Delhi,Diesel,66.17
2019-10-21,Delhi,Petrol,73.27
2019-10-21,Kolkata,Diesel,68.53
2019-10-21,Kolkata,Petrol,75.92
2019-10-21,Mumbai,Diesel,69.35
2019-10-21,Mumbai,Petrol,78.88
2019-10-22,Chennai,Diesel,69.83
2019-10-22,Chennai,Petrol,76.04
2019-10-22,Delhi,Diesel,66.11
2019-10-22,Delhi,Petrol,73.22
2019-10-22,Kolkata,Diesel,68.47
2019-10-22,Kolkata,Petrol,75.87
2019-10-22,Mumbai,Diesel,69.29
2019-10-22,Mumbai,Petrol,78.83
2019-10-23,Chennai,Diesel,69.83
2019-10-23,Chennai,Petrol,76.04
2019-10-23,Delhi,Diesel,66.11
2019-10-23,Delhi,Petrol,73.22
2019-10-23,Kolkata,Diesel,68.47
2019-10-23,Kolkata,Petrol,75.87
2019-10-23,Mumbai,Diesel,69.29
2019-10-23,Mumbai,Petrol,78.83
2019-10-24,Chennai,Diesel,69.77
2019-10-24,Chennai,Petrol,75.99
2019-10-24,Delhi,Diesel,66.06
2019-10-24,Delhi,Petrol,73.17
2019-10-24,Kolkata,Diesel,68.42
2019-10-24,Kolkata,Petrol,75.82
2019-10-24,Mumbai,Diesel,69.24
2019-10-24,Mumbai,Petrol,78.78
2019-10-25,Chennai,Diesel,69.71
2019-10-25,Chennai,Petrol,75.87
2019-10-25,Delhi,Diesel,66.0
2019-10-25,Delhi,Petrol,73.06
2019-10-25,Kolkata,Diesel,68.36
2019-10-25,Kolkata,Petrol,75.71
2019-10-25,Mumbai,Diesel,69.17
2019-10-25,Mumbai,Petrol,78.68
2019-10-26,Chennai,Diesel,69.65
2019-10-26,Chennai,Petrol,75.79
2019-10-26,Delhi,Diesel,65.95
2019-10-26,Delhi,Petrol,72.98
2019-10-26,Kolkata,Diesel,68.31
2019-10-26,Kolkata,Petrol,75.63
2019-10-26,Mumbai,Diesel,69.12
2019-10-26,Mumbai,Petrol,78.6
2019-10-27,Chennai,Diesel,69.65
2019-10-27,Chennai,Petrol,75.79
2019-10-27,Delhi,Diesel,65.95
2019-10-27,Delhi,Petrol,72.98
2019-10-27,Kolkata,Diesel,68.31
2019-10-27,Kolkata,Petrol,75.63
2019-10-27,Mumbai,Diesel,69.12
2019-10-27,Mumbai,Petrol,78.6
2019-10-28,Chennai,Diesel,69.65
2019-10-28,Chennai,Petrol,75.79
2019-10-28,Delhi,Diesel,65.95
2019-10-28,Delhi,Petrol,72.98
2019-10-28,Kolkata,Diesel,68.31
2019-10-28,Kolkata,Petrol,75.63
2019-10-28,Mumbai,Diesel,69.12
2019-10-28,Mumbai,Petrol,78.6
2019-10-29,Chennai,Diesel,69.55
2019-10-29,Chennai,Petrol,75.72
2019-10-29,Delhi,Diesel,65.85
2019-10-29,Delhi,Petrol,72.92
2019-10-29,Kolkata,Diesel,68.21
2019-10-29,Kolkata,Petrol,75.57
2019-10-29,Mumbai,Diesel,69.01
2019-10-29,Mumbai,Petrol,78.54
2019-10-30,Chennai,Diesel,69.55
2019-10-30,Chennai,Petrol,75.72
2019-10-30,Delhi,Diesel,65.85
2019-10-30,Delhi,Petrol,72.92
2019-10-30,Kolkata,Diesel,68.21
2019-10-30,Kolkata,Petrol,75.57
2019-10-30,Mumbai,Diesel,69.01
2019-10-30,Mumbai,Petrol,78.54
2019-10-31,Chennai,Diesel,69.55
2019-10-31,Chennai,Petrol,75.72
2019-10-31,Delhi,Diesel,65.85
2019-10-31,Delhi,Petrol,72.92
2019-10-31,Kolkata,Diesel,68.21
2019-10-31,Kolkata,Petrol,75.57
2019-10-31,Mumbai,Diesel,69.01
2019-10-31,Mumbai,Petrol,78.54
2019-11-01,Chennai,Diesel,69.52
2019-11-01,Chennai,Petrol,75.69
2019-11-01,Delhi,Diesel,65.8
2019-11-01,Delhi,Petrol,72.86
2019-11-01,Kolkata,Diesel,68.19
2019-11-01,Kolkata,Petrol,75.55
2019-11-01,Mumbai,Diesel,68.99
2019-11-01,Mumbai,Petrol,78.51
2019-11-02,Chennai,Diesel,69.52
2019-11-02,Chennai,Petrol,75.67
2019-11-02,Delhi,Diesel,65.8
2019-11-02,Delhi,Petrol,72.81
2019-11-02,Kolkata,Diesel,68.19
2019-11-02,Kolkata,Petrol,75.52
2019-11-02,Mumbai,Diesel,68.99
2019-11-02,Mumbai,Petrol,78.48
2019-11-03,Chennai,Diesel,69.52
2019-11-03,Chennai,Petrol,75.59
2019-11-03,Delhi,Diesel,65.8
2019-11-03,Delhi,Petrol,72.74
2019-11-03,Kolkata,Diesel,68.19
2019-11-03,Kolkata,Petrol,75.45
2019-11-03,Mumbai,Diesel,68.99
2019-11-03,Mumbai,Petrol,78.42
2019-11-04,Chennai,Diesel,69.5
2019-11-04,Chennai,Petrol,75.5
2019-11-04,Delhi,Diesel,65.75
2019-11-04,Delhi,Petrol,72.65
2019-11-04,Kolkata,Diesel,68.16
2019-11-04,Kolkata,Petrol,75.37
2019-11-04,Mumbai,Diesel,68.96
2019-11-04,Mumbai,Petrol,78.33
2019-11-05,Chennai,Diesel,69.5
2019-11-05,Chennai,Petrol,75.45
2019-11-05,Delhi,Diesel,65.75
2019-11-05,Delhi,Petrol,72.6
2019-11-05,Kolkata,Diesel,68.16
2019-11-05,Kolkata,Petrol,75.32
2019-11-05,Mumbai,Diesel,68.96
2019-11-05,Mumbai,Petrol,78.28
2019-11-06,Chennai,Diesel,69.5
2019-11-06,Chennai,Petrol,75.45
2019-11-06,Delhi,Diesel,65.75
2019-11-06,Delhi,Petrol,72.6
2019-11-06,Kolkata,Diesel,68.16
2019-11-06,Kolkata,Petrol,75.32
2019-11-06,Mumbai,Diesel,68.96
2019-11-06,Mumbai,Petrol,78.28
2019-11-07,Chennai,Diesel,69.5
2019-11-07,Chennai,Petrol,75.45
2019-11-07,Delhi,Diesel,65.75
2019-11-07,Delhi,Petrol,72.6
2019-11-07,Kolkata,Diesel,68.16
2019-11-07,Kolkata,Petrol,75.32
2019-11-07,Mumbai,Diesel,68.96
2019-11-07,Mumbai,Petrol,78.28
2019-11-08,Chennai,Diesel,69.59
2019-11-08,Chennai,Petrol,75.55
2019-11-08,Delhi,Diesel,65.84
2019-11-08,Delhi,Petrol,72.7
2019-11-08,Kolkata,Diesel,68.25
2019-11-08,Kolkata,Petrol,75.41
2019-11-08,Mumbai,Diesel,69.06
2019-11-08,Mumbai,Petrol,78.38
2019-11-09,Chennai,Diesel,69.67
2019-11-09,Chennai,Petrol,75.71
2019-11-09,Delhi,Diesel,65.91
2019-11-09,Delhi,Petrol,72.85
2019-11-09,Kolkata,Diesel,68.32
2019-11-09,Kolkata,Petrol,75.56
2019-11-09,Mumbai,Diesel,69.13
2019-11-09,Mumbai,Petrol,78.52
2019-11-10,Chennai,Diesel,69.67
2019-11-10,Chennai,Petrol,75.92
2019-11-10,Delhi,Diesel,65.91
2019-11-10,Delhi,Petrol,73.05
2019-11-10,Kolkata,Diesel,68.32
2019-11-10,Kolkata,Petrol,75.76
2019-11-10,Mumbai,Diesel,69.13
2019-11-10,Mumbai,Petrol,78.72
2019-11-11,Chennai,Diesel,69.6
2019-11-11,Chennai,Petrol,76.08
2019-11-11,Delhi,Diesel,65.85
2019-11-11,Delhi,Petrol,73.2
2019-11-11,Kolkata,Diesel,68.26
2019-11-11,Kolkata,Petrol,75.91
2019-11-11,Mumbai,Diesel,69.07
2019-11-11,Mumbai,Petrol,78.87
2019-11-12,Chennai,Diesel,69.54
2019-11-12,Chennai,Petrol,76.18
2019-11-12,Delhi,Diesel,65.79
2019-11-12,Delhi,Petrol,73.3
2019-11-12,Kolkata,Diesel,68.2
2019-11-12,Kolkata,Petrol,76.0
2019-11-12,Mumbai,Diesel,69.01
2019-11-12,Mumbai,Petrol,78.97
2019-11-13,Chennai,Diesel,69.54
2019-11-13,Chennai,Petrol,76.18
2019-11-13,Delhi,Diesel,65.79
2019-11-13,Delhi,Petrol,73.3
2019-11-13,Kolkata,Diesel,68.2
2019-11-13,Kolkata,Petrol,76.0
2019-11-13,Mumbai,Diesel,69.01
2019-11-13,Mumbai,Petrol,78.97
2019-11-14,Chennai,Diesel,69.54
2019-11-14,Chennai,Petrol,76.34
2019-11-14,Delhi,Diesel,65.79
2019-11-14,Delhi,Petrol,73.45
2019-11-14,Kolkata,Diesel,68.2
2019-11-14,Kolkata,Petrol,76.15
2019-11-14,Mumbai,Diesel,69.01
2019-11-14,Mumbai,Petrol,79.12
2019-11-15,Chennai,Diesel,69.54
2019-11-15,Chennai,Petrol,76.53
2019-11-15,Delhi,Diesel,65.79
2019-11-15,Delhi,Petrol,73.63
2019-11-15,Kolkata,Diesel,68.2
2019-11-15,Kolkata,Petrol,76.33
2019-11-15,Mumbai,Diesel,69.01
2019-11-15,Mumbai,Petrol,79.3
2019-11-16,Chennai,Diesel,69.54
2019-11-16,Chennai,Petrol,76.68
2019-11-16,Delhi,Diesel,65.79
2019-11-16,Delhi,Petrol,73.77
2019-11-16,Kolkata,Diesel,68.2
2019-11-16,Kolkata,Petrol,76.47
2019-11-16,Mumbai,Diesel,69.01
2019-11-16,Mumbai,Petrol,79.44
2019-11-17,Chennai,Diesel,69.54
2019-11-17,Chennai,Petrol,76.81
2019-11-17,Delhi,Diesel,65.79
2019-11-17,Delhi,Petrol,73.89
2019-11-17,Kolkata,Diesel,68.2
2019-11-17,Kolkata,Petrol,76.58
2019-11-17,Mumbai,Diesel,69.01
2019-11-17,Mumbai,Petrol,79.55
2019-11-18,Chennai,Diesel,69.54
2019-11-18,Chennai,Petrol,76.97
2019-11-18,Delhi,Diesel,65.79
2019-11-18,Delhi,Petrol,74.05
2019-11-18,Kolkata,Diesel,68.2
2019-11-18,Kolkata,Petrol,76.74
2019-11-18,Mumbai,Diesel,69.01
2019-11-18,Mumbai,Petrol,79.71
2019-11-19,Chennai,Diesel,69.59
2019-11-19,Chennai,Petrol,77.13
2019-11-19,Delhi,Diesel,65.84
2019-11-19,Delhi,Petrol,74.2
2019-11-19,Kolkata,Diesel,68.25
2019-11-19,Kolkata,Petrol,76.89
2019-11-19,Mumbai,Diesel,69.06
2019-11-19,Mumbai,Petrol,79.86
2019-11-20,Chennai,Diesel,69.59
2019-11-20,Chennai,Petrol,77.13
2019-11-20,Delhi,Diesel,65.84
2019-11-20,Delhi,Petrol,74.2
2019-11-20,Kolkata,Diesel,68.25
2019-11-20,Kolkata,Petrol,76.89
2019-11-20,Mumbai,Diesel,69.06
2019-11-20,Mumbai,Petrol,79.86
2019-11-21,Chennai,Diesel,69.59
2019-11-21,Chennai,Petrol,77.13
2019-11-21,Delhi,Diesel,65.84
2019-11-21,Delhi,Petrol,74.2
2019-11-21,Kolkata,Diesel,68.25
2019-11-21,Kolkata,Petrol,76.89
2019-11-21,Mumbai,Diesel,69.06
2019-11-21,Mumbai,Petrol,79.86
2019-11-22,Chennai,Diesel,69.59
2019-11-22,Chennai,Petrol,77.29
2019-11-22,Delhi,Diesel,65.84
2019-11-22,Delhi,Petrol,74.35
2019-11-22,Kolkata,Diesel,68.25
2019-11-22,Kolkata,Petrol,77.04
2019-11-22,Mumbai,Diesel,69.06
2019-11-22,Mumbai,Petrol,80.01
2019-11-23,Chennai,Diesel,69.54
2019-11-23,Chennai,Petrol,77.38
2019-11-23,Delhi,Diesel,65.79
2019-11-23,Delhi,Petrol,74.44
2019-11-23,Kolkata,Diesel,68.2
2019-11-23,Kolkata,Petrol,77.12
2019-11-23,Mumbai,Diesel,69.01
2019-11-23,Mumbai,Petrol,80.1
2019-11-24,Chennai,Diesel,69.47
2019-11-24,Chennai,Petrol,77.49
2019-11-24,Delhi,Diesel,65.73
2019-11-24,Delhi,Petrol,74.54
2019-11-24,Kolkata,Diesel,68.14
2019-11-24,Kolkata,Petrol,77.22
2019-11-24,Mumbai,Diesel,68.94
2019-11-24,Mumbai,Petrol,80.2
2019-11-25,Chennai,Diesel,69.47
2019-11-25,Chennai,Petrol,77.62
2019-11-25,Delhi,Diesel,65.73
2019-11-25,Delhi,Petrol,74.66
2019-11-25,Kolkata,Diesel,68.14
2019-11-25,Kolkata,Petrol,77.34
2019-11-25,Mumbai,Diesel,68.94
2019-11-25,Mumbai,Petrol,80.32
2019-11-26,Chennai,Diesel,69.47
2019-11-26,Chennai,Petrol,77.72
2019-11-26,Delhi,Diesel,65.73
2019-11-26,Delhi,Petrol,74.76
2019-11-26,Kolkata,Diesel,68.14
2019-11-26,Kolkata,Petrol,77.44
2019-11-26,Mumbai,Diesel,68.94
2019-11-26,Mumbai,Petrol,80.42
2019-11-27,Chennai,Diesel,69.47
2019-11-27,Chennai,Petrol,77.72
2019-11-27,Delhi,Diesel,65.73
2019-11-27,Delhi,Petrol,74.76
2019-11-27,Kolkata,Diesel,68.14
2019-11-27,Kolkata,Petrol,77.44
2019-11-27,Mumbai,Diesel,68.94
2019-11-27,Mumbai,Petrol,80.42
2019-11-28,Chennai,Diesel,69.47
2019-11-28,Chennai,Petrol,77.72
2019-11-28,Delhi,Diesel,65.73
2019-11-28,Delhi,Petrol,74.76
2019-11-28,Kolkata,Diesel,68.14
2019-11-28,Kolkata,Petrol,77.44
2019-11-28,Mumbai,Diesel,68.94
2019-11-28,Mumbai,Petrol,80.42
2019-11-29,Chennai,Diesel,69.53
2019-11-29,Chennai,Petrol,77.77
2019-11-29,Delhi,Diesel,65.78
2019-11-29,Delhi,Petrol,74.81
2019-11-29,Kolkata,Diesel,68.19
2019-11-29,Kolkata,Petrol,77.49
2019-11-29,Mumbai,Diesel,69.0
2019-11-29,Mumbai,Petrol,80.46
2019-11-30,Chennai,Diesel,69.53
2019-11-30,Chennai,Petrol,77.83
2019-11-30,Delhi,Diesel,65.78
2019-11-30,Delhi,Petrol,74.86
2019-11-30,Kolkata,Diesel,68.19
2019-11-30,Kolkata,Petrol,77.54
2019-11-30,Mumbai,Diesel,69.0
2019-11-30,Mumbai,Petrol,80.51
2019-12-01,Chennai,Diesel,69.53
2019-12-01,Chennai,Petrol,77.91
2019-12-01,Delhi,Diesel,65.78
2019-12-01,Delhi,Petrol,74.91
2019-12-01,Kolkata,Diesel,68.19
2019-12-01,Kolkata,Petrol,77.61
2019-12-01,Mumbai,Diesel,69.0
2019-12-01,Mumbai,Petrol,80.59
2019-12-02,Chennai,Diesel,69.53
2019-12-02,Chennai,Petrol,77.91
2019-12-02,Delhi,Diesel,65.78
2019-12-02,Delhi,Petrol,74.91
2019-12-02,Kolkata,Diesel,68.19
2019-12-02,Kolkata,Petrol,77.61
2019-12-02,Mumbai,Diesel,69.0
2019-12-02,Mumbai,Petrol,80.59
2019-12-03,Chennai,Diesel,69.53
2019-12-03,Chennai,Petrol,77.91
2019-12-03,Delhi,Diesel,65.78
2019-12-03,Delhi,Petrol,74.91
2019-12-03,Kolkata,Diesel,68.19
2019-12-03,Kolkata,Petrol,77.61
2019-12-03,Mumbai,Diesel,69.0
2019-12-03,Mumbai,Petrol,80.59
2019-12-04,Chennai,Diesel,69.53
2019-12-04,Chennai,Petrol,77.91
2019-12-04,Delhi,Diesel,65.78
2019-12-04,Delhi,Petrol,74.91
2019-12-04,Kolkata,Diesel,68.19
2019-12-04,Kolkata,Petrol,77.61
2019-12-04,Mumbai,Diesel,69.0
2019-12-04,Mumbai,Petrol,80.59
2019-12-05,Chennai,Diesel,69.53
2019-12-05,Chennai,Petrol,77.91
2019-12-05,Delhi,Diesel,65.78
2019-12-05,Delhi,Petrol,74.91
2019-12-05,Kolkata,Diesel,68.19
2019-12-05,Kolkata,Petrol,77.61
2019-12-05,Mumbai,Diesel,69.0
2019-12-05,Mumbai,Petrol,80.59
2019-12-06,Chennai,Diesel,69.53
2019-12-06,Chennai,Petrol,77.83
2019-12-06,Delhi,Diesel,65.78
2019-12-06,Delhi,Petrol,74.86
2019-12-06,Kolkata,Diesel,68.19
2019-12-06,Kolkata,Petrol,77.54
2019-12-06,Mumbai,Diesel,69.0
2019-12-06,Mumbai,Petrol,80.51
2019-12-07,Chennai,Diesel,69.59
2019-12-07,Chennai,Petrol,77.83
2019-12-07,Delhi,Diesel,65.84
2019-12-07,Delhi,Petrol,74.86
2019-12-07,Kolkata,Diesel,68.25
2019-12-07,Kolkata,Petrol,77.54
2019-12-07,Mumbai,Diesel,69.06
2019-12-07,Mumbai,Petrol,80.51
2019-12-08,Chennai,Diesel,69.7
2019-12-08,Chennai,Petrol,77.92
2019-12-08,Delhi,Diesel,65.94
2019-12-08,Delhi,Petrol,74.95
2019-12-08,Kolkata,Diesel,68.35
2019-12-08,Kolkata,Petrol,77.62
2019-12-08,Mumbai,Diesel,69.17
2019-12-08,Mumbai,Petrol,80.6
2019-12-09,Chennai,Diesel,69.81
2019-12-09,Chennai,Petrol,77.97
2019-12-09,Delhi,Diesel,66.04
2019-12-09,Delhi,Petrol,75.0
2019-12-09,Kolkata,Diesel,68.45
2019-12-09,Kolkata,Petrol,77.67
2019-12-09,Mumbai,Diesel,69.27
2019-12-09,Mumbai,Petrol,80.65
2019-12-10,Chennai,Diesel,69.81
2019-12-10,Chennai,Petrol,77.97
2019-12-10,Delhi,Diesel,66.04
2019-12-10,Delhi,Petrol,75.0
2019-12-10,Kolkata,Diesel,68.45
2019-12-10,Kolkata,Petrol,77.67
2019-12-10,Mumbai,Diesel,69.27
2019-12-10,Mumbai,Petrol,80.65
2019-12-11,Chennai,Diesel,69.81
2019-12-11,Chennai,Petrol,77.97
2019-12-11,Delhi,Diesel,66.04
2019-12-11,Delhi,Petrol,75.0
2019-12-11,Kolkata,Diesel,68.45
2019-12-11,Kolkata,Petrol,77.67
2019-12-11,Mumbai,Diesel,69.27
2019-12-11,Mumbai,Petrol,80.65
2019-12-12,Chennai,Diesel,69.81
2019-12-12,Chennai,Petrol,77.92
2019-12-12,Delhi,Diesel,66.04
2019-12-12,Delhi,Petrol,74.95
2019-12-12,Kolkata,Diesel,68.45
2019-12-12,Kolkata,Petrol,77.61
2019-12-12,Mumbai,Diesel,69.27
2019-12-12,Mumbai,Petrol,80.6
2019-12-13,Chennai,Diesel,69.81
2019-12-13,Chennai,Petrol,77.86
2019-12-13,Delhi,Diesel,66.04
2019-12-13,Delhi,Petrol,74.89
2019-12-13,Kolkata,Diesel,68.45
2019-12-13,Kolkata,Petrol,77.55
2019-12-13,Mumbai,Diesel,69.27
2019-12-13,Mumbai,Petrol,80.54
2019-12-14,Chennai,Diesel,69.81
2019-12-14,Chennai,Petrol,77.81
2019-12-14,Delhi,Diesel,66.04
2019-12-14,Delhi,Petrol,74.84
2019-12-14,Kolkata,Diesel,68.45
2019-12-14,Kolkata,Petrol,77.5
2019-12-14,Mumbai,Diesel,69.27
2019-12-14,Mumbai,Petrol,80.49
2019-12-15,Chennai,Diesel,69.81
2019-12-15,Chennai,Petrol,77.7
2019-12-15,Delhi,Diesel,66.04
2019-12-15,Delhi,Petrol,74.74
2019-12-15,Kolkata,Diesel,68.45
2019-12-15,Kolkata,Petrol,77.4
2019-12-15,Mumbai,Diesel,69.27
2019-12-15,Mumbai,Petrol,80.4
2019-12-16,Chennai,Diesel,69.81
2019-12-16,Chennai,Petrol,77.65
2019-12-16,Delhi,Diesel,66.04
2019-12-16,Delhi,Petrol,74.69
2019-12-16,Kolkata,Diesel,68.45
2019-12-16,Kolkata,Petrol,77.35
2019-12-16,Mumbai,Diesel,69.27
2019-12-16,Mumbai,Petrol,80.35
2019-12-17,Chennai,Diesel,69.81
2019-12-17,Chennai,Petrol,77.58
2019-12-17,Delhi,Diesel,66.04
2019-12-17,Delhi,Petrol,74.63
2019-12-17,Kolkata,Diesel,68.45
2019-12-17,Kolkata,Petrol,77.29
2019-12-17,Mumbai,Diesel,69.27
2019-12-17,Mumbai,Petrol,80.29
2019-12-18,Chennai,Diesel,69.81
2019-12-18,Chennai,Petrol,77.58
2019-12-18,Delhi,Diesel,66.04
2019-12-18,Delhi,Petrol,74.63
2019-12-18,Kolkata,Diesel,68.45
2019-12-18,Kolkata,Petrol,77.29
2019-12-18,Mumbai,Diesel,69.27
2019-12-18,Mumbai,Petrol,80.29
2019-12-19,Chennai,Diesel,69.97
2019-12-19,Chennai,Petrol,77.58
2019-12-19,Delhi,Diesel,66.19
2019-12-19,Delhi,Petrol,74.63
2019-12-19,Kolkata,Diesel,68.6
2019-12-19,Kolkata,Petrol,77.29
2019-12-19,Mumbai,Diesel,69.43
2019-12-19,Mumbai,Petrol,80.29
2019-12-20,Chennai,Diesel,70.13
2019-12-20,Chennai,Petrol,77.58
2019-12-20,Delhi,Diesel,66.34
2019-12-20,Delhi,Petrol,74.63
2019-12-20,Kolkata,Diesel,68.75
2019-12-20,Kolkata,Petrol,77.29
2019-12-20,Mumbai,Diesel,69.59
2019-12-20,Mumbai,Petrol,80.29
2019-12-21,Chennai,Diesel,70.34
2019-12-21,Chennai,Petrol,77.58
2019-12-21,Delhi,Diesel,66.54
2019-12-21,Delhi,Petrol,74.63
2019-12-21,Kolkata,Diesel,68.95
2019-12-21,Kolkata,Petrol,77.29
2019-12-21,Mumbai,Diesel,69.8
2019-12-21,Mumbai,Petrol,80.29
2019-12-22,Chennai,Diesel,70.56
2019-12-22,Chennai,Petrol,77.58
2019-12-22,Delhi,Diesel,66.74
2019-12-22,Delhi,Petrol,74.63
2019-12-22,Kolkata,Diesel,69.15
2019-12-22,Kolkata,Petrol,77.29
2019-12-22,Mumbai,Diesel,70.01
2019-12-22,Mumbai,Petrol,80.29
2019-12-23,Chennai,Diesel,70.77
2019-12-23,Chennai,Petrol,77.58
2019-12-23,Delhi,Diesel,66.94
2019-12-23,Delhi,Petrol,74.63
2019-12-23,Kolkata,Diesel,69.35
2019-12-23,Kolkata,Petrol,77.29
2019-12-23,Mumbai,Diesel,70.23
2019-12-23,Mumbai,Petrol,80.29
2019-12-24,Chennai,Diesel,70.82
2019-12-24,Chennai,Petrol,77.58
2019-12-24,Delhi,Diesel,66.99
2019-12-24,Delhi,Petrol,74.63
2019-12-24,Kolkata,Diesel,69.4
2019-12-24,Kolkata,Petrol,77.29
2019-12-24,Mumbai,Diesel,70.28
2019-12-24,Mumbai,Petrol,80.29
2019-12-25,Chennai,Diesel,70.82
2019-12-25,Chennai,Petrol,77.58
2019-12-25,Delhi,Diesel,66.99
2019-12-25,Delhi,Petrol,74.63
2019-12-25,Kolkata,Diesel,69.4
2019-12-25,Kolkata,Petrol,77.29
2019-12-25,Mumbai,Diesel,70.28
2019-12-25,Mumbai,Petrol,80.29
2019-12-26,Chennai,Diesel,70.93
2019-12-26,Chennai,Petrol,77.64
2019-12-26,Delhi,Diesel,67.09
2019-12-26,Delhi,Petrol,74.68
2019-12-26,Kolkata,Diesel,69.5
2019-12-26,Kolkata,Petrol,77.34
2019-12-26,Mumbai,Diesel,70.39
2019-12-26,Mumbai,Petrol,80.34
2019-12-27,Chennai,Diesel,71.09
2019-12-27,Chennai,Petrol,77.7
2019-12-27,Delhi,Diesel,67.24
2019-12-27,Delhi,Petrol,74.74
2019-12-27,Kolkata,Diesel,69.66
2019-12-27,Kolkata,Petrol,77.4
2019-12-27,Mumbai,Diesel,70.55
2019-12-27,Mumbai,Petrol,80.4
2019-12-28,Chennai,Diesel,71.27
2019-12-28,Chennai,Petrol,77.7
2019-12-28,Delhi,Diesel,67.41
2019-12-28,Delhi,Petrol,74.74
2019-12-28,Kolkata,Diesel,69.83
2019-12-28,Kolkata,Petrol,77.4
2019-12-28,Mumbai,Diesel,70.73
2019-12-28,Mumbai,Petrol,80.4
2019-12-29,Chennai,Diesel,71.48
2019-12-29,Chennai,Petrol,77.85
2019-12-29,Delhi,Diesel,67.6
2019-12-29,Delhi,Petrol,74.88
2019-12-29,Kolkata,Diesel,70.02
2019-12-29,Kolkata,Petrol,77.54
2019-12-29,Mumbai,Diesel,70.93
2019-12-29,Mumbai,Petrol,80.53
2019-12-30,Chennai,Diesel,71.67
2019-12-30,Chennai,Petrol,78.02
2019-12-30,Delhi,Diesel,67.78
2019-12-30,Delhi,Petrol,75.04
2019-12-30,Kolkata,Diesel,70.2
2019-12-30,Kolkata,Petrol,77.7
2019-12-30,Mumbai,Diesel,71.12
2019-12-30,Mumbai,Petrol,80.69
2019-12-31,Chennai,Diesel,71.86
2019-12-31,Chennai,Petrol,78.12
2019-12-31,Delhi,Diesel,67.96
2019-12-31,Delhi,Petrol,75.14
2019-12-31,Kolkata,Diesel,70.38
2019-12-31,Kolkata,Petrol,77.79
2019-12-31,Mumbai,Diesel,71.31
2019-12-31,Mumbai,Petrol,80.79
2020-01-01,Chennai,Diesel,71.86
2020-01-01,Chennai,Petrol,78.12
2020-01-01,Delhi,Diesel,67.96
2020-01-01,Delhi,Petrol,75.14
2020-01-01,Kolkata,Diesel,70.38
2020-01-01,Kolkata,Petrol,77.79
2020-01-01,Mumbai,Diesel,71.31
2020-01-01,Mumbai,Petrol,80.79
2020-01-02,Chennai,Diesel,71.98
2020-01-02,Chennai,Petrol,78.2
2020-01-02,Delhi,Diesel,68.1
2020-01-02,Delhi,Petrol,75.25
2020-01-02,Kolkata,Diesel,70.49
2020-01-02,Kolkata,Petrol,77.87
2020-01-02,Mumbai,Diesel,71.43
2020-01-02,Mumbai,Petrol,80.87
2020-01-03,Chennai,Diesel,72.12
2020-01-03,Chennai,Petrol,78.28
2020-01-03,Delhi,Diesel,68.25
2020-01-03,Delhi,Petrol,75.35
2020-01-03,Kolkata,Diesel,70.61
2020-01-03,Kolkata,Petrol,77.94
2020-01-03,Mumbai,Diesel,71.56
2020-01-03,Mumbai,Petrol,80.94
2020-01-04,Chennai,Diesel,72.28
2020-01-04,Chennai,Petrol,78.39
2020-01-04,Delhi,Diesel,68.4
2020-01-04,Delhi,Petrol,75.45
2020-01-04,Kolkata,Diesel,70.76
2020-01-04,Kolkata,Petrol,78.04
2020-01-04,Mumbai,Diesel,71.72
2020-01-04,Mumbai,Petrol,81.04
2020-01-05,Chennai,Diesel,72.39
2020-01-05,Chennai,Petrol,78.48
2020-01-05,Delhi,Diesel,68.51
2020-01-05,Delhi,Petrol,75.54
2020-01-05,Kolkata,Diesel,70.87
2020-01-05,Kolkata,Petrol,78.13
2020-01-05,Mumbai,Diesel,71.84
2020-01-05,Mumbai,Petrol,81.13
2020-01-06,Chennai,Diesel,72.58
2020-01-06,Chennai,Petrol,78.64
2020-01-06,Delhi,Diesel,68.68
2020-01-06,Delhi,Petrol,75.69
2020-01-06,Kolkata,Diesel,71.04
2020-01-06,Kolkata,Petrol,78.28
2020-01-06,Mumbai,Diesel,72.02
2020-01-06,Mumbai,Petrol,81.28
2020-01-07,Chennai,Diesel,72.69
2020-01-07,Chennai,Petrol,78.69
2020-01-07,Delhi,Diesel,68.79
2020-01-07,Delhi,Petrol,75.74
2020-01-07,Kolkata,Diesel,71.15
2020-01-07,Kolkata,Petrol,78.33
2020-01-07,Mumbai,Diesel,72.14
2020-01-07,Mumbai,Petrol,81.33
2020-01-08,Chennai,Diesel,72.69
2020-01-08,Chennai,Petrol,78.69
2020-01-08,Delhi,Diesel,68.79
2020-01-08,Delhi,Petrol,75.74
2020-01-08,Kolkata,Diesel,71.15
2020-01-08,Kolkata,Petrol,78.33
2020-01-08,Mumbai,Diesel,72.14
2020-01-08,Mumbai,Petrol,81.33
2020-01-09,Chennai,Diesel,72.85
2020-01-09,Chennai,Petrol,78.77
2020-01-09,Delhi,Diesel,68.94
2020-01-09,Delhi,Petrol,75.81
2020-01-09,Kolkata,Diesel,71.31
2020-01-09,Kolkata,Petrol,78.39
2020-01-09,Mumbai,Diesel,72.29
2020-01-09,Mumbai,Petrol,81.4
2020-01-10,Chennai,Diesel,72.97
2020-01-10,Chennai,Petrol,78.92
2020-01-10,Delhi,Diesel,69.05
2020-01-10,Delhi,Petrol,75.96
2020-01-10,Kolkata,Diesel,71.42
2020-01-10,Kolkata,Petrol,78.54
2020-01-10,Mumbai,Diesel,72.41
2020-01-10,Mumbai,Petrol,81.55
2020-01-11,Chennai,Diesel,73.1
2020-01-11,Chennai,Petrol,78.98
2020-01-11,Delhi,Diesel,69.17
2020-01-11,Delhi,Petrol,76.01
2020-01-11,Kolkata,Diesel,71.54
2020-01-11,Kolkata,Petrol,78.59
2020-01-11,Mumbai,Diesel,72.54
2020-01-11,Mumbai,Petrol,81.6
2020-01-12,Chennai,Diesel,73.04
2020-01-12,Chennai,Petrol,78.86
2020-01-12,Delhi,Diesel,69.11
2020-01-12,Delhi,Petrol,75.9
2020-01-12,Kolkata,Diesel,71.48
2020-01-12,Kolkata,Petrol,78.48
2020-01-12,Mumbai,Diesel,72.47
2020-01-12,Mumbai,Petrol,81.49
2020-01-13,Chennai,Diesel,72.98
2020-01-13,Chennai,Petrol,78.76
2020-01-13,Delhi,Diesel,69.06
2020-01-13,Delhi,Petrol,75.8
2020-01-13,Kolkata,Diesel,71.43
2020-01-13,Kolkata,Petrol,78.39
2020-01-13,Mumbai,Diesel,72.42
2020-01-13,Mumbai,Petrol,81.39
2020-01-14,Chennai,Diesel,72.98
2020-01-14,Chennai,Petrol,78.65
2020-01-14,Delhi,Diesel,69.06
2020-01-14,Delhi,Petrol,75.7
2020-01-14,Kolkata,Diesel,71.43
2020-01-14,Kolkata,Petrol,78.29
2020-01-14,Mumbai,Diesel,72.42
2020-01-14,Mumbai,Petrol,81.29
2020-01-15,Chennai,Diesel,72.98
2020-01-15,Chennai,Petrol,78.65
2020-01-15,Delhi,Diesel,69.06
2020-01-15,Delhi,Petrol,75.7
2020-01-15,Kolkata,Diesel,71.43
2020-01-15,Kolkata,Petrol,78.29
2020-01-15,Mumbai,Diesel,72.42
2020-01-15,Mumbai,Petrol,81.29
2020-01-16,Chennai,Diesel,72.83
2020-01-16,Chennai,Petrol,78.49
2020-01-16,Delhi,Diesel,68.92
2020-01-16,Delhi,Petrol,75.55
2020-01-16,Kolkata,Diesel,71.29
2020-01-16,Kolkata,Petrol,78.14
2020-01-16,Mumbai,Diesel,72.27
2020-01-16,Mumbai,Petrol,81.14
2020-01-17,Chennai,Diesel,72.67
2020-01-17,Chennai,Petrol,78.34
2020-01-17,Delhi,Diesel,68.77
2020-01-17,Delhi,Petrol,75.41
2020-01-17,Kolkata,Diesel,71.13
2020-01-17,Kolkata,Petrol,78.0
2020-01-17,Mumbai,Diesel,72.11
2020-01-17,Mumbai,Petrol,81.0
2020-01-18,Chennai,Diesel,72.5
2020-01-18,Chennai,Petrol,78.19
2020-01-18,Delhi,Diesel,68.61
2020-01-18,Delhi,Petrol,75.26
2020-01-18,Kolkata,Diesel,70.97
2020-01-18,Kolkata,Petrol,77.85
2020-01-18,Mumbai,Diesel,71.94
2020-01-18,Mumbai,Petrol,80.85
2020-01-19,Chennai,Diesel,72.33
2020-01-19,Chennai,Petrol,78.01
2020-01-19,Delhi,Diesel,68.45
2020-01-19,Delhi,Petrol,75.09
2020-01-19,Kolkata,Diesel,70.81
2020-01-19,Kolkata,Petrol,77.69
2020-01-19,Mumbai,Diesel,71.77
2020-01-19,Mumbai,Petrol,80.68
2020-01-20,Chennai,Diesel,72.13
2020-01-20,Chennai,Petrol,77.89
2020-01-20,Delhi,Diesel,68.26
2020-01-20,Delhi,Petrol,74.98
2020-01-20,Kolkata,Diesel,70.62
2020-01-20,Kolkata,Petrol,77.58
2020-01-20,Mumbai,Diesel,71.57
2020-01-20,Mumbai,Petrol,80.58
2020-01-21,Chennai,Diesel,71.9
2020-01-21,Chennai,Petrol,77.72
2020-01-21,Delhi,Diesel,68.05
2020-01-21,Delhi,Petrol,74.82
2020-01-21,Kolkata,Diesel,70.41
2020-01-21,Kolkata,Petrol,77.42
2020-01-21,Mumbai,Diesel,71.35
2020-01-21,Mumbai,Petrol,80.42
2020-01-22,Chennai,Diesel,71.9
2020-01-22,Chennai,Petrol,77.72
2020-01-22,Delhi,Diesel,68.05
2020-01-22,Delhi,Petrol,74.82
2020-01-22,Kolkata,Diesel,70.41
2020-01-22,Kolkata,Petrol,77.42
2020-01-22,Mumbai,Diesel,71.35
2020-01-22,Mumbai,Petrol,80.42
2020-01-23,Chennai,Diesel,71.7
2020-01-23,Chennai,Petrol,77.54
2020-01-23,Delhi,Diesel,67.86
2020-01-23,Delhi,Petrol,74.65
2020-01-23,Kolkata,Diesel,70.22
2020-01-23,Kolkata,Petrol,77.26
2020-01-23,Mumbai,Diesel,71.15
2020-01-23,Mumbai,Petrol,80.25
2020-01-24,Chennai,Diesel,71.43
2020-01-24,Chennai,Petrol,77.31
2020-01-24,Delhi,Diesel,67.61
2020-01-24,Delhi,Petrol,74.43
2020-01-24,Kolkata,Diesel,69.97
2020-01-24,Kolkata,Petrol,77.04
2020-01-24,Mumbai,Diesel,70.88
2020-01-24,Mumbai,Petrol,80.03
2020-01-25,Chennai,Diesel,71.11
2020-01-25,Chennai,Petrol,77.03
2020-01-25,Delhi,Diesel,67.31
2020-01-25,Delhi,Petrol,74.16
2020-01-25,Kolkata,Diesel,69.67
2020-01-25,Kolkata,Petrol,76.77
2020-01-25,Mumbai,Diesel,70.56
2020-01-25,Mumbai,Petrol,79.76
2020-01-26,Chennai,Diesel,70.73
2020-01-26,Chennai,Petrol,76.71
2020-01-26,Delhi,Diesel,66.96
2020-01-26,Delhi,Petrol,73.86
2020-01-26,Kolkata,Diesel,69.32
2020-01-26,Kolkata,Petrol,76.48
2020-01-26,Mumbai,Diesel,70.19
2020-01-26,Mumbai,Petrol,79.47
2020-01-27,Chennai,Diesel,70.47
2020-01-27,Chennai,Petrol,76.56
2020-01-27,Delhi,Diesel,66.71
2020-01-27,Delhi,Petrol,73.71
2020-01-27,Kolkata,Diesel,69.07
2020-01-27,Kolkata,Petrol,76.33
2020-01-27,Mumbai,Diesel,69.93
2020-01-27,Mumbai,Petrol,79.32
2020-01-28,Chennai,Diesel,70.33
2020-01-28,Chennai,Petrol,76.44
2020-01-28,Delhi,Diesel,66.58
2020-01-28,Delhi,Petrol,73.6
2020-01-28,Kolkata,Diesel,68.94
2020-01-28,Kolkata,Petrol,76.22
2020-01-28,Mumbai,Diesel,69.79
2020-01-28,Mumbai,Petrol,79.21
2020-01-29,Chennai,Diesel,70.33
2020-01-29,Chennai,Petrol,76.44
2020-01-29,Delhi,Diesel,66.58
2020-01-29,Delhi,Petrol,73.6
2020-01-29,Kolkata,Diesel,68.94
2020-01-29,Kolkata,Petrol,76.22
2020-01-29,Mumbai,Diesel,69.79
2020-01-29,Mumbai,Petrol,79.21
2020-01-30,Chennai,Diesel,70.09
2020-01-30,Chennai,Petrol,76.19
2020-01-30,Delhi,Diesel,66.36
2020-01-30,Delhi,Petrol,73.36
2020-01-30,Kolkata,Diesel,68.72
2020-01-30,Kolkata,Petrol,75.99
2020-01-30,Mumbai,Diesel,69.56
2020-01-30,Mumbai,Petrol,78.97
2020-01-31,Chennai,Diesel,70.01
2020-01-31,Chennai,Petrol,76.09
2020-01-31,Delhi,Diesel,66.28
2020-01-31,Delhi,Petrol,73.27
2020-01-31,Kolkata,Diesel,68.64
2020-01-31,Kolkata,Petrol,75.9
2020-01-31,Mumbai,Diesel,69.47
2020-01-31,Mumbai,Petrol,78.88
2020-02-01,Chennai,Diesel,69.96
2020-02-01,Chennai,Petrol,76.03
2020-02-01,Delhi,Diesel,66.22
2020-02-01,Delhi,Petrol,73.19
2020-02-01,Kolkata,Diesel,68.59
2020-02-01,Kolkata,Petrol,75.85
2020-02-01,Mumbai,Diesel,69.42
2020-02-01,Mumbai,Petrol,78.83
2020-02-02,Chennai,Diesel,69.89
2020-02-02,Chennai,Petrol,75.95
2020-02-02,Delhi,Diesel,66.14
2020-02-02,Delhi,Petrol,73.1
2020-02-02,Kolkata,Diesel,68.54
2020-02-02,Kolkata,Petrol,75.77
2020-02-02,Mumbai,Diesel,69.36
2020-02-02,Mumbai,Petrol,78.75
2020-02-03,Chennai,Diesel,69.81
2020-02-03,Chennai,Petrol,75.89
2020-02-03,Delhi,Diesel,66.09
2020-02-03,Delhi,Petrol,73.04
2020-02-03,Kolkata,Diesel,68.46
2020-02-03,Kolkata,Petrol,75.71
2020-02-03,Mumbai,Diesel,69.27
2020-02-03,Mumbai,Petrol,78.69
2020-02-04,Chennai,Diesel,69.76
2020-02-04,Chennai,Petrol,75.83
2020-02-04,Delhi,Diesel,66.04
2020-02-04,Delhi,Petrol,72.98
2020-02-04,Kolkata,Diesel,68.41
2020-02-04,Kolkata,Petrol,75.65
2020-02-04,Mumbai,Diesel,69.22
2020-02-04,Mumbai,Petrol,78.63
2020-02-05,Chennai,Diesel,69.76
2020-02-05,Chennai,Petrol,75.83
2020-02-05,Delhi,Diesel,66.04
2020-02-05,Delhi,Petrol,72.98
2020-02-05,Kolkata,Diesel,68.41
2020-02-05,Kolkata,Petrol,75.65
2020-02-05,Mumbai,Diesel,69.22
2020-02-05,Mumbai,Petrol,78.63
2020-02-06,Chennai,Diesel,69.63
2020-02-06,Chennai,Petrol,75.73
2020-02-06,Delhi,Diesel,65.92
2020-02-06,Delhi,Petrol,72.89
2020-02-06,Kolkata,Diesel,68.29
2020-02-06,Kolkata,Petrol,75.57
2020-02-06,Mumbai,Diesel,69.09
2020-02-06,Mumbai,Petrol,78.55
2020-02-07,Chennai,Diesel,69.37
2020-02-07,Chennai,Petrol,75.51
2020-02-07,Delhi,Diesel,65.68
2020-02-07,Delhi,Petrol,72.68
2020-02-07,Kolkata,Diesel,68.04
2020-02-07,Kolkata,Petrol,75.36
2020-02-07,Mumbai,Diesel,68.84
2020-02-07,Mumbai,Petrol,78.34
2020-02-08,Chennai,Diesel,69.1
2020-02-08,Chennai,Petrol,75.27
2020-02-08,Delhi,Diesel,65.43
2020-02-08,Delhi,Petrol,72.45
2020-02-08,Kolkata,Diesel,67.79
2020-02-08,Kolkata,Petrol,75.13
2020-02-08,Mumbai,Diesel,68.57
2020-02-08,Mumbai,Petrol,78.11
2020-02-09,Chennai,Diesel,68.89
2020-02-09,Chennai,Petrol,75.04
2020-02-09,Delhi,Diesel,65.23
2020-02-09,Delhi,Petrol,72.23
2020-02-09,Kolkata,Diesel,67.59
2020-02-09,Kolkata,Petrol,74.92
2020-02-09,Mumbai,Diesel,68.36
2020-02-09,Mumbai,Petrol,77.89
2020-02-10,Chennai,Diesel,68.72
2020-02-10,Chennai,Petrol,74.9
2020-02-10,Delhi,Diesel,65.07
2020-02-10,Delhi,Petrol,72.1
2020-02-10,Kolkata,Diesel,67.39
2020-02-10,Kolkata,Petrol,74.74
2020-02-10,Mumbai,Diesel,68.19
2020-02-10,Mumbai,Petrol,77.76
2020-02-11,Chennai,Diesel,68.5
2020-02-11,Chennai,Petrol,74.73
2020-02-11,Delhi,Diesel,64.87
2020-02-11,Delhi,Petrol,71.94
2020-02-11,Kolkata,Diesel,67.19
2020-02-11,Kolkata,Petrol,74.58
2020-02-11,Mumbai,Diesel,67.98
2020-02-11,Mumbai,Petrol,77.6
2020-02-12,Chennai,Diesel,68.5
2020-02-12,Chennai,Petrol,74.73
2020-02-12,Delhi,Diesel,64.87
2020-02-12,Delhi,Petrol,71.94
2020-02-12,Kolkata,Diesel,67.19
2020-02-12,Kolkata,Petrol,74.58
2020-02-12,Mumbai,Diesel,67.98
2020-02-12,Mumbai,Petrol,77.6
2020-02-13,Chennai,Diesel,68.45
2020-02-13,Chennai,Petrol,74.73
2020-02-13,Delhi,Diesel,64.82
2020-02-13,Delhi,Petrol,71.94
2020-02-13,Kolkata,Diesel,67.14
2020-02-13,Kolkata,Petrol,74.58
2020-02-13,Mumbai,Diesel,67.93
2020-02-13,Mumbai,Petrol,77.6
2020-02-14,Chennai,Diesel,68.4
2020-02-14,Chennai,Petrol,74.73
2020-02-14,Delhi,Diesel,64.77
2020-02-14,Delhi,Petrol,71.94
2020-02-14,Kolkata,Diesel,67.09
2020-02-14,Kolkata,Petrol,74.58
2020-02-14,Mumbai,Diesel,67.87
2020-02-14,Mumbai,Petrol,77.6
2020-02-15,Chennai,Diesel,68.4
2020-02-15,Chennai,Petrol,74.73
2020-02-15,Delhi,Diesel,64.77
2020-02-15,Delhi,Petrol,71.94
2020-02-15,Kolkata,Diesel,67.09
2020-02-15,Kolkata,Petrol,74.58
2020-02-15,Mumbai,Diesel,67.87
2020-02-15,Mumbai,Petrol,77.6
2020-02-16,Chennai,Diesel,68.32
2020-02-16,Chennai,Petrol,74.73
2020-02-16,Delhi,Diesel,64.7
2020-02-16,Delhi,Petrol,71.94
2020-02-16,Kolkata,Diesel,67.02
2020-02-16,Kolkata,Petrol,74.58
2020-02-16,Mumbai,Diesel,67.8
2020-02-16,Mumbai,Petrol,77.6
2020-02-17,Chennai,Diesel,68.32
2020-02-17,Chennai,Petrol,74.73
2020-02-17,Delhi,Diesel,64.7
2020-02-17,Delhi,Petrol,71.94
2020-02-17,Kolkata,Diesel,67.02
2020-02-17,Kolkata,Petrol,74.58
2020-02-17,Mumbai,Diesel,67.8
2020-02-17,Mumbai,Petrol,77.6
2020-02-18,Chennai,Diesel,68.27
2020-02-18,Chennai,Petrol,74.68
2020-02-18,Delhi,Diesel,64.65
2020-02-18,Delhi,Petrol,71.89
2020-02-18,Kolkata,Diesel,66.97
2020-02-18,Kolkata,Petrol,74.53
2020-02-18,Mumbai,Diesel,67.75
2020-02-18,Mumbai,Petrol,77.56
2020-02-19,Chennai,Diesel,68.27
2020-02-19,Chennai,Petrol,74.68
2020-02-19,Delhi,Diesel,64.65
2020-02-19,Delhi,Petrol,71.89
2020-02-19,Kolkata,Diesel,66.97
2020-02-19,Kolkata,Petrol,74.53
2020-02-19,Mumbai,Diesel,67.75
2020-02-19,Mumbai,Petrol,77.56
2020-02-20,Chennai,Diesel,68.27
2020-02-20,Chennai,Petrol,74.68
2020-02-20,Delhi,Diesel,64.65
2020-02-20,Delhi,Petrol,71.89
2020-02-20,Kolkata,Diesel,66.97
2020-02-20,Kolkata,Petrol,74.53
2020-02-20,Mumbai,Diesel,67.75
2020-02-20,Mumbai,Petrol,77.56
2020-02-21,Chennai,Diesel,68.27
2020-02-21,Chennai,Petrol,74.68
2020-02-21,Delhi,Diesel,64.65
2020-02-21,Delhi,Petrol,71.89
2020-02-21,Kolkata,Diesel,66.97
2020-02-21,Kolkata,Petrol,74.53
2020-02-21,Mumbai,Diesel,67.75
2020-02-21,Mumbai,Petrol,77.56
2020-02-22,Chennai,Diesel,68.27
2020-02-22,Chennai,Petrol,74.73
2020-02-22,Delhi,Diesel,64.65
2020-02-22,Delhi,Petrol,71.94
2020-02-22,Kolkata,Diesel,66.97
2020-02-22,Kolkata,Petrol,74.58
2020-02-22,Mumbai,Diesel,67.75
2020-02-22,Mumbai,Petrol,77.6
2020-02-23,Chennai,Diesel,68.32
2020-02-23,Chennai,Petrol,74.81
2020-02-23,Delhi,Diesel,64.7
2020-02-23,Delhi,Petrol,72.01
2020-02-23,Kolkata,Diesel,67.02
2020-02-23,Kolkata,Petrol,74.65
2020-02-23,Mumbai,Diesel,67.8
2020-02-23,Mumbai,Petrol,77.67
2020-02-24,Chennai,Diesel,68.32
2020-02-24,Chennai,Petrol,74.81
2020-02-24,Delhi,Diesel,64.7
2020-02-24,Delhi,Petrol,72.01
2020-02-24,Kolkata,Diesel,67.02
2020-02-24,Kolkata,Petrol,74.65
2020-02-24,Mumbai,Diesel,67.8
2020-02-24,Mumbai,Petrol,77.67
2020-02-25,Chennai,Diesel,68.32
2020-02-25,Chennai,Petrol,74.81
2020-02-25,Delhi,Diesel,64.7
2020-02-25,Delhi,Petrol,72.01
2020-02-25,Kolkata,Diesel,67.02
2020-02-25,Kolkata,Petrol,74.65
2020-02-25,Mumbai,Diesel,67.8
2020-02-25,Mumbai,Petrol,77.67
2020-02-26,Chennai,Diesel,68.32
2020-02-26,Chennai,Petrol,74.81
2020-02-26,Delhi,Diesel,64.7
2020-02-26,Delhi,Petrol,72.01
2020-02-26,Kolkata,Diesel,67.02
2020-02-26,Kolkata,Petrol,74.65
2020-02-26,Mumbai,Diesel,67.8
2020-02-26,Mumbai,Petrol,77.67
2020-02-27,Chennai,Diesel,68.27
2020-02-27,Chennai,Petrol,74.75
2020-02-27,Delhi,Diesel,64.65
2020-02-27,Delhi,Petrol,71.96
2020-02-27,Kolkata,Diesel,66.97
2020-02-27,Kolkata,Petrol,74.6
2020-02-27,Mumbai,Diesel,67.75
2020-02-27,Mumbai,Petrol,77.62
2020-02-28,Chennai,Diesel,68.21
2020-02-28,Chennai,Petrol,74.75
2020-02-28,Delhi,Diesel,64.6
2020-02-28,Delhi,Petrol,71.96
2020-02-28,Kolkata,Diesel,66.92
2020-02-28,Kolkata,Petrol,74.6
2020-02-28,Mumbai,Diesel,67.69
2020-02-28,Mumbai,Petrol,77.62
2020-02-29,Chennai,Diesel,68.12
2020-02-29,Chennai,Petrol,74.68
2020-02-29,Delhi,Diesel,64.51
2020-02-29,Delhi,Petrol,71.89
2020-02-29,Kolkata,Diesel,66.83
2020-02-29,Kolkata,Petrol,74.53
2020-02-29,Mumbai,Diesel,67.6
2020-02-29,Mumbai,Petrol,77.56
2020-03-01,Chennai,Diesel,67.86
2020-03-01,Chennai,Petrol,74.51
2020-03-01,Delhi,Diesel,64.3
2020-03-01,Delhi,Petrol,71.71
2020-03-01,Kolkata,Diesel,66.63
2020-03-01,Kolkata,Petrol,74.38
2020-03-01,Mumbai,Diesel,67.34
2020-03-01,Mumbai,Petrol,77.4
2020-03-02,Chennai,Diesel,67.65
2020-03-02,Chennai,Petrol,74.28
2020-03-02,Delhi,Diesel,64.1
2020-03-02,Delhi,Petrol,71.49
2020-03-02,Kolkata,Diesel,66.43
2020-03-02,Kolkata,Petrol,74.16
2020-03-02,Mumbai,Diesel,67.13
2020-03-02,Mumbai,Petrol,77.18
2020-03-03,Chennai,Diesel,67.57
2020-03-03,Chennai,Petrol,74.23
2020-03-03,Delhi,Diesel,64.03
2020-03-03,Delhi,Petrol,71.44
2020-03-03,Kolkata,Diesel,66.36
2020-03-03,Kolkata,Petrol,74.11
2020-03-03,Mumbai,Diesel,67.05
2020-03-03,Mumbai,Petrol,77.13
2020-03-04,Chennai,Diesel,67.57
2020-03-04,Chennai,Petrol,74.23
2020-03-04,Delhi,Diesel,64.03
2020-03-04,Delhi,Petrol,71.44
2020-03-04,Kolkata,Diesel,66.36
2020-03-04,Kolkata,Petrol,74.11
2020-03-04,Mumbai,Diesel,67.05
2020-03-04,Mumbai,Petrol,77.13
2020-03-05,Chennai,Diesel,67.47
2020-03-05,Chennai,Petrol,74.07
2020-03-05,Delhi,Diesel,63.94
2020-03-05,Delhi,Petrol,71.29
2020-03-05,Kolkata,Diesel,66.27
2020-03-05,Kolkata,Petrol,73.96
2020-03-05,Mumbai,Diesel,66.96
2020-03-05,Mumbai,Petrol,76.98
2020-03-06,Chennai,Diesel,67.34
2020-03-06,Chennai,Petrol,73.91
2020-03-06,Delhi,Diesel,63.81
2020-03-06,Delhi,Petrol,71.14
2020-03-06,Kolkata,Diesel,66.14
2020-03-06,Kolkata,Petrol,73.82
2020-03-06,Mumbai,Diesel,66.82
2020-03-06,Mumbai,Petrol,76.83
2020-03-07,Chennai,Diesel,67.21
2020-03-07,Chennai,Petrol,73.78
2020-03-07,Delhi,Diesel,63.69
2020-03-07,Delhi,Petrol,71.02
2020-03-07,Kolkata,Diesel,66.02
2020-03-07,Kolkata,Petrol,73.7
2020-03-07,Mumbai,Diesel,66.69
2020-03-07,Mumbai,Petrol,76.71
2020-03-08,Chennai,Diesel,67.01
2020-03-08,Chennai,Petrol,73.58
2020-03-08,Delhi,Diesel,63.51
2020-03-08,Delhi,Petrol,70.83
2020-03-08,Kolkata,Diesel,65.84
2020-03-08,Kolkata,Petrol,73.51
2020-03-08,Mumbai,Diesel,66.5
2020-03-08,Mumbai,Petrol,76.53
2020-03-09,Chennai,Diesel,66.75
2020-03-09,Chennai,Petrol,73.33
2020-03-09,Delhi,Diesel,63.26
2020-03-09,Delhi,Petrol,70.59
2020-03-09,Kolkata,Diesel,65.59
2020-03-09,Kolkata,Petrol,73.28
2020-03-09,Mumbai,Diesel,66.24
2020-03-09,Mumbai,Petrol,76.29
2020-03-10,Chennai,Diesel,66.48
2020-03-10,Chennai,Petrol,73.02
2020-03-10,Delhi,Diesel,63.01
2020-03-10,Delhi,Petrol,70.29
2020-03-10,Kolkata,Diesel,65.34
2020-03-10,Kolkata,Petrol,72.98
2020-03-10,Mumbai,Diesel,65.97
2020-03-10,Mumbai,Petrol,75.99
2020-03-11,Chennai,Diesel,66.48
2020-03-11,Chennai,Petrol,73.02
2020-03-11,Delhi,Diesel,63.01
2020-03-11,Delhi,Petrol,70.29
2020-03-11,Kolkata,Diesel,65.34
2020-03-11,Kolkata,Petrol,72.98
2020-03-11,Mumbai,Diesel,65.97
2020-03-11,Mumbai,Petrol,75.99
2020-03-12,Chennai,Diesel,66.35
2020-03-12,Chennai,Petrol,72.86
2020-03-12,Delhi,Diesel,62.89
2020-03-12,Delhi,Petrol,70.14
2020-03-12,Kolkata,Diesel,65.22
2020-03-12,Kolkata,Petrol,72.83
2020-03-12,Mumbai,Diesel,65.84
2020-03-12,Mumbai,Petrol,75.84
2020-03-13,Chennai,Diesel,66.19
2020-03-13,Chennai,Petrol,72.71
2020-03-13,Delhi,Diesel,62.74
2020-03-13,Delhi,Petrol,70.0
2020-03-13,Kolkata,Diesel,65.07
2020-03-13,Kolkata,Petrol,72.7
2020-03-13,Mumbai,Diesel,65.68
2020-03-13,Mumbai,Petrol,75.7
2020-03-14,Chennai,Diesel,66.02
2020-03-14,Chennai,Petrol,72.57
2020-03-14,Delhi,Diesel,62.58
2020-03-14,Delhi,Petrol,69.87
2020-03-14,Kolkata,Diesel,64.91
2020-03-14,Kolkata,Petrol,72.57
2020-03-14,Mumbai,Diesel,65.51
2020-03-14,Mumbai,Petrol,75.57
2020-03-15,Chennai,Diesel,65.87
2020-03-15,Chennai,Petrol,72.45
2020-03-15,Delhi,Diesel,62.44
2020-03-15,Delhi,Petrol,69.75
2020-03-15,Kolkata,Diesel,64.77
2020-03-15,Kolkata,Petrol,72.45
2020-03-15,Mumbai,Diesel,65.37
2020-03-15,Mumbai,Petrol,75.46
2020-03-16,Chennai,Diesel,65.71
2020-03-16,Chennai,Petrol,72.28
2020-03-16,Delhi,Diesel,62.29
2020-03-16,Delhi,Petrol,69.59
2020-03-16,Kolkata,Diesel,64.62
2020-03-16,Kolkata,Petrol,72.29
2020-03-16,Mumbai,Diesel,65.21
2020-03-16,Mumbai,Petrol,75.3
2020-03-17,Chennai,Diesel,65.71
2020-03-17,Chennai,Petrol,72.28
2020-03-17,Delhi,Diesel,62.29
2020-03-17,Delhi,Petrol,69.59
2020-03-17,Kolkata,Diesel,64.62
2020-03-17,Kolkata,Petrol,72.29
2020-03-17,Mumbai,Diesel,65.21
2020-03-17,Mumbai,Petrol,75.3
2020-03-18,Chennai,Diesel,65.71
2020-03-18,Chennai,Petrol,72.28
2020-03-18,Delhi,Diesel,62.29
2020-03-18,Delhi,Petrol,69.59
2020-03-18,Kolkata,Diesel,64.62
2020-03-18,Kolkata,Petrol,72.29
2020-03-18,Mumbai,Diesel,65.21
2020-03-18,Mumbai,Petrol,75.3
2020-03-19,Chennai,Diesel,65.71
2020-03-19,Chennai,Petrol,72.28
2020-03-19,Delhi,Diesel,62.29
2020-03-19,Delhi,Petrol,69.59
2020-03-19,Kolkata,Diesel,64.62
2020-03-19,Kolkata,Petrol,72.29
2020-03-19,Mumbai,Diesel,65.21
2020-03-19,Mumbai,Petrol,75.3
2020-03-20,Chennai,Diesel,65.71
2020-03-20,Chennai,Petrol,72.28
2020-03-20,Delhi,Diesel,62.29
2020-03-20,Delhi,Petrol,69.59
2020-03-20,Kolkata,Diesel,64.62
2020-03-20,Kolkata,Petrol,72.29
2020-03-20,Mumbai,Diesel,65.21
2020-03-20,Mumbai,Petrol,75.3
2020-03-21,Chennai,Diesel,65.71
2020-03-21,Chennai,Petrol,72.28
2020-03-21,Delhi,Diesel,62.29
2020-03-21,Delhi,Petrol,69.59
2020-03-21,Kolkata,Diesel,64.62
2020-03-21,Kolkata,Petrol,72.29
2020-03-21,Mumbai,Diesel,65.21
2020-03-21,Mumbai,Petrol,75.3
2020-03-22,Chennai,Diesel,65.71
2020-03-22,Chennai,Petrol,72.28
2020-03-22,Delhi,Diesel,62.29
2020-03-22,Delhi,Petrol,69.59
2020-03-22,Kolkata,Diesel,64.62
2020-03-22,Kolkata,Petrol,72.29
2020-03-22,Mumbai,Diesel,65.21
2020-03-22,Mumbai,Petrol,75.3
2020-03-23,Chennai,Diesel,65.71
2020-03-23,Chennai,Petrol,72.28
2020-03-23,Delhi,Diesel,62.29
2020-03-23,Delhi,Petrol,69.59
2020-03-23,Kolkata,Diesel,64.62
2020-03-23,Kolkata,Petrol,72.29
2020-03-23,Mumbai,Diesel,65.21
2020-03-23,Mumbai,Petrol,75.3
2020-03-24,Chennai,Diesel,65.71
2020-03-24,Chennai,Petrol,72.28
2020-03-24,Delhi,Diesel,62.29
2020-03-24,Delhi,Petrol,69.59
2020-03-24,Kolkata,Diesel,64.62
2020-03-24,Kolkata,Petrol,72.29
2020-03-24,Mumbai,Diesel,65.21
2020-03-24,Mumbai,Petrol,75.3
2020-03-25,Chennai,Diesel,65.71
2020-03-25,Chennai,Petrol,72.28
2020-03-25,Delhi,Diesel,62.29
2020-03-25,Delhi,Petrol,69.59
2020-03-25,Kolkata,Diesel,64.62
2020-03-25,Kolkata,Petrol,72.29
2020-03-25,Mumbai,Diesel,65.21
2020-03-25,Mumbai,Petrol,75.3
2020-03-26,Chennai,Diesel,65.71
2020-03-26,Chennai,Petrol,72.28
2020-03-26,Delhi,Diesel,62.29
2020-03-26,Delhi,Petrol,69.59
2020-03-26,Kolkata,Diesel,64.62
2020-03-26,Kolkata,Petrol,72.29
2020-03-26,Mumbai,Diesel,65.21
2020-03-26,Mumbai,Petrol,75.3
2020-03-27,Chennai,Diesel,65.71
2020-03-27,Chennai,Petrol,72.28
2020-03-27,Delhi,Diesel,62.29
2020-03-27,Delhi,Petrol,69.59
2020-03-27,Kolkata,Diesel,64.62
2020-03-27,Kolkata,Petrol,72.29
2020-03-27,Mumbai,Diesel,65.21
2020-03-27,Mumbai,Petrol,75.3
2020-03-28,Chennai,Diesel,65.71
2020-03-28,Chennai,Petrol,72.28
2020-03-28,Delhi,Diesel,62.29
2020-03-28,Delhi,Petrol,69.59
2020-03-28,Kolkata,Diesel,64.62
2020-03-28,Kolkata,Petrol,72.29
2020-03-28,Mumbai,Diesel,65.21
2020-03-28,Mumbai,Petrol,75.3
2020-03-29,Chennai,Diesel,65.71
2020-03-29,Chennai,Petrol,72.28
2020-03-29,Delhi,Diesel,62.29
2020-03-29,Delhi,Petrol,69.59
2020-03-29,Kolkata,Diesel,64.62
2020-03-29,Kolkata,Petrol,72.29
2020-03-29,Mumbai,Diesel,65.21
2020-03-29,Mumbai,Petrol,75.3
2020-03-30,Chennai,Diesel,65.71
2020-03-30,Chennai,Petrol,72.28
2020-03-30,Delhi,Diesel,62.29
2020-03-30,Delhi,Petrol,69.59
2020-03-30,Kolkata,Diesel,64.62
2020-03-30,Kolkata,Petrol,72.29
2020-03-30,Mumbai,Diesel,65.21
2020-03-30,Mumbai,Petrol,75.3
2020-03-31,Chennai,Diesel,65.71
2020-03-31,Chennai,Petrol,72.28
2020-03-31,Delhi,Diesel,62.29
2020-03-31,Delhi,Petrol,69.59
2020-03-31,Kolkata,Diesel,64.62
2020-03-31,Kolkata,Petrol,72.29
2020-03-31,Mumbai,Diesel,65.21
2020-03-31,Mumbai,Petrol,75.3
2020-04-01,Chennai,Diesel,65.71
2020-04-01,Chennai,Petrol,72.28
2020-04-01,Delhi,Diesel,62.29
2020-04-01,Delhi,Petrol,69.59
2020-04-01,Kolkata,Diesel,65.62
2020-04-01,Kolkata,Petrol,73.3
2020-04-01,Mumbai,Diesel,66.21
2020-04-01,Mumbai,Petrol,76.31
2020-04-02,Chennai,Diesel,65.71
2020-04-02,Chennai,Petrol,72.28
2020-04-02,Delhi,Diesel,62.29
2020-04-02,Delhi,Petrol,69.59
2020-04-02,Kolkata,Diesel,65.62
2020-04-02,Kolkata,Petrol,73.3
2020-04-02,Mumbai,Diesel,66.21
2020-04-02,Mumbai,Petrol,76.31
2020-04-03,Chennai,Diesel,65.71
2020-04-03,Chennai,Petrol,72.28
2020-04-03,Delhi,Diesel,62.29
2020-04-03,Delhi,Petrol,69.59
2020-04-03,Kolkata,Diesel,65.62
2020-04-03,Kolkata,Petrol,73.3
2020-04-03,Mumbai,Diesel,66.21
2020-04-03,Mumbai,Petrol,76.31
2020-04-04,Chennai,Diesel,65.71
2020-04-04,Chennai,Petrol,72.28
2020-04-04,Delhi,Diesel,62.29
2020-04-04,Delhi,Petrol,69.59
2020-04-04,Kolkata,Diesel,65.62
2020-04-04,Kolkata,Petrol,73.3
2020-04-04,Mumbai,Diesel,66.21
2020-04-04,Mumbai,Petrol,76.31
2020-04-05,Chennai,Diesel,65.71
2020-04-05,Chennai,Petrol,72.28
2020-04-05,Delhi,Diesel,62.29
2020-04-05,Delhi,Petrol,69.59
2020-04-05,Kolkata,Diesel,65.62
2020-04-05,Kolkata,Petrol,73.3
2020-04-05,Mumbai,Diesel,66.21
2020-04-05,Mumbai,Petrol,76.31
2020-04-06,Chennai,Diesel,65.71
2020-04-06,Chennai,Petrol,72.28
2020-04-06,Delhi,Diesel,62.29
2020-04-06,Delhi,Petrol,69.59
2020-04-06,Kolkata,Diesel,65.62
2020-04-06,Kolkata,Petrol,73.3
2020-04-06,Mumbai,Diesel,66.21
2020-04-06,Mumbai,Petrol,76.31
2020-04-07,Chennai,Diesel,65.71
2020-04-07,Chennai,Petrol,72.28
2020-04-07,Delhi,Diesel,62.29
2020-04-07,Delhi,Petrol,69.59
2020-04-07,Kolkata,Diesel,65.62
2020-04-07,Kolkata,Petrol,73.3
2020-04-07,Mumbai,Diesel,66.21
2020-04-07,Mumbai,Petrol,76.31
2020-04-08,Chennai,Diesel,65.71
2020-04-08,Chennai,Petrol,72.28
2020-04-08,Delhi,Diesel,62.29
2020-04-08,Delhi,Petrol,69.59
2020-04-08,Kolkata,Diesel,65.62
2020-04-08,Kolkata,Petrol,73.3
2020-04-08,Mumbai,Diesel,66.21
2020-04-08,Mumbai,Petrol,76.31
2020-04-09,Chennai,Diesel,65.71
2020-04-09,Chennai,Petrol,72.28
2020-04-09,Delhi,Diesel,62.29
2020-04-09,Delhi,Petrol,69.59
2020-04-09,Kolkata,Diesel,65.62
2020-04-09,Kolkata,Petrol,73.3
2020-04-09,Mumbai,Diesel,66.21
2020-04-09,Mumbai,Petrol,76.31
2020-04-10,Chennai,Diesel,65.71
2020-04-10,Chennai,Petrol,72.28
2020-04-10,Delhi,Diesel,62.29
2020-04-10,Delhi,Petrol,69.59
2020-04-10,Kolkata,Diesel,65.62
2020-04-10,Kolkata,Petrol,73.3
2020-04-10,Mumbai,Diesel,66.21
2020-04-10,Mumbai,Petrol,76.31
2020-04-11,Chennai,Diesel,65.71
2020-04-11,Chennai,Petrol,72.28
2020-04-11,Delhi,Diesel,62.29
2020-04-11,Delhi,Petrol,69.59
2020-04-11,Kolkata,Diesel,65.62
2020-04-11,Kolkata,Petrol,73.3
2020-04-11,Mumbai,Diesel,66.21
2020-04-11,Mumbai,Petrol,76.31
2020-04-12,Chennai,Diesel,65.71
2020-04-12,Chennai,Petrol,72.28
2020-04-12,Delhi,Diesel,62.29
2020-04-12,Delhi,Petrol,69.59
2020-04-12,Kolkata,Diesel,65.62
2020-04-12,Kolkata,Petrol,73.3
2020-04-12,Mumbai,Diesel,66.21
2020-04-12,Mumbai,Petrol,76.31
2020-04-13,Chennai,Diesel,65.71
2020-04-13,Chennai,Petrol,72.28
2020-04-13,Delhi,Diesel,62.29
2020-04-13,Delhi,Petrol,69.59
2020-04-13,Kolkata,Diesel,65.62
2020-04-13,Kolkata,Petrol,73.3
2020-04-13,Mumbai,Diesel,66.21
2020-04-13,Mumbai,Petrol,76.31
2020-04-14,Chennai,Diesel,65.71
2020-04-14,Chennai,Petrol,72.28
2020-04-14,Delhi,Diesel,62.29
2020-04-14,Delhi,Petrol,69.59
2020-04-14,Kolkata,Diesel,65.62
2020-04-14,Kolkata,Petrol,73.3
2020-04-14,Mumbai,Diesel,66.21
2020-04-14,Mumbai,Petrol,76.31
2020-04-15,Chennai,Diesel,65.71
2020-04-15,Chennai,Petrol,72.28
2020-04-15,Delhi,Diesel,62.29
2020-04-15,Delhi,Petrol,69.59
2020-04-15,Kolkata,Diesel,65.62
2020-04-15,Kolkata,Petrol,73.3
2020-04-15,Mumbai,Diesel,66.21
2020-04-15,Mumbai,Petrol,76.31
2020-04-16,Chennai,Diesel,65.71
2020-04-16,Chennai,Petrol,72.28
2020-04-16,Delhi,Diesel,62.29
2020-04-16,Delhi,Petrol,69.59
2020-04-16,Kolkata,Diesel,65.62
2020-04-16,Kolkata,Petrol,73.3
2020-04-16,Mumbai,Diesel,66.21
2020-04-16,Mumbai,Petrol,76.31
2020-04-17,Chennai,Diesel,65.71
2020-04-17,Chennai,Petrol,72.28
2020-04-17,Delhi,Diesel,62.29
2020-04-17,Delhi,Petrol,69.59
2020-04-17,Kolkata,Diesel,65.62
2020-04-17,Kolkata,Petrol,73.3
2020-04-17,Mumbai,Diesel,66.21
2020-04-17,Mumbai,Petrol,76.31
2020-04-18,Chennai,Diesel,65.71
2020-04-18,Chennai,Petrol,72.28
2020-04-18,Delhi,Diesel,62.29
2020-04-18,Delhi,Petrol,69.59
2020-04-18,Kolkata,Diesel,65.62
2020-04-18,Kolkata,Petrol,73.3
2020-04-18,Mumbai,Diesel,66.21
2020-04-18,Mumbai,Petrol,76.31
2020-04-19,Chennai,Diesel,65.71
2020-04-19,Chennai,Petrol,72.28
2020-04-19,Delhi,Diesel,62.29
2020-04-19,Delhi,Petrol,69.59
2020-04-19,Kolkata,Diesel,65.62
2020-04-19,Kolkata,Petrol,73.3
2020-04-19,Mumbai,Diesel,66.21
2020-04-19,Mumbai,Petrol,76.31
2020-04-20,Chennai,Diesel,65.71
2020-04-20,Chennai,Petrol,72.28
2020-04-20,Delhi,Diesel,62.29
2020-04-20,Delhi,Petrol,69.59
2020-04-20,Kolkata,Diesel,65.62
2020-04-20,Kolkata,Petrol,73.3
2020-04-20,Mumbai,Diesel,66.21
2020-04-20,Mumbai,Petrol,76.31
2020-04-21,Chennai,Diesel,65.71
2020-04-21,Chennai,Petrol,72.28
2020-04-21,Delhi,Diesel,62.29
2020-04-21,Delhi,Petrol,69.59
2020-04-21,Kolkata,Diesel,65.62
2020-04-21,Kolkata,Petrol,73.3
2020-04-21,Mumbai,Diesel,66.21
2020-04-21,Mumbai,Petrol,76.31
2020-04-22,Chennai,Diesel,65.71
2020-04-22,Chennai,Petrol,72.28
2020-04-22,Delhi,Diesel,62.29
2020-04-22,Delhi,Petrol,69.59
2020-04-22,Kolkata,Diesel,65.62
2020-04-22,Kolkata,Petrol,73.3
2020-04-22,Mumbai,Diesel,66.21
2020-04-22,Mumbai,Petrol,76.31
2020-04-23,Chennai,Diesel,65.71
2020-04-23,Chennai,Petrol,72.28
2020-04-23,Delhi,Diesel,62.29
2020-04-23,Delhi,Petrol,69.59
2020-04-23,Kolkata,Diesel,65.62
2020-04-23,Kolkata,Petrol,73.3
2020-04-23,Mumbai,Diesel,66.21
2020-04-23,Mumbai,Petrol,76.31
2020-04-24,Chennai,Diesel,65.71
2020-04-24,Chennai,Petrol,72.28
2020-04-24,Delhi,Diesel,62.29
2020-04-24,Delhi,Petrol,69.59
2020-04-24,Kolkata,Diesel,65.62
2020-04-24,Kolkata,Petrol,73.3
2020-04-24,Mumbai,Diesel,66.21
2020-04-24,Mumbai,Petrol,76.31
2020-04-25,Chennai,Diesel,65.71
2020-04-25,Chennai,Petrol,72.28
2020-04-25,Delhi,Diesel,62.29
2020-04-25,Delhi,Petrol,69.59
2020-04-25,Kolkata,Diesel,65.62
2020-04-25,Kolkata,Petrol,73.3
2020-04-25,Mumbai,Diesel,66.21
2020-04-25,Mumbai,Petrol,76.31
2020-04-26,Chennai,Diesel,65.71
2020-04-26,Chennai,Petrol,72.28
2020-04-26,Delhi,Diesel,62.29
2020-04-26,Delhi,Petrol,69.59
2020-04-26,Kolkata,Diesel,65.62
2020-04-26,Kolkata,Petrol,73.3
2020-04-26,Mumbai,Diesel,66.21
2020-04-26,Mumbai,Petrol,76.31
2020-04-27,Chennai,Diesel,65.71
2020-04-27,Chennai,Petrol,72.28
2020-04-27,Delhi,Diesel,62.29
2020-04-27,Delhi,Petrol,69.59
2020-04-27,Kolkata,Diesel,65.62
2020-04-27,Kolkata,Petrol,73.3
2020-04-27,Mumbai,Diesel,66.21
2020-04-27,Mumbai,Petrol,76.31
2020-04-28,Chennai,Diesel,65.71
2020-04-28,Chennai,Petrol,72.28
2020-04-28,Delhi,Diesel,62.29
2020-04-28,Delhi,Petrol,69.59
2020-04-28,Kolkata,Diesel,65.62
2020-04-28,Kolkata,Petrol,73.3
2020-04-28,Mumbai,Diesel,66.21
2020-04-28,Mumbai,Petrol,76.31
2020-04-29,Chennai,Diesel,65.71
2020-04-29,Chennai,Petrol,72.28
2020-04-29,Delhi,Diesel,62.29
2020-04-29,Delhi,Petrol,69.59
2020-04-29,Kolkata,Diesel,65.62
2020-04-29,Kolkata,Petrol,73.3
2020-04-29,Mumbai,Diesel,66.21
2020-04-29,Mumbai,Petrol,76.31
2020-04-30,Chennai,Diesel,65.71
2020-04-30,Chennai,Petrol,72.28
2020-04-30,Delhi,Diesel,62.29
2020-04-30,Delhi,Petrol,69.59
2020-04-30,Kolkata,Diesel,65.62
2020-04-30,Kolkata,Petrol,73.3
2020-04-30,Mumbai,Diesel,66.21
2020-04-30,Mumbai,Petrol,76.31
2020-05-01,Chennai,Diesel,65.71
2020-05-01,Chennai,Petrol,72.28
2020-05-01,Delhi,Diesel,62.29
2020-05-01,Delhi,Petrol,69.59
2020-05-01,Kolkata,Diesel,65.62
2020-05-01,Kolkata,Petrol,73.3
2020-05-01,Mumbai,Diesel,66.21
2020-05-01,Mumbai,Petrol,76.31
2020-05-02,Chennai,Diesel,65.71
2020-05-02,Chennai,Petrol,72.28
2020-05-02,Delhi,Diesel,62.29
2020-05-02,Delhi,Petrol,69.59
2020-05-02,Kolkata,Diesel,65.62
2020-05-02,Kolkata,Petrol,73.3
2020-05-02,Mumbai,Diesel,66.21
2020-05-02,Mumbai,Petrol,76.31
2020-05-03,Chennai,Diesel,65.71
2020-05-03,Chennai,Petrol,72.28
2020-05-03,Delhi,Diesel,62.29
2020-05-03,Delhi,Petrol,69.59
2020-05-03,Kolkata,Diesel,65.62
2020-05-03,Kolkata,Petrol,73.3
2020-05-03,Mumbai,Diesel,66.21
2020-05-03,Mumbai,Petrol,76.31
2020-05-04,Chennai,Diesel,68.22
2020-05-04,Chennai,Petrol,75.54
2020-05-04,Delhi,Diesel,62.29
2020-05-04,Delhi,Petrol,69.59
2020-05-04,Kolkata,Diesel,65.62
2020-05-04,Kolkata,Petrol,73.3
2020-05-04,Mumbai,Diesel,66.21
2020-05-04,Mumbai,Petrol,76.31
2020-05-05,Chennai,Diesel,68.22
2020-05-05,Chennai,Petrol,75.54
2020-05-05,Delhi,Diesel,69.39
2020-05-05,Delhi,Petrol,71.26
2020-05-05,Kolkata,Diesel,65.62
2020-05-05,Kolkata,Petrol,73.3
2020-05-05,Mumbai,Diesel,66.21
2020-05-05,Mumbai,Petrol,76.31
2020-05-06,Chennai,Diesel,68.22
2020-05-06,Chennai,Petrol,75.54
2020-05-06,Delhi,Diesel,69.39
2020-05-06,Delhi,Petrol,71.26
2020-05-06,Kolkata,Diesel,65.62
2020-05-06,Kolkata,Petrol,73.3
2020-05-06,Mumbai,Diesel,66.21
2020-05-06,Mumbai,Petrol,76.31
2020-05-07,Chennai,Diesel,68.22
2020-05-07,Chennai,Petrol,75.54
2020-05-07,Delhi,Diesel,69.39
2020-05-07,Delhi,Petrol,71.26
2020-05-07,Kolkata,Diesel,65.62
2020-05-07,Kolkata,Petrol,73.3
2020-05-07,Mumbai,Diesel,66.21
2020-05-07,Mumbai,Petrol,76.31
2020-05-08,Chennai,Diesel,68.22
2020-05-08,Chennai,Petrol,75.54
2020-05-08,Delhi,Diesel,69.39
2020-05-08,Delhi,Petrol,71.26
2020-05-08,Kolkata,Diesel,65.62
2020-05-08,Kolkata,Petrol,73.3
2020-05-08,Mumbai,Diesel,66.21
2020-05-08,Mumbai,Petrol,76.31
2020-05-09,Chennai,Diesel,68.22
2020-05-09,Chennai,Petrol,75.54
2020-05-09,Delhi,Diesel,69.39
2020-05-09,Delhi,Petrol,71.26
2020-05-09,Kolkata,Diesel,65.62
2020-05-09,Kolkata,Petrol,73.3
2020-05-09,Mumbai,Diesel,66.21
2020-05-09,Mumbai,Petrol,76.31
2020-05-10,Chennai,Diesel,68.22
2020-05-10,Chennai,Petrol,75.54
2020-05-10,Delhi,Diesel,69.39
2020-05-10,Delhi,Petrol,71.26
2020-05-10,Kolkata,Diesel,65.62
2020-05-10,Kolkata,Petrol,73.3
2020-05-10,Mumbai,Diesel,66.21
2020-05-10,Mumbai,Petrol,76.31
2020-05-11,Chennai,Diesel,68.22
2020-05-11,Chennai,Petrol,75.54
2020-05-11,Delhi,Diesel,69.39
2020-05-11,Delhi,Petrol,71.26
2020-05-11,Kolkata,Diesel,65.62
2020-05-11,Kolkata,Petrol,73.3
2020-05-11,Mumbai,Diesel,66.21
2020-05-11,Mumbai,Petrol,76.31
2020-05-12,Chennai,Diesel,68.22
2020-05-12,Chennai,Petrol,75.54
2020-05-12,Delhi,Diesel,69.39
2020-05-12,Delhi,Petrol,71.26
2020-05-12,Kolkata,Diesel,65.62
2020-05-12,Kolkata,Petrol,73.3
2020-05-12,Mumbai,Diesel,66.21
2020-05-12,Mumbai,Petrol,76.31
2020-05-13,Chennai,Diesel,68.22
2020-05-13,Chennai,Petrol,75.54
2020-05-13,Delhi,Diesel,69.39
2020-05-13,Delhi,Petrol,71.26
2020-05-13,Kolkata,Diesel,65.62
2020-05-13,Kolkata,Petrol,73.3
2020-05-13,Mumbai,Diesel,66.21
2020-05-13,Mumbai,Petrol,76.31
2020-05-14,Chennai,Diesel,68.22
2020-05-14,Chennai,Petrol,75.54
2020-05-14,Delhi,Diesel,69.39
2020-05-14,Delhi,Petrol,71.26
2020-05-14,Kolkata,Diesel,65.62
2020-05-14,Kolkata,Petrol,73.3
2020-05-14,Mumbai,Diesel,66.21
2020-05-14,Mumbai,Petrol,76.31
2020-05-15,Chennai,Diesel,68.22
2020-05-15,Chennai,Petrol,75.54
2020-05-15,Delhi,Diesel,69.39
2020-05-15,Delhi,Petrol,71.26
2020-05-15,Kolkata,Diesel,65.62
2020-05-15,Kolkata,Petrol,73.3
2020-05-15,Mumbai,Diesel,66.21
2020-05-15,Mumbai,Petrol,76.31
2020-05-16,Chennai,Diesel,68.22
2020-05-16,Chennai,Petrol,75.54
2020-05-16,Delhi,Diesel,69.39
2020-05-16,Delhi,Petrol,71.26
2020-05-16,Kolkata,Diesel,65.62
2020-05-16,Kolkata,Petrol,73.3
2020-05-16,Mumbai,Diesel,66.21
2020-05-16,Mumbai,Petrol,76.31
2020-05-17,Chennai,Diesel,68.22
2020-05-17,Chennai,Petrol,75.54
2020-05-17,Delhi,Diesel,69.39
2020-05-17,Delhi,Petrol,71.26
2020-05-17,Kolkata,Diesel,65.62
2020-05-17,Kolkata,Petrol,73.3
2020-05-17,Mumbai,Diesel,66.21
2020-05-17,Mumbai,Petrol,76.31
2020-05-18,Chennai,Diesel,68.22
2020-05-18,Chennai,Petrol,75.54
2020-05-18,Delhi,Diesel,69.39
2020-05-18,Delhi,Petrol,71.26
2020-05-18,Kolkata,Diesel,65.62
2020-05-18,Kolkata,Petrol,73.3
2020-05-18,Mumbai,Diesel,66.21
2020-05-18,Mumbai,Petrol,76.31
2020-05-19,Chennai,Diesel,68.22
2020-05-19,Chennai,Petrol,75.54
2020-05-19,Delhi,Diesel,69.39
2020-05-19,Delhi,Petrol,71.26
2020-05-19,Kolkata,Diesel,65.62
2020-05-19,Kolkata,Petrol,73.3
2020-05-19,Mumbai,Diesel,66.21
2020-05-19,Mumbai,Petrol,76.31
2020-05-20,Chennai,Diesel,68.22
2020-05-20,Chennai,Petrol,75.54
2020-05-20,Delhi,Diesel,69.39
2020-05-20,Delhi,Petrol,71.26
2020-05-20,Kolkata,Diesel,65.62
2020-05-20,Kolkata,Petrol,73.3
2020-05-20,Mumbai,Diesel,66.21
2020-05-20,Mumbai,Petrol,76.31
2020-05-21,Chennai,Diesel,68.22
2020-05-21,Chennai,Petrol,75.54
2020-05-21,Delhi,Diesel,69.39
2020-05-21,Delhi,Petrol,71.26
2020-05-21,Kolkata,Diesel,65.62
2020-05-21,Kolkata,Petrol,73.3
2020-05-21,Mumbai,Diesel,66.21
2020-05-21,Mumbai,Petrol,76.31
2020-05-22,Chennai,Diesel,68.22
2020-05-22,Chennai,Petrol,75.54
2020-05-22,Delhi,Diesel,69.39
2020-05-22,Delhi,Petrol,71.26
2020-05-22,Kolkata,Diesel,65.62
2020-05-22,Kolkata,Petrol,73.3
2020-05-22,Mumbai,Diesel,66.21
2020-05-22,Mumbai,Petrol,76.31
2020-05-23,Chennai,Diesel,68.22
2020-05-23,Chennai,Petrol,75.54
2020-05-23,Delhi,Diesel,69.39
2020-05-23,Delhi,Petrol,71.26
2020-05-23,Kolkata,Diesel,65.62
2020-05-23,Kolkata,Petrol,73.3
2020-05-23,Mumbai,Diesel,66.21
2020-05-23,Mumbai,Petrol,76.31
2020-05-24,Chennai,Diesel,68.22
2020-05-24,Chennai,Petrol,75.54
2020-05-24,Delhi,Diesel,69.39
2020-05-24,Delhi,Petrol,71.26
2020-05-24,Kolkata,Diesel,65.62
2020-05-24,Kolkata,Petrol,73.3
2020-05-24,Mumbai,Diesel,66.21
2020-05-24,Mumbai,Petrol,76.31
2020-05-25,Chennai,Diesel,68.22
2020-05-25,Chennai,Petrol,75.54
2020-05-25,Delhi,Diesel,69.39
2020-05-25,Delhi,Petrol,71.26
2020-05-25,Kolkata,Diesel,65.62
2020-05-25,Kolkata,Petrol,73.3
2020-05-25,Mumbai,Diesel,66.21
2020-05-25,Mumbai,Petrol,76.31
2020-05-26,Chennai,Diesel,68.22
2020-05-26,Chennai,Petrol,75.54
2020-05-26,Delhi,Diesel,69.39
2020-05-26,Delhi,Petrol,71.26
2020-05-26,Kolkata,Diesel,65.62
2020-05-26,Kolkata,Petrol,73.3
2020-05-26,Mumbai,Diesel,66.21
2020-05-26,Mumbai,Petrol,76.31
2020-05-27,Chennai,Diesel,68.22
2020-05-27,Chennai,Petrol,75.54
2020-05-27,Delhi,Diesel,69.39
2020-05-27,Delhi,Petrol,71.26
2020-05-27,Kolkata,Diesel,65.62
2020-05-27,Kolkata,Petrol,73.3
2020-05-27,Mumbai,Diesel,66.21
2020-05-27,Mumbai,Petrol,76.31
2020-05-28,Chennai,Diesel,68.22
2020-05-28,Chennai,Petrol,75.54
2020-05-28,Delhi,Diesel,69.39
2020-05-28,Delhi,Petrol,71.26
2020-05-28,Kolkata,Diesel,65.62
2020-05-28,Kolkata,Petrol,73.3
2020-05-28,Mumbai,Diesel,66.21
2020-05-28,Mumbai,Petrol,76.31
2020-05-29,Chennai,Diesel,68.22
2020-05-29,Chennai,Petrol,75.54
2020-05-29,Delhi,Diesel,69.39
2020-05-29,Delhi,Petrol,71.26
2020-05-29,Kolkata,Diesel,65.62
2020-05-29,Kolkata,Petrol,73.3
2020-05-29,Mumbai,Diesel,66.21
2020-05-29,Mumbai,Petrol,76.31
2020-05-30,Chennai,Diesel,68.22
2020-05-30,Chennai,Petrol,75.54
2020-05-30,Delhi,Diesel,69.39
2020-05-30,Delhi,Petrol,71.26
2020-05-30,Kolkata,Diesel,65.62
2020-05-30,Kolkata,Petrol,73.3
2020-05-30,Mumbai,Diesel,66.21
2020-05-30,Mumbai,Petrol,76.31
2020-05-31,Chennai,Diesel,68.22
2020-05-31,Chennai,Petrol,75.54
2020-05-31,Delhi,Diesel,69.39
2020-05-31,Delhi,Petrol,71.26
2020-05-31,Kolkata,Diesel,65.62
2020-05-31,Kolkata,Petrol,73.3
2020-05-31,Mumbai,Diesel,66.21
2020-05-31,Mumbai,Petrol,76.31
2020-06-01,Chennai,Diesel,68.22
2020-06-01,Chennai,Petrol,75.54
2020-06-01,Delhi,Diesel,69.39
2020-06-01,Delhi,Petrol,71.26
2020-06-01,Kolkata,Diesel,65.62
2020-06-01,Kolkata,Petrol,73.3
2020-06-01,Mumbai,Diesel,68.21
2020-06-01,Mumbai,Petrol,78.32
2020-06-02,Chennai,Diesel,68.22
2020-06-02,Chennai,Petrol,75.54
2020-06-02,Delhi,Diesel,69.39
2020-06-02,Delhi,Petrol,71.26
2020-06-02,Kolkata,Diesel,65.62
2020-06-02,Kolkata,Petrol,73.3
2020-06-02,Mumbai,Diesel,68.21
2020-06-02,Mumbai,Petrol,78.32
2020-06-03,Chennai,Diesel,68.22
2020-06-03,Chennai,Petrol,75.54
2020-06-03,Delhi,Diesel,69.39
2020-06-03,Delhi,Petrol,71.26
2020-06-03,Kolkata,Diesel,65.62
2020-06-03,Kolkata,Petrol,73.3
2020-06-03,Mumbai,Diesel,68.21
2020-06-03,Mumbai,Petrol,78.32
2020-06-04,Chennai,Diesel,68.22
2020-06-04,Chennai,Petrol,75.54
2020-06-04,Delhi,Diesel,69.39
2020-06-04,Delhi,Petrol,71.26
2020-06-04,Kolkata,Diesel,65.62
2020-06-04,Kolkata,Petrol,73.3
2020-06-04,Mumbai,Diesel,68.21
2020-06-04,Mumbai,Petrol,78.32
2020-06-05,Chennai,Diesel,68.22
2020-06-05,Chennai,Petrol,75.54
2020-06-05,Delhi,Diesel,69.39
2020-06-05,Delhi,Petrol,71.26
2020-06-05,Kolkata,Diesel,65.62
2020-06-05,Kolkata,Petrol,73.3
2020-06-05,Mumbai,Diesel,68.21
2020-06-05,Mumbai,Petrol,78.32
2020-06-06,Chennai,Diesel,68.22
2020-06-06,Chennai,Petrol,75.54
2020-06-06,Delhi,Diesel,69.39
2020-06-06,Delhi,Petrol,71.26
2020-06-06,Kolkata,Diesel,65.62
2020-06-06,Kolkata,Petrol,73.3
2020-06-06,Mumbai,Diesel,68.21
2020-06-06,Mumbai,Petrol,78.32
2020-06-07,Chennai,Diesel,68.74
2020-06-07,Chennai,Petrol,76.07
2020-06-07,Delhi,Diesel,69.99
2020-06-07,Delhi,Petrol,71.86
2020-06-07,Kolkata,Diesel,66.17
2020-06-07,Kolkata,Petrol,73.89
2020-06-07,Mumbai,Diesel,68.79
2020-06-07,Mumbai,Petrol,78.91
2020-06-08,Chennai,Diesel,69.25
2020-06-08,Chennai,Petrol,76.6
2020-06-08,Delhi,Diesel,70.59
2020-06-08,Delhi,Petrol,72.46
2020-06-08,Kolkata,Diesel,66.71
2020-06-08,Kolkata,Petrol,74.46
2020-06-08,Mumbai,Diesel,69.37
2020-06-08,Mumbai,Petrol,79.49
2020-06-09,Chennai,Diesel,69.74
2020-06-09,Chennai,Petrol,77.08
2020-06-09,Delhi,Diesel,71.17
2020-06-09,Delhi,Petrol,73.0
2020-06-09,Kolkata,Diesel,67.23
2020-06-09,Kolkata,Petrol,74.98
2020-06-09,Mumbai,Diesel,69.92
2020-06-09,Mumbai,Petrol,80.01
2020-06-10,Chennai,Diesel,70.13
2020-06-10,Chennai,Petrol,77.43
2020-06-10,Delhi,Diesel,71.62
2020-06-10,Delhi,Petrol,73.4
2020-06-10,Kolkata,Diesel,67.63
2020-06-10,Kolkata,Petrol,75.36
2020-06-10,Mumbai,Diesel,70.35
2020-06-10,Mumbai,Petrol,80.4
2020-06-11,Chennai,Diesel,70.64
2020-06-11,Chennai,Petrol,77.96
2020-06-11,Delhi,Diesel,72.22
2020-06-11,Delhi,Petrol,74.0
2020-06-11,Kolkata,Diesel,68.17
2020-06-11,Kolkata,Petrol,75.94
2020-06-11,Mumbai,Diesel,70.92
2020-06-11,Mumbai,Petrol,80.98
2020-06-12,Chennai,Diesel,71.14
2020-06-12,Chennai,Petrol,78.47
2020-06-12,Delhi,Diesel,72.81
2020-06-12,Delhi,Petrol,74.57
2020-06-12,Kolkata,Diesel,68.7
2020-06-12,Kolkata,Petrol,76.48
2020-06-12,Mumbai,Diesel,71.48
2020-06-12,Mumbai,Petrol,81.53
2020-06-13,Chennai,Diesel,71.64
2020-06-13,Chennai,Petrol,78.99
2020-06-13,Delhi,Diesel,73.39
2020-06-13,Delhi,Petrol,75.16
2020-06-13,Kolkata,Diesel,69.23
2020-06-13,Kolkata,Petrol,77.05
2020-06-13,Mumbai,Diesel,72.03
2020-06-13,Mumbai,Petrol,82.1
2020-06-14,Chennai,Diesel,72.18
2020-06-14,Chennai,Petrol,79.53
2020-06-14,Delhi,Diesel,74.03
2020-06-14,Delhi,Petrol,75.78
2020-06-14,Kolkata,Diesel,69.8
2020-06-14,Kolkata,Petrol,77.64
2020-06-14,Mumbai,Diesel,72.64
2020-06-14,Mumbai,Petrol,82.7
2020-06-15,Chennai,Diesel,72.69
2020-06-15,Chennai,Petrol,79.96
2020-06-15,Delhi,Diesel,74.62
2020-06-15,Delhi,Petrol,76.26
2020-06-15,Kolkata,Diesel,70.33
2020-06-15,Kolkata,Petrol,78.1
2020-06-15,Mumbai,Diesel,73.21
2020-06-15,Mumbai,Petrol,83.17
2020-06-16,Chennai,Diesel,73.17
2020-06-16,Chennai,Petrol,80.37
2020-06-16,Delhi,Diesel,75.19
2020-06-16,Delhi,Petrol,76.73
2020-06-16,Kolkata,Diesel,70.84
2020-06-16,Kolkata,Petrol,78.55
2020-06-16,Mumbai,Diesel,73.75
2020-06-16,Mumbai,Petrol,83.62
2020-06-17,Chennai,Diesel,73.69
2020-06-17,Chennai,Petrol,80.86
2020-06-17,Delhi,Diesel,75.79
2020-06-17,Delhi,Petrol,77.28
2020-06-17,Kolkata,Diesel,71.38
2020-06-17,Kolkata,Petrol,79.08
2020-06-17,Mumbai,Diesel,74.32
2020-06-17,Mumbai,Petrol,84.15
2020-06-18,Chennai,Diesel,74.23
2020-06-18,Chennai,Petrol,81.32
2020-06-18,Delhi,Diesel,76.43
2020-06-18,Delhi,Petrol,77.81
2020-06-18,Kolkata,Diesel,71.96
2020-06-18,Kolkata,Petrol,79.59
2020-06-18,Mumbai,Diesel,74.93
2020-06-18,Mumbai,Petrol,84.66
2020-06-19,Chennai,Diesel,74.77
2020-06-19,Chennai,Petrol,81.82
2020-06-19,Delhi,Diesel,77.06
2020-06-19,Delhi,Petrol,78.37
2020-06-19,Kolkata,Diesel,72.53
2020-06-19,Kolkata,Petrol,80.13
2020-06-19,Mumbai,Diesel,75.53
2020-06-19,Mumbai,Petrol,85.21
2020-06-20,Chennai,Diesel,75.29
2020-06-20,Chennai,Petrol,82.27
2020-06-20,Delhi,Diesel,77.67
2020-06-20,Delhi,Petrol,78.88
2020-06-20,Kolkata,Diesel,73.07
2020-06-20,Kolkata,Petrol,80.62
2020-06-20,Mumbai,Diesel,76.11
2020-06-20,Mumbai,Petrol,85.7
2020-06-21,Chennai,Diesel,75.8
2020-06-21,Chennai,Petrol,82.58
2020-06-21,Delhi,Diesel,78.27
2020-06-21,Delhi,Petrol,79.23
2020-06-21,Kolkata,Diesel,73.61
2020-06-21,Kolkata,Petrol,80.95
2020-06-21,Mumbai,Diesel,76.69
2020-06-21,Mumbai,Petrol,86.04
2020-06-22,Chennai,Diesel,76.3
2020-06-22,Chennai,Petrol,82.87
2020-06-22,Delhi,Diesel,78.85
2020-06-22,Delhi,Petrol,79.56
2020-06-22,Kolkata,Diesel,74.14
2020-06-22,Kolkata,Petrol,81.27
2020-06-22,Mumbai,Diesel,77.24
2020-06-22,Mumbai,Petrol,86.36
2020-06-23,Chennai,Diesel,76.77
2020-06-23,Chennai,Petrol,83.04
2020-06-23,Delhi,Diesel,79.4
2020-06-23,Delhi,Petrol,79.76
2020-06-23,Kolkata,Diesel,74.63
2020-06-23,Kolkata,Petrol,81.45
2020-06-23,Mumbai,Diesel,77.76
2020-06-23,Mumbai,Petrol,86.54
2020-06-24,Chennai,Diesel,77.17
2020-06-24,Chennai,Petrol,83.04
2020-06-24,Delhi,Diesel,79.88
2020-06-24,Delhi,Petrol,79.76
2020-06-24,Kolkata,Diesel,75.06
2020-06-24,Kolkata,Petrol,81.45
2020-06-24,Mumbai,Diesel,78.22
2020-06-24,Mumbai,Petrol,86.54
2020-06-25,Chennai,Diesel,77.29
2020-06-25,Chennai,Petrol,83.18
2020-06-25,Delhi,Diesel,80.02
2020-06-25,Delhi,Petrol,79.92
2020-06-25,Kolkata,Diesel,75.18
2020-06-25,Kolkata,Petrol,81.61
2020-06-25,Mumbai,Diesel,78.34
2020-06-25,Mumbai,Petrol,86.7
2020-06-26,Chennai,Diesel,77.44
2020-06-26,Chennai,Petrol,83.37
2020-06-26,Delhi,Diesel,80.19
2020-06-26,Delhi,Petrol,80.13
2020-06-26,Kolkata,Diesel,75.34
2020-06-26,Kolkata,Petrol,81.82
2020-06-26,Mumbai,Diesel,78.51
2020-06-26,Mumbai,Petrol,86.91
2020-06-27,Chennai,Diesel,77.61
2020-06-27,Chennai,Petrol,83.59
2020-06-27,Delhi,Diesel,80.4
2020-06-27,Delhi,Petrol,80.38
2020-06-27,Kolkata,Diesel,75.52
2020-06-27,Kolkata,Petrol,82.05
2020-06-27,Mumbai,Diesel,78.71
2020-06-27,Mumbai,Petrol,87.14
2020-06-28,Chennai,Diesel,77.61
2020-06-28,Chennai,Petrol,83.59
2020-06-28,Delhi,Diesel,80.4
2020-06-28,Delhi,Petrol,80.38
2020-06-28,Kolkata,Diesel,75.52
2020-06-28,Kolkata,Petrol,82.05
2020-06-28,Mumbai,Diesel,78.71
2020-06-28,Mumbai,Petrol,87.14
2020-06-29,Chennai,Diesel,77.72
2020-06-29,Chennai,Petrol,83.63
2020-06-29,Delhi,Diesel,80.53
2020-06-29,Delhi,Petrol,80.43
2020-06-29,Kolkata,Diesel,75.64
2020-06-29,Kolkata,Petrol,82.1
2020-06-29,Mumbai,Diesel,78.83
2020-06-29,Mumbai,Petrol,87.19
2020-06-30,Chennai,Diesel,77.72
2020-06-30,Chennai,Petrol,83.63
2020-06-30,Delhi,Diesel,80.53
2020-06-30,Delhi,Petrol,80.43
2020-06-30,Kolkata,Diesel,75.64
2020-06-30,Kolkata,Petrol,82.1
2020-06-30,Mumbai,Diesel,78.83
2020-06-30,Mumbai,Petrol,87.19
2020-07-01,Chennai,Diesel,77.72
2020-07-01,Chennai,Petrol,83.63
2020-07-01,Delhi,Diesel,80.53
2020-07-01,Delhi,Petrol,80.43
2020-07-01,Kolkata,Diesel,75.64
2020-07-01,Kolkata,Petrol,82.1
2020-07-01,Mumbai,Diesel,78.83
2020-07-01,Mumbai,Petrol,87.19
2020-07-02,Chennai,Diesel,77.72
2020-07-02,Chennai,Petrol,83.63
2020-07-02,Delhi,Diesel,80.53
2020-07-02,Delhi,Petrol,80.43
2020-07-02,Kolkata,Diesel,75.64
2020-07-02,Kolkata,Petrol,82.1
2020-07-02,Mumbai,Diesel,78.83
2020-07-02,Mumbai,Petrol,87.19
2020-07-03,Chennai,Diesel,77.72
2020-07-03,Chennai,Petrol,83.63
2020-07-03,Delhi,Diesel,80.53
2020-07-03,Delhi,Petrol,80.43
2020-07-03,Kolkata,Diesel,75.64
2020-07-03,Kolkata,Petrol,82.1
2020-07-03,Mumbai,Diesel,78.83
2020-07-03,Mumbai,Petrol,87.19
2020-07-04,Chennai,Diesel,77.72
2020-07-04,Chennai,Petrol,83.63
2020-07-04,Delhi,Diesel,80.53
2020-07-04,Delhi,Petrol,80.43
2020-07-04,Kolkata,Diesel,75.64
2020-07-04,Kolkata,Petrol,82.1
2020-07-04,Mumbai,Diesel,78.83
2020-07-04,Mumbai,Petrol,87.19
2020-07-05,Chennai,Diesel,77.72
2020-07-05,Chennai,Petrol,83.63
2020-07-05,Delhi,Diesel,80.53
2020-07-05,Delhi,Petrol,80.43
2020-07-05,Kolkata,Diesel,75.64
2020-07-05,Kolkata,Petrol,82.1
2020-07-05,Mumbai,Diesel,78.83
2020-07-05,Mumbai,Petrol,87.19
2020-07-06,Chennai,Diesel,77.72
2020-07-06,Chennai,Petrol,83.63
2020-07-06,Delhi,Diesel,80.53
2020-07-06,Delhi,Petrol,80.43
2020-07-06,Kolkata,Diesel,75.64
2020-07-06,Kolkata,Petrol,82.1
2020-07-06,Mumbai,Diesel,78.83
2020-07-06,Mumbai,Petrol,87.19
2020-07-07,Chennai,Diesel,77.91
2020-07-07,Chennai,Petrol,83.63
2020-07-07,Delhi,Diesel,80.78
2020-07-07,Delhi,Petrol,80.43
2020-07-07,Kolkata,Diesel,75.89
2020-07-07,Kolkata,Petrol,82.1
2020-07-07,Mumbai,Diesel,79.05
2020-07-07,Mumbai,Petrol,87.19
2020-07-08,Chennai,Diesel,77.91
2020-07-08,Chennai,Petrol,83.63
2020-07-08,Delhi,Diesel,80.78
2020-07-08,Delhi,Petrol,80.43
2020-07-08,Kolkata,Diesel,75.89
2020-07-08,Kolkata,Petrol,82.1
2020-07-08,Mumbai,Diesel,79.05
2020-07-08,Mumbai,Petrol,87.19
2020-07-09,Chennai,Diesel,77.91
2020-07-09,Chennai,Petrol,83.63
2020-07-09,Delhi,Diesel,80.78
2020-07-09,Delhi,Petrol,80.43
2020-07-09,Kolkata,Diesel,75.89
2020-07-09,Kolkata,Petrol,82.1
2020-07-09,Mumbai,Diesel,79.05
2020-07-09,Mumbai,Petrol,87.19
2020-07-10,Chennai,Diesel,77.91
2020-07-10,Chennai,Petrol,83.63
2020-07-10,Delhi,Diesel,80.78
2020-07-10,Delhi,Petrol,80.43
2020-07-10,Kolkata,Diesel,75.89
2020-07-10,Kolkata,Petrol,82.1
2020-07-10,Mumbai,Diesel,79.05
2020-07-10,Mumbai,Petrol,87.19
2020-07-11,Chennai,Diesel,77.91
2020-07-11,Chennai,Petrol,83.63
2020-07-11,Delhi,Diesel,80.78
2020-07-11,Delhi,Petrol,80.43
2020-07-11,Kolkata,Diesel,75.89
2020-07-11,Kolkata,Petrol,82.1
2020-07-11,Mumbai,Diesel,79.05
2020-07-11,Mumbai,Petrol,87.19
2020-07-12,Chennai,Diesel,78.01
2020-07-12,Chennai,Petrol,83.63
2020-07-12,Delhi,Diesel,80.94
2020-07-12,Delhi,Petrol,80.43
2020-07-12,Kolkata,Diesel,76.05
2020-07-12,Kolkata,Petrol,82.1
2020-07-12,Mumbai,Diesel,79.17
2020-07-12,Mumbai,Petrol,87.19
2020-07-13,Chennai,Diesel,78.11
2020-07-13,Chennai,Petrol,83.63
2020-07-13,Delhi,Diesel,81.05
2020-07-13,Delhi,Petrol,80.43
2020-07-13,Kolkata,Diesel,76.17
2020-07-13,Kolkata,Petrol,82.1
2020-07-13,Mumbai,Diesel,79.27
2020-07-13,Mumbai,Petrol,87.19
2020-07-14,Chennai,Diesel,78.11
2020-07-14,Chennai,Petrol,83.63
2020-07-14,Delhi,Diesel,81.05
2020-07-14,Delhi,Petrol,80.43
2020-07-14,Kolkata,Diesel,76.17
2020-07-14,Kolkata,Petrol,82.1
2020-07-14,Mumbai,Diesel,79.27
2020-07-14,Mumbai,Petrol,87.19
2020-07-15,Chennai,Diesel,78.22
2020-07-15,Chennai,Petrol,83.63
2020-07-15,Delhi,Diesel,81.18
2020-07-15,Delhi,Petrol,80.43
2020-07-15,Kolkata,Diesel,76.33
2020-07-15,Kolkata,Petrol,82.1
2020-07-15,Mumbai,Diesel,79.4
2020-07-15,Mumbai,Petrol,87.19
2020-07-16,Chennai,Diesel,78.22
2020-07-16,Chennai,Petrol,83.63
2020-07-16,Delhi,Diesel,81.18
2020-07-16,Delhi,Petrol,80.43
2020-07-16,Kolkata,Diesel,76.33
2020-07-16,Kolkata,Petrol,82.1
2020-07-16,Mumbai,Diesel,79.4
2020-07-16,Mumbai,Petrol,87.19
2020-07-17,Chennai,Diesel,78.37
2020-07-17,Chennai,Petrol,83.63
2020-07-17,Delhi,Diesel,81.35
2020-07-17,Delhi,Petrol,80.43
2020-07-17,Kolkata,Diesel,76.49
2020-07-17,Kolkata,Petrol,82.1
2020-07-17,Mumbai,Diesel,79.56
2020-07-17,Mumbai,Petrol,87.19
2020-07-18,Chennai,Diesel,78.5
2020-07-18,Chennai,Petrol,83.63
2020-07-18,Delhi,Diesel,81.52
2020-07-18,Delhi,Petrol,80.43
2020-07-18,Kolkata,Diesel,76.67
2020-07-18,Kolkata,Petrol,82.1
2020-07-18,Mumbai,Diesel,79.71
2020-07-18,Mumbai,Petrol,87.19
2020-07-19,Chennai,Diesel,78.5
2020-07-19,Chennai,Petrol,83.63
2020-07-19,Delhi,Diesel,81.52
2020-07-19,Delhi,Petrol,80.43
2020-07-19,Kolkata,Diesel,76.67
2020-07-19,Kolkata,Petrol,82.1
2020-07-19,Mumbai,Diesel,79.71
2020-07-19,Mumbai,Petrol,87.19
2020-07-20,Chennai,Diesel,78.6
2020-07-20,Chennai,Petrol,83.63
2020-07-20,Delhi,Diesel,81.64
2020-07-20,Delhi,Petrol,80.43
2020-07-20,Kolkata,Diesel,76.77
2020-07-20,Kolkata,Petrol,82.1
2020-07-20,Mumbai,Diesel,79.83
2020-07-20,Mumbai,Petrol,87.19
2020-07-21,Chennai,Diesel,78.6
2020-07-21,Chennai,Petrol,83.63
2020-07-21,Delhi,Diesel,81.64
2020-07-21,Delhi,Petrol,80.43
2020-07-21,Kolkata,Diesel,76.77
2020-07-21,Kolkata,Petrol,82.1
2020-07-21,Mumbai,Diesel,79.83
2020-07-21,Mumbai,Petrol,87.19
2020-07-22,Chennai,Diesel,78.6
2020-07-22,Chennai,Petrol,83.63
2020-07-22,Delhi,Diesel,81.64
2020-07-22,Delhi,Petrol,80.43
2020-07-22,Kolkata,Diesel,76.77
2020-07-22,Kolkata,Petrol,82.1
2020-07-22,Mumbai,Diesel,79.83
2020-07-22,Mumbai,Petrol,87.19
2020-07-23,Chennai,Diesel,78.6
2020-07-23,Chennai,Petrol,83.63
2020-07-23,Delhi,Diesel,81.64
2020-07-23,Delhi,Petrol,80.43
2020-07-23,Kolkata,Diesel,76.77
2020-07-23,Kolkata,Petrol,82.1
2020-07-23,Mumbai,Diesel,79.83
2020-07-23,Mumbai,Petrol,87.19
2020-07-24,Chennai,Diesel,78.6
2020-07-24,Chennai,Petrol,83.63
2020-07-24,Delhi,Diesel,81.64
2020-07-24,Delhi,Petrol,80.43
2020-07-24,Kolkata,Diesel,76.77
2020-07-24,Kolkata,Petrol,82.1
2020-07-24,Mumbai,Diesel,79.83
2020-07-24,Mumbai,Petrol,87.19
2020-07-25,Chennai,Diesel,78.73
2020-07-25,Chennai,Petrol,83.63
2020-07-25,Delhi,Diesel,81.79
2020-07-25,Delhi,Petrol,80.43
2020-07-25,Kolkata,Diesel,76.91
2020-07-25,Kolkata,Petrol,82.1
2020-07-25,Mumbai,Diesel,79.97
2020-07-25,Mumbai,Petrol,87.19
2020-07-26,Chennai,Diesel,78.86
2020-07-26,Chennai,Petrol,83.63
2020-07-26,Delhi,Diesel,81.94
2020-07-26,Delhi,Petrol,80.43
2020-07-26,Kolkata,Diesel,77.04
2020-07-26,Kolkata,Petrol,82.1
2020-07-26,Mumbai,Diesel,80.11
2020-07-26,Mumbai,Petrol,87.19
2020-07-27,Chennai,Diesel,78.86
2020-07-27,Chennai,Petrol,83.63
2020-07-27,Delhi,Diesel,81.94
2020-07-27,Delhi,Petrol,80.43
2020-07-27,Kolkata,Diesel,77.04
2020-07-27,Kolkata,Petrol,82.1
2020-07-27,Mumbai,Diesel,80.11
2020-07-27,Mumbai,Petrol,87.19
2020-07-28,Chennai,Diesel,78.86
2020-07-28,Chennai,Petrol,83.63
2020-07-28,Delhi,Diesel,81.94
2020-07-28,Delhi,Petrol,80.43
2020-07-28,Kolkata,Diesel,77.04
2020-07-28,Kolkata,Petrol,82.1
2020-07-28,Mumbai,Diesel,80.11
2020-07-28,Mumbai,Petrol,87.19
2020-07-29,Chennai,Diesel,78.86
2020-07-29,Chennai,Petrol,83.63
2020-07-29,Delhi,Diesel,81.94
2020-07-29,Delhi,Petrol,80.43
2020-07-29,Kolkata,Diesel,77.04
2020-07-29,Kolkata,Petrol,82.1
2020-07-29,Mumbai,Diesel,80.11
2020-07-29,Mumbai,Petrol,87.19
2020-07-30,Chennai,Diesel,78.86
2020-07-30,Chennai,Petrol,83.63
2020-07-30,Delhi,Diesel,81.94
2020-07-30,Delhi,Petrol,80.43
2020-07-30,Kolkata,Diesel,77.04
2020-07-30,Kolkata,Petrol,82.1
2020-07-30,Mumbai,Diesel,80.11
2020-07-30,Mumbai,Petrol,87.19
2020-07-31,Chennai,Diesel,78.86
2020-07-31,Chennai,Petrol,83.63
2020-07-31,Delhi,Diesel,73.56
2020-07-31,Delhi,Petrol,80.43
2020-07-31,Kolkata,Diesel,77.04
2020-07-31,Kolkata,Petrol,82.1
2020-07-31,Mumbai,Diesel,80.11
2020-07-31,Mumbai,Petrol,87.19
2020-08-01,Chennai,Diesel,78.86
2020-08-01,Chennai,Petrol,83.63
2020-08-01,Delhi,Diesel,73.56
2020-08-01,Delhi,Petrol,80.43
2020-08-01,Kolkata,Diesel,77.06
2020-08-01,Kolkata,Petrol,82.05
2020-08-01,Mumbai,Diesel,80.11
2020-08-01,Mumbai,Petrol,87.19
2020-08-02,Chennai,Diesel,78.86
2020-08-02,Chennai,Petrol,83.63
2020-08-02,Delhi,Diesel,73.56
2020-08-02,Delhi,Petrol,80.43
2020-08-02,Kolkata,Diesel,77.06
2020-08-02,Kolkata,Petrol,82.05
2020-08-02,Mumbai,Diesel,80.11
2020-08-02,Mumbai,Petrol,87.19
2020-08-03,Chennai,Diesel,78.86
2020-08-03,Chennai,Petrol,83.63
2020-08-03,Delhi,Diesel,73.56
2020-08-03,Delhi,Petrol,80.43
2020-08-03,Kolkata,Diesel,77.06
2020-08-03,Kolkata,Petrol,82.05
2020-08-03,Mumbai,Diesel,80.11
2020-08-03,Mumbai,Petrol,87.19
2020-08-04,Chennai,Diesel,78.86
2020-08-04,Chennai,Petrol,83.63
2020-08-04,Delhi,Diesel,73.56
2020-08-04,Delhi,Petrol,80.43
2020-08-04,Kolkata,Diesel,77.06
2020-08-04,Kolkata,Petrol,82.05
2020-08-04,Mumbai,Diesel,80.11
2020-08-04,Mumbai,Petrol,87.19
2020-08-05,Chennai,Diesel,78.86
2020-08-05,Chennai,Petrol,83.63
2020-08-05,Delhi,Diesel,73.56
2020-08-05,Delhi,Petrol,80.43
2020-08-05,Kolkata,Diesel,77.06
2020-08-05,Kolkata,Petrol,82.05
2020-08-05,Mumbai,Diesel,80.11
2020-08-05,Mumbai,Petrol,87.19
2020-08-06,Chennai,Diesel,78.86
2020-08-06,Chennai,Petrol,83.63
2020-08-06,Delhi,Diesel,73.56
2020-08-06,Delhi,Petrol,80.43
2020-08-06,Kolkata,Diesel,77.06
2020-08-06,Kolkata,Petrol,82.05
2020-08-06,Mumbai,Diesel,80.11
2020-08-06,Mumbai,Petrol,87.19
2020-08-07,Chennai,Diesel,78.86
2020-08-07,Chennai,Petrol,83.63
2020-08-07,Delhi,Diesel,73.56
2020-08-07,Delhi,Petrol,80.43
2020-08-07,Kolkata,Diesel,77.06
2020-08-07,Kolkata,Petrol,82.05
2020-08-07,Mumbai,Diesel,80.11
2020-08-07,Mumbai,Petrol,87.19
2020-08-08,Chennai,Diesel,78.86
2020-08-08,Chennai,Petrol,83.63
2020-08-08,Delhi,Diesel,73.56
2020-08-08,Delhi,Petrol,80.43
2020-08-08,Kolkata,Diesel,77.06
2020-08-08,Kolkata,Petrol,82.05
2020-08-08,Mumbai,Diesel,80.11
2020-08-08,Mumbai,Petrol,87.19
2020-08-09,Chennai,Diesel,78.86
2020-08-09,Chennai,Petrol,83.63
2020-08-09,Delhi,Diesel,73.56
2020-08-09,Delhi,Petrol,80.43
2020-08-09,Kolkata,Diesel,77.06
2020-08-09,Kolkata,Petrol,82.05
2020-08-09,Mumbai,Diesel,80.11
2020-08-09,Mumbai,Petrol,87.19
2020-08-10,Chennai,Diesel,78.86
2020-08-10,Chennai,Petrol,83.63
2020-08-10,Delhi,Diesel,73.56
2020-08-10,Delhi,Petrol,80.43
2020-08-10,Kolkata,Diesel,77.06
2020-08-10,Kolkata,Petrol,82.05
2020-08-10,Mumbai,Diesel,80.11
2020-08-10,Mumbai,Petrol,87.19
2020-08-11,Chennai,Diesel,78.86
2020-08-11,Chennai,Petrol,83.63
2020-08-11,Delhi,Diesel,73.56
2020-08-11,Delhi,Petrol,80.43
2020-08-11,Kolkata,Diesel,77.06
2020-08-11,Kolkata,Petrol,82.05
2020-08-11,Mumbai,Diesel,80.11
2020-08-11,Mumbai,Petrol,87.19
2020-08-12,Chennai,Diesel,78.86
2020-08-12,Chennai,Petrol,83.63
2020-08-12,Delhi,Diesel,73.56
2020-08-12,Delhi,Petrol,80.43
2020-08-12,Kolkata,Diesel,77.06
2020-08-12,Kolkata,Petrol,82.05
2020-08-12,Mumbai,Diesel,80.11
2020-08-12,Mumbai,Petrol,87.19
2020-08-13,Chennai,Diesel,78.86
2020-08-13,Chennai,Petrol,83.63
2020-08-13,Delhi,Diesel,73.56
2020-08-13,Delhi,Petrol,80.43
2020-08-13,Kolkata,Diesel,77.06
2020-08-13,Kolkata,Petrol,82.05
2020-08-13,Mumbai,Diesel,80.11
2020-08-13,Mumbai,Petrol,87.19
2020-08-14,Chennai,Diesel,78.86
2020-08-14,Chennai,Petrol,83.63
2020-08-14,Delhi,Diesel,73.56
2020-08-14,Delhi,Petrol,80.43
2020-08-14,Kolkata,Diesel,77.06
2020-08-14,Kolkata,Petrol,82.05
2020-08-14,Mumbai,Diesel,80.11
2020-08-14,Mumbai,Petrol,87.19
2020-08-15,Chennai,Diesel,78.86
2020-08-15,Chennai,Petrol,83.63
2020-08-15,Delhi,Diesel,73.56
2020-08-15,Delhi,Petrol,80.43
2020-08-15,Kolkata,Diesel,77.06
2020-08-15,Kolkata,Petrol,82.05
2020-08-15,Mumbai,Diesel,80.11
2020-08-15,Mumbai,Petrol,87.19
2020-08-16,Chennai,Diesel,78.86
2020-08-16,Chennai,Petrol,83.75
2020-08-16,Delhi,Diesel,73.56
2020-08-16,Delhi,Petrol,80.57
2020-08-16,Kolkata,Diesel,77.06
2020-08-16,Kolkata,Petrol,82.17
2020-08-16,Mumbai,Diesel,80.11
2020-08-16,Mumbai,Petrol,87.31
2020-08-17,Chennai,Diesel,78.86
2020-08-17,Chennai,Petrol,83.87
2020-08-17,Delhi,Diesel,73.56
2020-08-17,Delhi,Petrol,80.73
2020-08-17,Kolkata,Diesel,77.06
2020-08-17,Kolkata,Petrol,82.3
2020-08-17,Mumbai,Diesel,80.11
2020-08-17,Mumbai,Petrol,87.45
2020-08-18,Chennai,Diesel,78.86
2020-08-18,Chennai,Petrol,83.99
2020-08-18,Delhi,Diesel,73.56
2020-08-18,Delhi,Petrol,80.9
2020-08-18,Kolkata,Diesel,77.06
2020-08-18,Kolkata,Petrol,82.43
2020-08-18,Mumbai,Diesel,80.11
2020-08-18,Mumbai,Petrol,87.58
2020-08-19,Chennai,Diesel,78.86
2020-08-19,Chennai,Petrol,83.99
2020-08-19,Delhi,Diesel,73.56
2020-08-19,Delhi,Petrol,80.9
2020-08-19,Kolkata,Diesel,77.06
2020-08-19,Kolkata,Petrol,82.43
2020-08-19,Mumbai,Diesel,80.11
2020-08-19,Mumbai,Petrol,87.58
2020-08-20,Chennai,Diesel,78.86
2020-08-20,Chennai,Petrol,84.09
2020-08-20,Delhi,Diesel,73.56
2020-08-20,Delhi,Petrol,81.0
2020-08-20,Kolkata,Diesel,77.06
2020-08-20,Kolkata,Petrol,82.53
2020-08-20,Mumbai,Diesel,80.11
2020-08-20,Mumbai,Petrol,87.68
2020-08-21,Chennai,Diesel,78.86
2020-08-21,Chennai,Petrol,84.26
2020-08-21,Delhi,Diesel,73.56
2020-08-21,Delhi,Petrol,81.19
2020-08-21,Kolkata,Diesel,77.06
2020-08-21,Kolkata,Petrol,82.72
2020-08-21,Mumbai,Diesel,80.11
2020-08-21,Mumbai,Petrol,87.87
2020-08-22,Chennai,Diesel,78.86
2020-08-22,Chennai,Petrol,84.4
2020-08-22,Delhi,Diesel,73.56
2020-08-22,Delhi,Petrol,81.35
2020-08-22,Kolkata,Diesel,77.06
2020-08-22,Kolkata,Petrol,82.87
2020-08-22,Mumbai,Diesel,80.11
2020-08-22,Mumbai,Petrol,88.02
2020-08-23,Chennai,Diesel,78.86
2020-08-23,Chennai,Petrol,84.52
2020-08-23,Delhi,Diesel,73.56
2020-08-23,Delhi,Petrol,81.49
2020-08-23,Kolkata,Diesel,77.06
2020-08-23,Kolkata,Petrol,83.01
2020-08-23,Mumbai,Diesel,80.11
2020-08-23,Mumbai,Petrol,88.16
2020-08-24,Chennai,Diesel,78.86
2020-08-24,Chennai,Petrol,84.64
2020-08-24,Delhi,Diesel,73.56
2020-08-24,Delhi,Petrol,81.62
2020-08-24,Kolkata,Diesel,77.06
2020-08-24,Kolkata,Petrol,83.13
2020-08-24,Mumbai,Diesel,80.11
2020-08-24,Mumbai,Petrol,88.28
2020-08-25,Chennai,Diesel,78.86
2020-08-25,Chennai,Petrol,84.73
2020-08-25,Delhi,Diesel,73.56
2020-08-25,Delhi,Petrol,81.73
2020-08-25,Kolkata,Diesel,77.06
2020-08-25,Kolkata,Petrol,83.24
2020-08-25,Mumbai,Diesel,80.11
2020-08-25,Mumbai,Petrol,88.39
2020-08-26,Chennai,Diesel,78.86
2020-08-26,Chennai,Petrol,84.73
2020-08-26,Delhi,Diesel,73.56
2020-08-26,Delhi,Petrol,81.73
2020-08-26,Kolkata,Diesel,77.06
2020-08-26,Kolkata,Petrol,83.24
2020-08-26,Mumbai,Diesel,80.11
2020-08-26,Mumbai,Petrol,88.39
2020-08-27,Chennai,Diesel,78.86
2020-08-27,Chennai,Petrol,84.82
2020-08-27,Delhi,Diesel,73.56
2020-08-27,Delhi,Petrol,81.83
2020-08-27,Kolkata,Diesel,77.06
2020-08-27,Kolkata,Petrol,83.33
2020-08-27,Mumbai,Diesel,80.11
2020-08-27,Mumbai,Petrol,88.48
2020-08-28,Chennai,Diesel,78.86
2020-08-28,Chennai,Petrol,84.91
2020-08-28,Delhi,Diesel,73.56
2020-08-28,Delhi,Petrol,81.94
2020-08-28,Kolkata,Diesel,77.06
2020-08-28,Kolkata,Petrol,83.43
2020-08-28,Mumbai,Diesel,80.11
2020-08-28,Mumbai,Petrol,88.58
2020-08-29,Chennai,Diesel,78.86
2020-08-29,Chennai,Petrol,84.91
2020-08-29,Delhi,Diesel,73.56
2020-08-29,Delhi,Petrol,81.94
2020-08-29,Kolkata,Diesel,77.06
2020-08-29,Kolkata,Petrol,83.43
2020-08-29,Mumbai,Diesel,80.11
2020-08-29,Mumbai,Petrol,88.58
2020-08-30,Chennai,Diesel,78.86
2020-08-30,Chennai,Petrol,85.0
2020-08-30,Delhi,Diesel,73.56
2020-08-30,Delhi,Petrol,82.03
2020-08-30,Kolkata,Diesel,77.06
2020-08-30,Kolkata,Petrol,83.52
2020-08-30,Mumbai,Diesel,80.11
2020-08-30,Mumbai,Petrol,88.68
2020-08-31,Chennai,Diesel,78.86
2020-08-31,Chennai,Petrol,85.0
2020-08-31,Delhi,Diesel,73.56
2020-08-31,Delhi,Petrol,82.03
2020-08-31,Kolkata,Diesel,77.06
2020-08-31,Kolkata,Petrol,83.52
2020-08-31,Mumbai,Diesel,80.11
2020-08-31,Mumbai,Petrol,88.68
2020-09-01,Chennai,Diesel,78.86
2020-09-01,Chennai,Petrol,85.04
2020-09-01,Delhi,Diesel,73.56
2020-09-01,Delhi,Petrol,82.08
2020-09-01,Kolkata,Diesel,77.06
2020-09-01,Kolkata,Petrol,83.57
2020-09-01,Mumbai,Diesel,80.11
2020-09-01,Mumbai,Petrol,88.73
2020-09-02,Chennai,Diesel,78.86
2020-09-02,Chennai,Petrol,85.04
2020-09-02,Delhi,Diesel,73.56
2020-09-02,Delhi,Petrol,82.08
2020-09-02,Kolkata,Diesel,77.06
2020-09-02,Kolkata,Petrol,83.57
2020-09-02,Mumbai,Diesel,80.11
2020-09-02,Mumbai,Petrol,88.73
2020-09-03,Chennai,Diesel,78.71
2020-09-03,Chennai,Petrol,85.04
2020-09-03,Delhi,Diesel,73.4
2020-09-03,Delhi,Petrol,82.08
2020-09-03,Kolkata,Diesel,76.9
2020-09-03,Kolkata,Petrol,83.57
2020-09-03,Mumbai,Diesel,79.94
2020-09-03,Mumbai,Petrol,88.73
2020-09-04,Chennai,Diesel,78.71
2020-09-04,Chennai,Petrol,85.04
2020-09-04,Delhi,Diesel,73.4
2020-09-04,Delhi,Petrol,82.08
2020-09-04,Kolkata,Diesel,76.9
2020-09-04,Kolkata,Petrol,83.57
2020-09-04,Mumbai,Diesel,79.94
2020-09-04,Mumbai,Petrol,88.73
2020-09-05,Chennai,Diesel,78.58
2020-09-05,Chennai,Petrol,85.04
2020-09-05,Delhi,Diesel,73.27
2020-09-05,Delhi,Petrol,82.08
2020-09-05,Kolkata,Diesel,76.77
2020-09-05,Kolkata,Petrol,83.57
2020-09-05,Mumbai,Diesel,79.81
2020-09-05,Mumbai,Petrol,88.73
2020-09-06,Chennai,Diesel,78.58
2020-09-06,Chennai,Petrol,85.04
2020-09-06,Delhi,Diesel,73.27
2020-09-06,Delhi,Petrol,82.08
2020-09-06,Kolkata,Diesel,76.77
2020-09-06,Kolkata,Petrol,83.57
2020-09-06,Mumbai,Diesel,79.81
2020-09-06,Mumbai,Petrol,88.73
2020-09-07,Chennai,Diesel,78.48
2020-09-07,Chennai,Petrol,85.04
2020-09-07,Delhi,Diesel,73.16
2020-09-07,Delhi,Petrol,82.08
2020-09-07,Kolkata,Diesel,76.66
2020-09-07,Kolkata,Petrol,83.57
2020-09-07,Mumbai,Diesel,79.69
2020-09-07,Mumbai,Petrol,88.73
2020-09-08,Chennai,Diesel,78.48
2020-09-08,Chennai,Petrol,85.04
2020-09-08,Delhi,Diesel,73.16
2020-09-08,Delhi,Petrol,82.08
2020-09-08,Kolkata,Diesel,76.66
2020-09-08,Kolkata,Petrol,83.57
2020-09-08,Mumbai,Diesel,79.69
2020-09-08,Mumbai,Petrol,88.73
2020-09-09,Chennai,Diesel,78.48
2020-09-09,Chennai,Petrol,85.04
2020-09-09,Delhi,Diesel,73.16
2020-09-09,Delhi,Petrol,82.08
2020-09-09,Kolkata,Diesel,76.66
2020-09-09,Kolkata,Petrol,83.57
2020-09-09,Mumbai,Diesel,79.69
2020-09-09,Mumbai,Petrol,88.73
2020-09-10,Chennai,Diesel,78.38
2020-09-10,Chennai,Petrol,84.96
2020-09-10,Delhi,Diesel,73.05
2020-09-10,Delhi,Petrol,81.99
2020-09-10,Kolkata,Diesel,76.55
2020-09-10,Kolkata,Petrol,83.49
2020-09-10,Mumbai,Diesel,79.57
2020-09-10,Mumbai,Petrol,88.64
2020-09-11,Chennai,Diesel,78.38
2020-09-11,Chennai,Petrol,84.96
2020-09-11,Delhi,Diesel,73.05
2020-09-11,Delhi,Petrol,81.99
2020-09-11,Kolkata,Diesel,76.55
2020-09-11,Kolkata,Petrol,83.49
2020-09-11,Mumbai,Diesel,79.57
2020-09-11,Mumbai,Petrol,88.64
2020-09-12,Chennai,Diesel,78.26
2020-09-12,Chennai,Petrol,84.85
2020-09-12,Delhi,Diesel,72.93
2020-09-12,Delhi,Petrol,81.86
2020-09-12,Kolkata,Diesel,76.43
2020-09-12,Kolkata,Petrol,83.36
2020-09-12,Mumbai,Diesel,79.45
2020-09-12,Mumbai,Petrol,88.51
2020-09-13,Chennai,Diesel,78.26
2020-09-13,Chennai,Petrol,84.85
2020-09-13,Delhi,Diesel,72.93
2020-09-13,Delhi,Petrol,81.86
2020-09-13,Kolkata,Diesel,76.43
2020-09-13,Kolkata,Petrol,83.36
2020-09-13,Mumbai,Diesel,79.45
2020-09-13,Mumbai,Petrol,88.51
2020-09-14,Chennai,Diesel,78.12
2020-09-14,Chennai,Petrol,84.72
2020-09-14,Delhi,Diesel,72.78
2020-09-14,Delhi,Petrol,81.72
2020-09-14,Kolkata,Diesel,76.28
2020-09-14,Kolkata,Petrol,83.23
2020-09-14,Mumbai,Diesel,79.29
2020-09-14,Mumbai,Petrol,88.38
2020-09-15,Chennai,Diesel,77.91
2020-09-15,Chennai,Petrol,84.57
2020-09-15,Delhi,Diesel,72.56
2020-09-15,Delhi,Petrol,81.55
2020-09-15,Kolkata,Diesel,76.06
2020-09-15,Kolkata,Petrol,83.06
2020-09-15,Mumbai,Diesel,79.05
2020-09-15,Mumbai,Petrol,88.21
2020-09-16,Chennai,Diesel,77.91
2020-09-16,Chennai,Petrol,84.57
2020-09-16,Delhi,Diesel,72.56
2020-09-16,Delhi,Petrol,81.55
2020-09-16,Kolkata,Diesel,76.06
2020-09-16,Kolkata,Petrol,83.06
2020-09-16,Mumbai,Diesel,79.05
2020-09-16,Mumbai,Petrol,88.21
2020-09-17,Chennai,Diesel,77.73
2020-09-17,Chennai,Petrol,84.44
2020-09-17,Delhi,Diesel,72.37
2020-09-17,Delhi,Petrol,81.4
2020-09-17,Kolkata,Diesel,75.87
2020-09-17,Kolkata,Petrol,82.92
2020-09-17,Mumbai,Diesel,78.85
2020-09-17,Mumbai,Petrol,88.07
2020-09-18,Chennai,Diesel,77.4
2020-09-18,Chennai,Petrol,84.21
2020-09-18,Delhi,Diesel,72.02
2020-09-18,Delhi,Petrol,81.14
2020-09-18,Kolkata,Diesel,75.52
2020-09-18,Kolkata,Petrol,82.67
2020-09-18,Mumbai,Diesel,78.48
2020-09-18,Mumbai,Petrol,87.82
2020-09-19,Chennai,Diesel,77.21
2020-09-19,Chennai,Petrol,84.21
2020-09-19,Delhi,Diesel,71.82
2020-09-19,Delhi,Petrol,81.14
2020-09-19,Kolkata,Diesel,75.32
2020-09-19,Kolkata,Petrol,82.67
2020-09-19,Mumbai,Diesel,78.27
2020-09-19,Mumbai,Petrol,87.82
2020-09-20,Chennai,Diesel,76.99
2020-09-20,Chennai,Petrol,84.21
2020-09-20,Delhi,Diesel,71.58
2020-09-20,Delhi,Petrol,81.14
2020-09-20,Kolkata,Diesel,75.09
2020-09-20,Kolkata,Petrol,82.67
2020-09-20,Mumbai,Diesel,78.02
2020-09-20,Mumbai,Petrol,87.82
2020-09-21,Chennai,Diesel,76.85
2020-09-21,Chennai,Petrol,84.21
2020-09-21,Delhi,Diesel,71.43
2020-09-21,Delhi,Petrol,81.14
2020-09-21,Kolkata,Diesel,74.94
2020-09-21,Kolkata,Petrol,82.67
2020-09-21,Mumbai,Diesel,77.87
2020-09-21,Mumbai,Petrol,87.82
2020-09-22,Chennai,Diesel,76.72
2020-09-22,Chennai,Petrol,84.14
2020-09-22,Delhi,Diesel,71.28
2020-09-22,Delhi,Petrol,81.06
2020-09-22,Kolkata,Diesel,74.8
2020-09-22,Kolkata,Petrol,82.59
2020-09-22,Mumbai,Diesel,77.73
2020-09-22,Mumbai,Petrol,87.74
2020-09-23,Chennai,Diesel,76.72
2020-09-23,Chennai,Petrol,84.14
2020-09-23,Delhi,Diesel,71.28
2020-09-23,Delhi,Petrol,81.06
2020-09-23,Kolkata,Diesel,74.8
2020-09-23,Kolkata,Petrol,82.59
2020-09-23,Mumbai,Diesel,77.73
2020-09-23,Mumbai,Petrol,87.74
2020-09-24,Chennai,Diesel,76.72
2020-09-24,Chennai,Petrol,84.14
2020-09-24,Delhi,Diesel,71.28
2020-09-24,Delhi,Petrol,81.06
2020-09-24,Kolkata,Diesel,74.8
2020-09-24,Kolkata,Petrol,82.59
2020-09-24,Mumbai,Diesel,77.73
2020-09-24,Mumbai,Petrol,87.74
2020-09-25,Chennai,Diesel,76.55
2020-09-25,Chennai,Petrol,84.14
2020-09-25,Delhi,Diesel,71.1
2020-09-25,Delhi,Petrol,81.06
2020-09-25,Kolkata,Diesel,74.62
2020-09-25,Kolkata,Petrol,82.59
2020-09-25,Mumbai,Diesel,77.53
2020-09-25,Mumbai,Petrol,87.74
2020-09-26,Chennai,Diesel,76.4
2020-09-26,Chennai,Petrol,84.14
2020-09-26,Delhi,Diesel,70.94
2020-09-26,Delhi,Petrol,81.06
2020-09-26,Kolkata,Diesel,74.46
2020-09-26,Kolkata,Petrol,82.59
2020-09-26,Mumbai,Diesel,77.36
2020-09-26,Mumbai,Petrol,87.74
2020-09-27,Chennai,Diesel,76.27
2020-09-27,Chennai,Petrol,84.14
2020-09-27,Delhi,Diesel,70.8
2020-09-27,Delhi,Petrol,81.06
2020-09-27,Kolkata,Diesel,74.32
2020-09-27,Kolkata,Petrol,82.59
2020-09-27,Mumbai,Diesel,77.22
2020-09-27,Mumbai,Petrol,87.74
2020-09-28,Chennai,Diesel,76.18
2020-09-28,Chennai,Petrol,84.14
2020-09-28,Delhi,Diesel,70.71
2020-09-28,Delhi,Petrol,81.06
2020-09-28,Kolkata,Diesel,74.23
2020-09-28,Kolkata,Petrol,82.59
2020-09-28,Mumbai,Diesel,77.12
2020-09-28,Mumbai,Petrol,87.74
2020-09-29,Chennai,Diesel,76.1
2020-09-29,Chennai,Petrol,84.14
2020-09-29,Delhi,Diesel,70.63
2020-09-29,Delhi,Petrol,81.06
2020-09-29,Kolkata,Diesel,74.15
2020-09-29,Kolkata,Petrol,82.59
2020-09-29,Mumbai,Diesel,77.04
2020-09-29,Mumbai,Petrol,87.74
2020-09-30,Chennai,Diesel,76.1
2020-09-30,Chennai,Petrol,84.14
2020-09-30,Delhi,Diesel,70.63
2020-09-30,Delhi,Petrol,81.06
2020-09-30,Kolkata,Diesel,74.15
2020-09-30,Kolkata,Petrol,82.59
2020-09-30,Mumbai,Diesel,77.04
2020-09-30,Mumbai,Petrol,87.74
2020-10-01,Chennai,Diesel,76.01
2020-10-01,Chennai,Petrol,84.14
2020-10-01,Delhi,Diesel,70.53
2020-10-01,Delhi,Petrol,81.06
2020-10-01,Kolkata,Diesel,74.05
2020-10-01,Kolkata,Petrol,82.59
2020-10-01,Mumbai,Diesel,76.93
2020-10-01,Mumbai,Petrol,87.74
2020-10-02,Chennai,Diesel,75.95
2020-10-02,Chennai,Petrol,84.14
2020-10-02,Delhi,Diesel,70.46
2020-10-02,Delhi,Petrol,81.06
2020-10-02,Kolkata,Diesel,73.99
2020-10-02,Kolkata,Petrol,82.59
2020-10-02,Mumbai,Diesel,76.86
2020-10-02,Mumbai,Petrol,87.74
2020-10-03,Chennai,Diesel,75.95
2020-10-03,Chennai,Petrol,84.14
2020-10-03,Delhi,Diesel,70.46
2020-10-03,Delhi,Petrol,81.06
2020-10-03,Kolkata,Diesel,73.99
2020-10-03,Kolkata,Petrol,82.59
2020-10-03,Mumbai,Diesel,76.86
2020-10-03,Mumbai,Petrol,87.74
2020-10-04,Chennai,Diesel,75.95
2020-10-04,Chennai,Petrol,84.14
2020-10-04,Delhi,Diesel,70.46
2020-10-04,Delhi,Petrol,81.06
2020-10-04,Kolkata,Diesel,73.99
2020-10-04,Kolkata,Petrol,82.59
2020-10-04,Mumbai,Diesel,76.86
2020-10-04,Mumbai,Petrol,87.74
2020-10-05,Chennai,Diesel,75.95
2020-10-05,Chennai,Petrol,84.14
2020-10-05,Delhi,Diesel,70.46
2020-10-05,Delhi,Petrol,81.06
2020-10-05,Kolkata,Diesel,73.99
2020-10-05,Kolkata,Petrol,82.59
2020-10-05,Mumbai,Diesel,76.86
2020-10-05,Mumbai,Petrol,87.74
2020-10-06,Chennai,Diesel,75.95
2020-10-06,Chennai,Petrol,84.14
2020-10-06,Delhi,Diesel,70.46
2020-10-06,Delhi,Petrol,81.06
2020-10-06,Kolkata,Diesel,73.99
2020-10-06,Kolkata,Petrol,82.59
2020-10-06,Mumbai,Diesel,76.86
2020-10-06,Mumbai,Petrol,87.74
2020-10-07,Chennai,Diesel,75.95
2020-10-07,Chennai,Petrol,84.14
2020-10-07,Delhi,Diesel,70.46
2020-10-07,Delhi,Petrol,81.06
2020-10-07,Kolkata,Diesel,73.99
2020-10-07,Kolkata,Petrol,82.59
2020-10-07,Mumbai,Diesel,76.86
2020-10-07,Mumbai,Petrol,87.74
2020-10-08,Chennai,Diesel,75.95
2020-10-08,Chennai,Petrol,84.14
2020-10-08,Delhi,Diesel,70.46
2020-10-08,Delhi,Petrol,81.06
2020-10-08,Kolkata,Diesel,73.99
2020-10-08,Kolkata,Petrol,82.59
2020-10-08,Mumbai,Diesel,76.86
2020-10-08,Mumbai,Petrol,87.74
2020-10-09,Chennai,Diesel,75.95
2020-10-09,Chennai,Petrol,84.14
2020-10-09,Delhi,Diesel,70.46
2020-10-09,Delhi,Petrol,81.06
2020-10-09,Kolkata,Diesel,73.99
2020-10-09,Kolkata,Petrol,82.59
2020-10-09,Mumbai,Diesel,76.86
2020-10-09,Mumbai,Petrol,87.74
2020-10-10,Chennai,Diesel,75.95
2020-10-10,Chennai,Petrol,84.14
2020-10-10,Delhi,Diesel,70.46
2020-10-10,Delhi,Petrol,81.06
2020-10-10,Kolkata,Diesel,73.99
2020-10-10,Kolkata,Petrol,82.59
2020-10-10,Mumbai,Diesel,76.86
2020-10-10,Mumbai,Petrol,87.74
2020-10-11,Chennai,Diesel,75.95
2020-10-11,Chennai,Petrol,84.14
2020-10-11,Delhi,Diesel,70.46
2020-10-11,Delhi,Petrol,81.06
2020-10-11,Kolkata,Diesel,73.99
2020-10-11,Kolkata,Petrol,82.59
2020-10-11,Mumbai,Diesel,76.86
2020-10-11,Mumbai,Petrol,87.74
2020-10-12,Chennai,Diesel,75.95
2020-10-12,Chennai,Petrol,84.14
2020-10-12,Delhi,Diesel,70.46
2020-10-12,Delhi,Petrol,81.06
2020-10-12,Kolkata,Diesel,73.99
2020-10-12,Kolkata,Petrol,82.59
2020-10-12,Mumbai,Diesel,76.86
2020-10-12,Mumbai,Petrol,87.74
2020-10-13,Chennai,Diesel,75.95
2020-10-13,Chennai,Petrol,84.14
2020-10-13,Delhi,Diesel,70.46
2020-10-13,Delhi,Petrol,81.06
2020-10-13,Kolkata,Diesel,73.99
2020-10-13,Kolkata,Petrol,82.59
2020-10-13,Mumbai,Diesel,76.86
2020-10-13,Mumbai,Petrol,87.74
2020-10-14,Chennai,Diesel,75.95
2020-10-14,Chennai,Petrol,84.14
2020-10-14,Delhi,Diesel,70.46
2020-10-14,Delhi,Petrol,81.06
2020-10-14,Kolkata,Diesel,73.99
2020-10-14,Kolkata,Petrol,82.59
2020-10-14,Mumbai,Diesel,76.86
2020-10-14,Mumbai,Petrol,87.74
2020-10-15,Chennai,Diesel,75.95
2020-10-15,Chennai,Petrol,84.14
2020-10-15,Delhi,Diesel,70.46
2020-10-15,Delhi,Petrol,81.06
2020-10-15,Kolkata,Diesel,73.99
2020-10-15,Kolkata,Petrol,82.59
2020-10-15,Mumbai,Diesel,76.86
2020-10-15,Mumbai,Petrol,87.74
2020-10-16,Chennai,Diesel,75.95
2020-10-16,Chennai,Petrol,84.14
2020-10-16,Delhi,Diesel,70.46
2020-10-16,Delhi,Petrol,81.06
2020-10-16,Kolkata,Diesel,73.99
2020-10-16,Kolkata,Petrol,82.59
2020-10-16,Mumbai,Diesel,76.86
2020-10-16,Mumbai,Petrol,87.74
2020-10-17,Chennai,Diesel,75.95
2020-10-17,Chennai,Petrol,84.14
2020-10-17,Delhi,Diesel,70.46
2020-10-17,Delhi,Petrol,81.06
2020-10-17,Kolkata,Diesel,73.99
2020-10-17,Kolkata,Petrol,82.59
2020-10-17,Mumbai,Diesel,76.86
2020-10-17,Mumbai,Petrol,87.74
2020-10-18,Chennai,Diesel,75.95
2020-10-18,Chennai,Petrol,84.14
2020-10-18,Delhi,Diesel,70.46
2020-10-18,Delhi,Petrol,81.06
2020-10-18,Kolkata,Diesel,73.99
2020-10-18,Kolkata,Petrol,82.59
2020-10-18,Mumbai,Diesel,76.86
2020-10-18,Mumbai,Petrol,87.74
2020-10-19,Chennai,Diesel,75.95
2020-10-19,Chennai,Petrol,84.14
2020-10-19,Delhi,Diesel,70.46
2020-10-19,Delhi,Petrol,81.06
2020-10-19,Kolkata,Diesel,73.99
2020-10-19,Kolkata,Petrol,82.59
2020-10-19,Mumbai,Diesel,76.86
2020-10-19,Mumbai,Petrol,87.74
2020-10-20,Chennai,Diesel,75.95
2020-10-20,Chennai,Petrol,84.14
2020-10-20,Delhi,Diesel,70.46
2020-10-20,Delhi,Petrol,81.06
2020-10-20,Kolkata,Diesel,73.99
2020-10-20,Kolkata,Petrol,82.59
2020-10-20,Mumbai,Diesel,76.86
2020-10-20,Mumbai,Petrol,87.74
2020-10-21,Chennai,Diesel,75.95
2020-10-21,Chennai,Petrol,84.14
2020-10-21,Delhi,Diesel,70.46
2020-10-21,Delhi,Petrol,81.06
2020-10-21,Kolkata,Diesel,73.99
2020-10-21,Kolkata,Petrol,82.59
2020-10-21,Mumbai,Diesel,76.86
2020-10-21,Mumbai,Petrol,87.74
2020-10-22,Chennai,Diesel,75.95
2020-10-22,Chennai,Petrol,84.14
2020-10-22,Delhi,Diesel,70.46
2020-10-22,Delhi,Petrol,81.06
2020-10-22,Kolkata,Diesel,73.99
2020-10-22,Kolkata,Petrol,82.59
2020-10-22,Mumbai,Diesel,76.86
2020-10-22,Mumbai,Petrol,87.74
2020-10-23,Chennai,Diesel,75.95
2020-10-23,Chennai,Petrol,84.14
2020-10-23,Delhi,Diesel,70.46
2020-10-23,Delhi,Petrol,81.06
2020-10-23,Kolkata,Diesel,73.99
2020-10-23,Kolkata,Petrol,82.59
2020-10-23,Mumbai,Diesel,76.86
2020-10-23,Mumbai,Petrol,87.74
2020-10-24,Chennai,Diesel,75.95
2020-10-24,Chennai,Petrol,84.14
2020-10-24,Delhi,Diesel,70.46
2020-10-24,Delhi,Petrol,81.06
2020-10-24,Kolkata,Diesel,73.99
2020-10-24,Kolkata,Petrol,82.59
2020-10-24,Mumbai,Diesel,76.86
2020-10-24,Mumbai,Petrol,87.74
2020-10-25,Chennai,Diesel,75.95
2020-10-25,Chennai,Petrol,84.14
2020-10-25,Delhi,Diesel,70.46
2020-10-25,Delhi,Petrol,81.06
2020-10-25,Kolkata,Diesel,73.99
2020-10-25,Kolkata,Petrol,82.59
2020-10-25,Mumbai,Diesel,76.86
2020-10-25,Mumbai,Petrol,87.74
2020-10-26,Chennai,Diesel,75.95
2020-10-26,Chennai,Petrol,84.14
2020-10-26,Delhi,Diesel,70.46
2020-10-26,Delhi,Petrol,81.06
2020-10-26,Kolkata,Diesel,73.99
2020-10-26,Kolkata,Petrol,82.59
2020-10-26,Mumbai,Diesel,76.86
2020-10-26,Mumbai,Petrol,87.74
2020-10-27,Chennai,Diesel,75.95
2020-10-27,Chennai,Petrol,84.14
2020-10-27,Delhi,Diesel,70.46
2020-10-27,Delhi,Petrol,81.06
2020-10-27,Kolkata,Diesel,73.99
2020-10-27,Kolkata,Petrol,82.59
2020-10-27,Mumbai,Diesel,76.86
2020-10-27,Mumbai,Petrol,87.74
2020-10-28,Chennai,Diesel,75.95
2020-10-28,Chennai,Petrol,84.14
2020-10-28,Delhi,Diesel,70.46
2020-10-28,Delhi,Petrol,81.06
2020-10-28,Kolkata,Diesel,73.99
2020-10-28,Kolkata,Petrol,82.59
2020-10-28,Mumbai,Diesel,76.86
2020-10-28,Mumbai,Petrol,87.74
2020-10-29,Chennai,Diesel,75.95
2020-10-29,Chennai,Petrol,84.14
2020-10-29,Delhi,Diesel,70.46
2020-10-29,Delhi,Petrol,81.06
2020-10-29,Kolkata,Diesel,73.99
2020-10-29,Kolkata,Petrol,82.59
2020-10-29,Mumbai,Diesel,76.86
2020-10-29,Mumbai,Petrol,87.74
2020-10-30,Chennai,Diesel,75.95
2020-10-30,Chennai,Petrol,84.14
2020-10-30,Delhi,Diesel,70.46
2020-10-30,Delhi,Petrol,81.06
2020-10-30,Kolkata,Diesel,73.99
2020-10-30,Kolkata,Petrol,82.59
2020-10-30,Mumbai,Diesel,76.86
2020-10-30,Mumbai,Petrol,87.74
2020-10-31,Chennai,Diesel,75.95
2020-10-31,Chennai,Petrol,84.14
2020-10-31,Delhi,Diesel,70.46
2020-10-31,Delhi,Petrol,81.06
2020-10-31,Kolkata,Diesel,73.99
2020-10-31,Kolkata,Petrol,82.59
2020-10-31,Mumbai,Diesel,76.86
2020-10-31,Mumbai,Petrol,87.74
2020-11-01,Chennai,Diesel,75.95
2020-11-01,Chennai,Petrol,84.14
2020-11-01,Delhi,Diesel,70.46
2020-11-01,Delhi,Petrol,81.06
2020-11-01,Kolkata,Diesel,73.99
2020-11-01,Kolkata,Petrol,82.59
2020-11-01,Mumbai,Diesel,76.86
2020-11-01,Mumbai,Petrol,87.74
2020-11-02,Chennai,Diesel,75.95
2020-11-02,Chennai,Petrol,84.14
2020-11-02,Delhi,Diesel,70.46
2020-11-02,Delhi,Petrol,81.06
2020-11-02,Kolkata,Diesel,73.99
2020-11-02,Kolkata,Petrol,82.59
2020-11-02,Mumbai,Diesel,76.86
2020-11-02,Mumbai,Petrol,87.74
2020-11-03,Chennai,Diesel,75.95
2020-11-03,Chennai,Petrol,84.14
2020-11-03,Delhi,Diesel,70.46
2020-11-03,Delhi,Petrol,81.06
2020-11-03,Kolkata,Diesel,73.99
2020-11-03,Kolkata,Petrol,82.59
2020-11-03,Mumbai,Diesel,76.86
2020-11-03,Mumbai,Petrol,87.74
2020-11-04,Chennai,Diesel,75.95
2020-11-04,Chennai,Petrol,84.14
2020-11-04,Delhi,Diesel,70.46
2020-11-04,Delhi,Petrol,81.06
2020-11-04,Kolkata,Diesel,73.99
2020-11-04,Kolkata,Petrol,82.59
2020-11-04,Mumbai,Diesel,76.86
2020-11-04,Mumbai,Petrol,87.74
2020-11-05,Chennai,Diesel,75.95
2020-11-05,Chennai,Petrol,84.14
2020-11-05,Delhi,Diesel,70.46
2020-11-05,Delhi,Petrol,81.06
2020-11-05,Kolkata,Diesel,73.99
2020-11-05,Kolkata,Petrol,82.59
2020-11-05,Mumbai,Diesel,76.86
2020-11-05,Mumbai,Petrol,87.74
2020-11-06,Chennai,Diesel,75.95
2020-11-06,Chennai,Petrol,84.14
2020-11-06,Delhi,Diesel,70.46
2020-11-06,Delhi,Petrol,81.06
2020-11-06,Kolkata,Diesel,73.99
2020-11-06,Kolkata,Petrol,82.59
2020-11-06,Mumbai,Diesel,76.86
2020-11-06,Mumbai,Petrol,87.74
2020-11-07,Chennai,Diesel,75.95
2020-11-07,Chennai,Petrol,84.14
2020-11-07,Delhi,Diesel,70.46
2020-11-07,Delhi,Petrol,81.06
2020-11-07,Kolkata,Diesel,73.99
2020-11-07,Kolkata,Petrol,82.59
2020-11-07,Mumbai,Diesel,76.86
2020-11-07,Mumbai,Petrol,87.74
2020-11-08,Chennai,Diesel,75.95
2020-11-08,Chennai,Petrol,84.14
2020-11-08,Delhi,Diesel,70.46
2020-11-08,Delhi,Petrol,81.06
2020-11-08,Kolkata,Diesel,73.99
2020-11-08,Kolkata,Petrol,82.59
2020-11-08,Mumbai,Diesel,76.86
2020-11-08,Mumbai,Petrol,87.74
2020-11-09,Chennai,Diesel,75.95
2020-11-09,Chennai,Petrol,84.14
2020-11-09,Delhi,Diesel,70.46
2020-11-09,Delhi,Petrol,81.06
2020-11-09,Kolkata,Diesel,73.99
2020-11-09,Kolkata,Petrol,82.59
2020-11-09,Mumbai,Diesel,76.86
2020-11-09,Mumbai,Petrol,87.74
2020-11-10,Chennai,Diesel,75.95
2020-11-10,Chennai,Petrol,84.14
2020-11-10,Delhi,Diesel,70.46
2020-11-10,Delhi,Petrol,81.06
2020-11-10,Kolkata,Diesel,73.99
2020-11-10,Kolkata,Petrol,82.59
2020-11-10,Mumbai,Diesel,76.86
2020-11-10,Mumbai,Petrol,87.74
2020-11-11,Chennai,Diesel,75.95
2020-11-11,Chennai,Petrol,84.14
2020-11-11,Delhi,Diesel,70.46
2020-11-11,Delhi,Petrol,81.06
2020-11-11,Kolkata,Diesel,73.99
2020-11-11,Kolkata,Petrol,82.59
2020-11-11,Mumbai,Diesel,76.86
2020-11-11,Mumbai,Petrol,87.74
2020-11-12,Chennai,Diesel,75.95
2020-11-12,Chennai,Petrol,84.14
2020-11-12,Delhi,Diesel,70.46
2020-11-12,Delhi,Petrol,81.06
2020-11-12,Kolkata,Diesel,73.99
2020-11-12,Kolkata,Petrol,82.59
2020-11-12,Mumbai,Diesel,76.86
2020-11-12,Mumbai,Petrol,87.74
2020-11-13,Chennai,Diesel,75.95
2020-11-13,Chennai,Petrol,84.14
2020-11-13,Delhi,Diesel,70.46
2020-11-13,Delhi,Petrol,81.06
2020-11-13,Kolkata,Diesel,73.99
2020-11-13,Kolkata,Petrol,82.59
2020-11-13,Mumbai,Diesel,76.86
2020-11-13,Mumbai,Petrol,87.74
2020-11-14,Chennai,Diesel,75.95
2020-11-14,Chennai,Petrol,84.14
2020-11-14,Delhi,Diesel,70.46
2020-11-14,Delhi,Petrol,81.06
2020-11-14,Kolkata,Diesel,73.99
2020-11-14,Kolkata,Petrol,82.59
2020-11-14,Mumbai,Diesel,76.86
2020-11-14,Mumbai,Petrol,87.74
2020-11-15,Chennai,Diesel,75.95
2020-11-15,Chennai,Petrol,84.14
2020-11-15,Delhi,Diesel,70.46
2020-11-15,Delhi,Petrol,81.06
2020-11-15,Kolkata,Diesel,73.99
2020-11-15,Kolkata,Petrol,82.59
2020-11-15,Mumbai,Diesel,76.86
2020-11-15,Mumbai,Petrol,87.74
2020-11-16,Chennai,Diesel,75.95
2020-11-16,Chennai,Petrol,84.14
2020-11-16,Delhi,Diesel,70.46
2020-11-16,Delhi,Petrol,81.06
2020-11-16,Kolkata,Diesel,73.99
2020-11-16,Kolkata,Petrol,82.59
2020-11-16,Mumbai,Diesel,76.86
2020-11-16,Mumbai,Petrol,87.74
2020-11-17,Chennai,Diesel,75.95
2020-11-17,Chennai,Petrol,84.14
2020-11-17,Delhi,Diesel,70.46
2020-11-17,Delhi,Petrol,81.06
2020-11-17,Kolkata,Diesel,73.99
2020-11-17,Kolkata,Petrol,82.59
2020-11-17,Mumbai,Diesel,76.86
2020-11-17,Mumbai,Petrol,87.74
2020-11-18,Chennai,Diesel,75.95
2020-11-18,Chennai,Petrol,84.14
2020-11-18,Delhi,Diesel,70.46
2020-11-18,Delhi,Petrol,81.06
2020-11-18,Kolkata,Diesel,73.99
2020-11-18,Kolkata,Petrol,82.59
2020-11-18,Mumbai,Diesel,76.86
2020-11-18,Mumbai,Petrol,87.74
2020-11-19,Chennai,Diesel,75.95
2020-11-19,Chennai,Petrol,84.14
2020-11-19,Delhi,Diesel,70.46
2020-11-19,Delhi,Petrol,81.06
2020-11-19,Kolkata,Diesel,73.99
2020-11-19,Kolkata,Petrol,82.59
2020-11-19,Mumbai,Diesel,76.86
2020-11-19,Mumbai,Petrol,87.74
2020-11-20,Chennai,Diesel,76.17
2020-11-20,Chennai,Petrol,84.31
2020-11-20,Delhi,Diesel,70.68
2020-11-20,Delhi,Petrol,81.23
2020-11-20,Kolkata,Diesel,74.24
2020-11-20,Kolkata,Petrol,82.79
2020-11-20,Mumbai,Diesel,77.11
2020-11-20,Mumbai,Petrol,87.92
2020-11-21,Chennai,Diesel,76.37
2020-11-21,Chennai,Petrol,84.46
2020-11-21,Delhi,Diesel,70.88
2020-11-21,Delhi,Petrol,81.38
2020-11-21,Kolkata,Diesel,74.45
2020-11-21,Kolkata,Petrol,82.95
2020-11-21,Mumbai,Diesel,77.34
2020-11-21,Mumbai,Petrol,88.09
2020-11-22,Chennai,Diesel,76.55
2020-11-22,Chennai,Petrol,84.53
2020-11-22,Delhi,Diesel,71.07
2020-11-22,Delhi,Petrol,81.46
2020-11-22,Kolkata,Diesel,74.64
2020-11-22,Kolkata,Petrol,83.03
2020-11-22,Mumbai,Diesel,77.54
2020-11-22,Mumbai,Petrol,88.16
2020-11-23,Chennai,Diesel,76.72
2020-11-23,Chennai,Petrol,84.59
2020-11-23,Delhi,Diesel,71.25
2020-11-23,Delhi,Petrol,81.53
2020-11-23,Kolkata,Diesel,74.82
2020-11-23,Kolkata,Petrol,83.1
2020-11-23,Mumbai,Diesel,77.73
2020-11-23,Mumbai,Petrol,88.23
2020-11-24,Chennai,Diesel,76.88
2020-11-24,Chennai,Petrol,84.64
2020-11-24,Delhi,Diesel,71.41
2020-11-24,Delhi,Petrol,81.59
2020-11-24,Kolkata,Diesel,74.98
2020-11-24,Kolkata,Petrol,83.15
2020-11-24,Mumbai,Diesel,77.9
2020-11-24,Mumbai,Petrol,88.29
2020-11-25,Chennai,Diesel,76.88
2020-11-25,Chennai,Petrol,84.64
2020-11-25,Delhi,Diesel,71.41
2020-11-25,Delhi,Petrol,81.59
2020-11-25,Kolkata,Diesel,74.98
2020-11-25,Kolkata,Petrol,83.15
2020-11-25,Mumbai,Diesel,77.9
2020-11-25,Mumbai,Petrol,88.29
2020-11-26,Chennai,Diesel,77.08
2020-11-26,Chennai,Petrol,84.74
2020-11-26,Delhi,Diesel,71.62
2020-11-26,Delhi,Petrol,81.7
2020-11-26,Kolkata,Diesel,75.19
2020-11-26,Kolkata,Petrol,83.26
2020-11-26,Mumbai,Diesel,78.12
2020-11-26,Mumbai,Petrol,88.4
2020-11-27,Chennai,Diesel,77.3
2020-11-27,Chennai,Petrol,84.91
2020-11-27,Delhi,Diesel,71.86
2020-11-27,Delhi,Petrol,81.89
2020-11-27,Kolkata,Diesel,75.43
2020-11-27,Kolkata,Petrol,83.44
2020-11-27,Mumbai,Diesel,78.38
2020-11-27,Mumbai,Petrol,88.58
2020-11-28,Chennai,Diesel,77.56
2020-11-28,Chennai,Petrol,85.12
2020-11-28,Delhi,Diesel,72.13
2020-11-28,Delhi,Petrol,82.13
2020-11-28,Kolkata,Diesel,75.7
2020-11-28,Kolkata,Petrol,83.67
2020-11-28,Mumbai,Diesel,78.66
2020-11-28,Mumbai,Petrol,88.81
2020-11-29,Chennai,Diesel,77.84
2020-11-29,Chennai,Petrol,85.31
2020-11-29,Delhi,Diesel,72.42
2020-11-29,Delhi,Petrol,82.34
2020-11-29,Kolkata,Diesel,75.99
2020-11-29,Kolkata,Petrol,83.87
2020-11-29,Mumbai,Diesel,78.97
2020-11-29,Mumbai,Petrol,89.02
2020-11-30,Chennai,Diesel,77.84
2020-11-30,Chennai,Petrol,85.31
2020-11-30,Delhi,Diesel,72.42
2020-11-30,Delhi,Petrol,82.34
2020-11-30,Kolkata,Diesel,75.99
2020-11-30,Kolkata,Petrol,83.87
2020-11-30,Mumbai,Diesel,78.97
2020-11-30,Mumbai,Petrol,89.02
2020-12-01,Chennai,Diesel,77.84
2020-12-01,Chennai,Petrol,85.31
2020-12-01,Delhi,Diesel,72.42
2020-12-01,Delhi,Petrol,82.34
2020-12-01,Kolkata,Diesel,75.99
2020-12-01,Kolkata,Petrol,83.87
2020-12-01,Mumbai,Diesel,78.97
2020-12-01,Mumbai,Petrol,89.02
2020-12-02,Chennai,Diesel,78.06
2020-12-02,Chennai,Petrol,85.44
2020-12-02,Delhi,Diesel,72.65
2020-12-02,Delhi,Petrol,82.49
2020-12-02,Kolkata,Diesel,76.22
2020-12-02,Kolkata,Petrol,84.02
2020-12-02,Mumbai,Diesel,79.22
2020-12-02,Mumbai,Petrol,89.16
2020-12-03,Chennai,Diesel,78.24
2020-12-03,Chennai,Petrol,85.59
2020-12-03,Delhi,Diesel,72.84
2020-12-03,Delhi,Petrol,82.66
2020-12-03,Kolkata,Diesel,76.41
2020-12-03,Kolkata,Petrol,84.18
2020-12-03,Mumbai,Diesel,79.42
2020-12-03,Mumbai,Petrol,89.33
2020-12-04,Chennai,Diesel,78.45
2020-12-04,Chennai,Petrol,85.76
2020-12-04,Delhi,Diesel,73.07
2020-12-04,Delhi,Petrol,82.86
2020-12-04,Kolkata,Diesel,76.64
2020-12-04,Kolkata,Petrol,84.37
2020-12-04,Mumbai,Diesel,79.66
2020-12-04,Mumbai,Petrol,89.52
2020-12-05,Chennai,Diesel,78.69
2020-12-05,Chennai,Petrol,86.0
2020-12-05,Delhi,Diesel,73.32
2020-12-05,Delhi,Petrol,83.13
2020-12-05,Kolkata,Diesel,76.89
2020-12-05,Kolkata,Petrol,84.63
2020-12-05,Mumbai,Diesel,79.93
2020-12-05,Mumbai,Petrol,89.78
2020-12-06,Chennai,Diesel,78.97
2020-12-06,Chennai,Petrol,86.25
2020-12-06,Delhi,Diesel,73.61
2020-12-06,Delhi,Petrol,83.41
2020-12-06,Kolkata,Diesel,77.18
2020-12-06,Kolkata,Petrol,84.9
2020-12-06,Mumbai,Diesel,80.23
2020-12-06,Mumbai,Petrol,90.05
2020-12-07,Chennai,Diesel,79.21
2020-12-07,Chennai,Petrol,86.51
2020-12-07,Delhi,Diesel,73.87
2020-12-07,Delhi,Petrol,83.71
2020-12-07,Kolkata,Diesel,77.44
2020-12-07,Kolkata,Petrol,85.19
2020-12-07,Mumbai,Diesel,80.51
2020-12-07,Mumbai,Petrol,90.34
2020-12-08,Chennai,Diesel,79.21
2020-12-08,Chennai,Petrol,86.51
2020-12-08,Delhi,Diesel,73.87
2020-12-08,Delhi,Petrol,83.71
2020-12-08,Kolkata,Diesel,77.44
2020-12-08,Kolkata,Petrol,85.19
2020-12-08,Mumbai,Diesel,80.51
2020-12-08,Mumbai,Petrol,90.34
2020-12-09,Chennai,Diesel,79.21
2020-12-09,Chennai,Petrol,86.51
2020-12-09,Delhi,Diesel,73.87
2020-12-09,Delhi,Petrol,83.71
2020-12-09,Kolkata,Diesel,77.44
2020-12-09,Kolkata,Petrol,85.19
2020-12-09,Mumbai,Diesel,80.51
2020-12-09,Mumbai,Petrol,90.34
2020-12-10,Chennai,Diesel,79.21
2020-12-10,Chennai,Petrol,86.51
2020-12-10,Delhi,Diesel,73.87
2020-12-10,Delhi,Petrol,83.71
2020-12-10,Kolkata,Diesel,77.44
2020-12-10,Kolkata,Petrol,85.19
2020-12-10,Mumbai,Diesel,80.51
2020-12-10,Mumbai,Petrol,90.34
2020-12-11,Chennai,Diesel,79.21
2020-12-11,Chennai,Petrol,86.51
2020-12-11,Delhi,Diesel,73.87
2020-12-11,Delhi,Petrol,83.71
2020-12-11,Kolkata,Diesel,77.44
2020-12-11,Kolkata,Petrol,85.19
2020-12-11,Mumbai,Diesel,80.51
2020-12-11,Mumbai,Petrol,90.34
2020-12-12,Chennai,Diesel,79.21
2020-12-12,Chennai,Petrol,86.51
2020-12-12,Delhi,Diesel,73.87
2020-12-12,Delhi,Petrol,83.71
2020-12-12,Kolkata,Diesel,77.44
2020-12-12,Kolkata,Petrol,85.19
2020-12-12,Mumbai,Diesel,80.51
2020-12-12,Mumbai,Petrol,90.34
2020-12-13,Chennai,Diesel,79.21
2020-12-13,Chennai,Petrol,86.51
2020-12-13,Delhi,Diesel,73.87
2020-12-13,Delhi,Petrol,83.71
2020-12-13,Kolkata,Diesel,77.44
2020-12-13,Kolkata,Petrol,85.19
2020-12-13,Mumbai,Diesel,80.51
2020-12-13,Mumbai,Petrol,90.34
2020-12-14,Chennai,Diesel,79.21
2020-12-14,Chennai,Petrol,86.51
2020-12-14,Delhi,Diesel,73.87
2020-12-14,Delhi,Petrol,83.71
2020-12-14,Kolkata,Diesel,77.44
2020-12-14,Kolkata,Petrol,85.19
2020-12-14,Mumbai,Diesel,80.51
2020-12-14,Mumbai,Petrol,90.34
2020-12-15,Chennai,Diesel,79.21
2020-12-15,Chennai,Petrol,86.51
2020-12-15,Delhi,Diesel,73.87
2020-12-15,Delhi,Petrol,83.71
2020-12-15,Kolkata,Diesel,77.44
2020-12-15,Kolkata,Petrol,85.19
2020-12-15,Mumbai,Diesel,80.51
2020-12-15,Mumbai,Petrol,90.34
2020-12-16,Chennai,Diesel,79.21
2020-12-16,Chennai,Petrol,86.51
2020-12-16,Delhi,Diesel,73.87
2020-12-16,Delhi,Petrol,83.71
2020-12-16,Kolkata,Diesel,77.44
2020-12-16,Kolkata,Petrol,85.19
2020-12-16,Mumbai,Diesel,80.51
2020-12-16,Mumbai,Petrol,90.34
2020-12-17,Chennai,Diesel,79.21
2020-12-17,Chennai,Petrol,86.51
2020-12-17,Delhi,Diesel,73.87
2020-12-17,Delhi,Petrol,83.71
2020-12-17,Kolkata,Diesel,77.44
2020-12-17,Kolkata,Petrol,85.19
2020-12-17,Mumbai,Diesel,80.51
2020-12-17,Mumbai,Petrol,90.34
2020-12-18,Chennai,Diesel,79.21
2020-12-18,Chennai,Petrol,86.51
2020-12-18,Delhi,Diesel,73.87
2020-12-18,Delhi,Petrol,83.71
2020-12-18,Kolkata,Diesel,77.44
2020-12-18,Kolkata,Petrol,85.19
2020-12-18,Mumbai,Diesel,80.51
2020-12-18,Mumbai,Petrol,90.34
2020-12-19,Chennai,Diesel,79.21
2020-12-19,Chennai,Petrol,86.51
2020-12-19,Delhi,Diesel,73.87
2020-12-19,Delhi,Petrol,83.71
2020-12-19,Kolkata,Diesel,77.44
2020-12-19,Kolkata,Petrol,85.19
2020-12-19,Mumbai,Diesel,80.51
2020-12-19,Mumbai,Petrol,90.34
2020-12-20,Chennai,Diesel,79.21
2020-12-20,Chennai,Petrol,86.51
2020-12-20,Delhi,Diesel,73.87
2020-12-20,Delhi,Petrol,83.71
2020-12-20,Kolkata,Diesel,77.44
2020-12-20,Kolkata,Petrol,85.19
2020-12-20,Mumbai,Diesel,80.51
2020-12-20,Mumbai,Petrol,90.34
2020-12-21,Chennai,Diesel,79.21
2020-12-21,Chennai,Petrol,86.51
2020-12-21,Delhi,Diesel,73.87
2020-12-21,Delhi,Petrol,83.71
2020-12-21,Kolkata,Diesel,77.44
2020-12-21,Kolkata,Petrol,85.19
2020-12-21,Mumbai,Diesel,80.51
2020-12-21,Mumbai,Petrol,90.34
2020-12-22,Chennai,Diesel,79.21
2020-12-22,Chennai,Petrol,86.51
2020-12-22,Delhi,Diesel,73.87
2020-12-22,Delhi,Petrol,83.71
2020-12-22,Kolkata,Diesel,77.44
2020-12-22,Kolkata,Petrol,85.19
2020-12-22,Mumbai,Diesel,80.51
2020-12-22,Mumbai,Petrol,90.34
2020-12-23,Chennai,Diesel,79.21
2020-12-23,Chennai,Petrol,86.51
2020-12-23,Delhi,Diesel,73.87
2020-12-23,Delhi,Petrol,83.71
2020-12-23,Kolkata,Diesel,77.44
2020-12-23,Kolkata,Petrol,85.19
2020-12-23,Mumbai,Diesel,80.51
2020-12-23,Mumbai,Petrol,90.34
2020-12-24,Chennai,Diesel,79.21
2020-12-24,Chennai,Petrol,86.51
2020-12-24,Delhi,Diesel,73.87
2020-12-24,Delhi,Petrol,83.71
2020-12-24,Kolkata,Diesel,77.44
2020-12-24,Kolkata,Petrol,85.19
2020-12-24,Mumbai,Diesel,80.51
2020-12-24,Mumbai,Petrol,90.34
2020-12-25,Chennai,Diesel,79.21
2020-12-25,Chennai,Petrol,86.51
2020-12-25,Delhi,Diesel,73.87
2020-12-25,Delhi,Petrol,83.71
2020-12-25,Kolkata,Diesel,77.44
2020-12-25,Kolkata,Petrol,85.19
2020-12-25,Mumbai,Diesel,80.51
2020-12-25,Mumbai,Petrol,90.34
2020-12-26,Chennai,Diesel,79.21
2020-12-26,Chennai,Petrol,86.51
2020-12-26,Delhi,Diesel,73.87
2020-12-26,Delhi,Petrol,83.71
2020-12-26,Kolkata,Diesel,77.44
2020-12-26,Kolkata,Petrol,85.19
2020-12-26,Mumbai,Diesel,80.51
2020-12-26,Mumbai,Petrol,90.34
2020-12-27,Chennai,Diesel,79.21
2020-12-27,Chennai,Petrol,86.51
2020-12-27,Delhi,Diesel,73.87
2020-12-27,Delhi,Petrol,83.71
2020-12-27,Kolkata,Diesel,77.44
2020-12-27,Kolkata,Petrol,85.19
2020-12-27,Mumbai,Diesel,80.51
2020-12-27,Mumbai,Petrol,90.34
2020-12-28,Chennai,Diesel,79.21
2020-12-28,Chennai,Petrol,86.51
2020-12-28,Delhi,Diesel,73.87
2020-12-28,Delhi,Petrol,83.71
2020-12-28,Kolkata,Diesel,77.44
2020-12-28,Kolkata,Petrol,85.19
2020-12-28,Mumbai,Diesel,80.51
2020-12-28,Mumbai,Petrol,90.34
2020-12-29,Chennai,Diesel,79.21
2020-12-29,Chennai,Petrol,86.51
2020-12-29,Delhi,Diesel,73.87
2020-12-29,Delhi,Petrol,83.71
2020-12-29,Kolkata,Diesel,77.44
2020-12-29,Kolkata,Petrol,85.19
2020-12-29,Mumbai,Diesel,80.51
2020-12-29,Mumbai,Petrol,90.34
2020-12-30,Chennai,Diesel,79.21
2020-12-30,Chennai,Petrol,86.51
2020-12-30,Delhi,Diesel,73.87
2020-12-30,Delhi,Petrol,83.71
2020-12-30,Kolkata,Diesel,77.44
2020-12-30,Kolkata,Petrol,85.19
2020-12-30,Mumbai,Diesel,80.51
2020-12-30,Mumbai,Petrol,90.34
2020-12-31,Chennai,Diesel,79.21
2020-12-31,Chennai,Petrol,86.51
2020-12-31,Delhi,Diesel,73.87
2020-12-31,Delhi,Petrol,83.71
2020-12-31,Kolkata,Diesel,77.44
2020-12-31,Kolkata,Petrol,85.19
2020-12-31,Mumbai,Diesel,80.51
2020-12-31,Mumbai,Petrol,90.34
2021-01-01,Chennai,Diesel,79.21
2021-01-01,Chennai,Petrol,86.51
2021-01-01,Delhi,Diesel,73.87
2021-01-01,Delhi,Petrol,83.71
2021-01-01,Kolkata,Diesel,77.44
2021-01-01,Kolkata,Petrol,85.19
2021-01-01,Mumbai,Diesel,80.51
2021-01-01,Mumbai,Petrol,90.34
2021-01-02,Chennai,Diesel,79.21
2021-01-02,Chennai,Petrol,86.51
2021-01-02,Delhi,Diesel,73.87
2021-01-02,Delhi,Petrol,83.71
2021-01-02,Kolkata,Diesel,77.44
2021-01-02,Kolkata,Petrol,85.19
2021-01-02,Mumbai,Diesel,80.51
2021-01-02,Mumbai,Petrol,90.34
2021-01-03,Chennai,Diesel,79.21
2021-01-03,Chennai,Petrol,86.51
2021-01-03,Delhi,Diesel,73.87
2021-01-03,Delhi,Petrol,83.71
2021-01-03,Kolkata,Diesel,77.44
2021-01-03,Kolkata,Petrol,85.19
2021-01-03,Mumbai,Diesel,80.51
2021-01-03,Mumbai,Petrol,90.34
2021-01-04,Chennai,Diesel,79.21
2021-01-04,Chennai,Petrol,86.51
2021-01-04,Delhi,Diesel,73.87
2021-01-04,Delhi,Petrol,83.71
2021-01-04,Kolkata,Diesel,77.44
2021-01-04,Kolkata,Petrol,85.19
2021-01-04,Mumbai,Diesel,80.51
2021-01-04,Mumbai,Petrol,90.34
2021-01-05,Chennai,Diesel,79.21
2021-01-05,Chennai,Petrol,86.51
2021-01-05,Delhi,Diesel,73.87
2021-01-05,Delhi,Petrol,83.71
2021-01-05,Kolkata,Diesel,77.44
2021-01-05,Kolkata,Petrol,85.19
2021-01-05,Mumbai,Diesel,80.51
2021-01-05,Mumbai,Petrol,90.34
2021-01-06,Chennai,Diesel,79.46
2021-01-06,Chennai,Petrol,86.75
2021-01-06,Delhi,Diesel,74.12
2021-01-06,Delhi,Petrol,83.97
2021-01-06,Kolkata,Diesel,77.7
2021-01-06,Kolkata,Petrol,85.44
2021-01-06,Mumbai,Diesel,80.78
2021-01-06,Mumbai,Petrol,90.6
2021-01-07,Chennai,Diesel,79.72
2021-01-07,Chennai,Petrol,86.96
2021-01-07,Delhi,Diesel,74.38
2021-01-07,Delhi,Petrol,84.2
2021-01-07,Kolkata,Diesel,77.97
2021-01-07,Kolkata,Petrol,85.68
2021-01-07,Mumbai,Diesel,81.07
2021-01-07,Mumbai,Petrol,90.83
2021-01-08,Chennai,Diesel,79.72
2021-01-08,Chennai,Petrol,86.96
2021-01-08,Delhi,Diesel,74.38
2021-01-08,Delhi,Petrol,84.2
2021-01-08,Kolkata,Diesel,77.97
2021-01-08,Kolkata,Petrol,85.68
2021-01-08,Mumbai,Diesel,81.07
2021-01-08,Mumbai,Petrol,90.83
2021-01-09,Chennai,Diesel,79.72
2021-01-09,Chennai,Petrol,86.96
2021-01-09,Delhi,Diesel,74.38
2021-01-09,Delhi,Petrol,84.2
2021-01-09,Kolkata,Diesel,77.97
2021-01-09,Kolkata,Petrol,85.68
2021-01-09,Mumbai,Diesel,81.07
2021-01-09,Mumbai,Petrol,90.83
2021-01-10,Chennai,Diesel,79.72
2021-01-10,Chennai,Petrol,86.96
2021-01-10,Delhi,Diesel,74.38
2021-01-10,Delhi,Petrol,84.2
2021-01-10,Kolkata,Diesel,77.97
2021-01-10,Kolkata,Petrol,85.68
2021-01-10,Mumbai,Diesel,81.07
2021-01-10,Mumbai,Petrol,90.83
2021-01-11,Chennai,Diesel,79.72
2021-01-11,Chennai,Petrol,86.96
2021-01-11,Delhi,Diesel,74.38
2021-01-11,Delhi,Petrol,84.2
2021-01-11,Kolkata,Diesel,77.97
2021-01-11,Kolkata,Petrol,85.68
2021-01-11,Mumbai,Diesel,81.07
2021-01-11,Mumbai,Petrol,90.83
2021-01-12,Chennai,Diesel,79.72
2021-01-12,Chennai,Petrol,86.96
2021-01-12,Delhi,Diesel,74.38
2021-01-12,Delhi,Petrol,84.2
2021-01-12,Kolkata,Diesel,77.97
2021-01-12,Kolkata,Petrol,85.68
2021-01-12,Mumbai,Diesel,81.07
2021-01-12,Mumbai,Petrol,90.83
2021-01-13,Chennai,Diesel,79.95
2021-01-13,Chennai,Petrol,87.18
2021-01-13,Delhi,Diesel,74.63
2021-01-13,Delhi,Petrol,84.45
2021-01-13,Kolkata,Diesel,78.22
2021-01-13,Kolkata,Petrol,85.92
2021-01-13,Mumbai,Diesel,81.34
2021-01-13,Mumbai,Petrol,91.07
2021-01-14,Chennai,Diesel,80.19
2021-01-14,Chennai,Petrol,87.4
2021-01-14,Delhi,Diesel,74.88
2021-01-14,Delhi,Petrol,84.7
2021-01-14,Kolkata,Diesel,78.47
2021-01-14,Kolkata,Petrol,86.15
2021-01-14,Mumbai,Diesel,81.6
2021-01-14,Mumbai,Petrol,91.32
2021-01-15,Chennai,Diesel,80.19
2021-01-15,Chennai,Petrol,87.4
2021-01-15,Delhi,Diesel,74.88
2021-01-15,Delhi,Petrol,84.7
2021-01-15,Kolkata,Diesel,78.47
2021-01-15,Kolkata,Petrol,86.15
2021-01-15,Mumbai,Diesel,81.6
2021-01-15,Mumbai,Petrol,91.32
2021-01-16,Chennai,Diesel,80.19
2021-01-16,Chennai,Petrol,87.4
2021-01-16,Delhi,Diesel,74.88
2021-01-16,Delhi,Petrol,84.7
2021-01-16,Kolkata,Diesel,78.47
2021-01-16,Kolkata,Petrol,86.15
2021-01-16,Mumbai,Diesel,81.6
2021-01-16,Mumbai,Petrol,91.32
2021-01-17,Chennai,Diesel,80.19
2021-01-17,Chennai,Petrol,87.4
2021-01-17,Delhi,Diesel,74.88
2021-01-17,Delhi,Petrol,84.7
2021-01-17,Kolkata,Diesel,78.47
2021-01-17,Kolkata,Petrol,86.15
2021-01-17,Mumbai,Diesel,81.6
2021-01-17,Mumbai,Petrol,91.32
2021-01-18,Chennai,Diesel,80.43
2021-01-18,Chennai,Petrol,87.63
2021-01-18,Delhi,Diesel,75.13
2021-01-18,Delhi,Petrol,84.95
2021-01-18,Kolkata,Diesel,78.72
2021-01-18,Kolkata,Petrol,86.39
2021-01-18,Mumbai,Diesel,81.87
2021-01-18,Mumbai,Petrol,91.56
2021-01-19,Chennai,Diesel,80.67
2021-01-19,Chennai,Petrol,87.85
2021-01-19,Delhi,Diesel,75.38
2021-01-19,Delhi,Petrol,85.2
2021-01-19,Kolkata,Diesel,78.97
2021-01-19,Kolkata,Petrol,86.63
2021-01-19,Mumbai,Diesel,82.13
2021-01-19,Mumbai,Petrol,91.8
2021-01-20,Chennai,Diesel,80.67
2021-01-20,Chennai,Petrol,87.85
2021-01-20,Delhi,Diesel,75.38
2021-01-20,Delhi,Petrol,85.2
2021-01-20,Kolkata,Diesel,78.97
2021-01-20,Kolkata,Petrol,86.63
2021-01-20,Mumbai,Diesel,82.13
2021-01-20,Mumbai,Petrol,91.8
2021-01-21,Chennai,Diesel,80.67
2021-01-21,Chennai,Petrol,87.85
2021-01-21,Delhi,Diesel,75.38
2021-01-21,Delhi,Petrol,85.2
2021-01-21,Kolkata,Diesel,78.97
2021-01-21,Kolkata,Petrol,86.63
2021-01-21,Mumbai,Diesel,82.13
2021-01-21,Mumbai,Petrol,91.8
2021-01-22,Chennai,Diesel,80.9
2021-01-22,Chennai,Petrol,88.07
2021-01-22,Delhi,Diesel,75.63
2021-01-22,Delhi,Petrol,85.45
2021-01-22,Kolkata,Diesel,79.23
2021-01-22,Kolkata,Petrol,86.87
2021-01-22,Mumbai,Diesel,82.4
2021-01-22,Mumbai,Petrol,92.04
2021-01-23,Chennai,Diesel,81.14
2021-01-23,Chennai,Petrol,88.29
2021-01-23,Delhi,Diesel,75.88
2021-01-23,Delhi,Petrol,85.7
2021-01-23,Kolkata,Diesel,79.48
2021-01-23,Kolkata,Petrol,87.11
2021-01-23,Mumbai,Diesel,82.66
2021-01-23,Mumbai,Petrol,92.28
2021-01-24,Chennai,Diesel,81.14
2021-01-24,Chennai,Petrol,88.29
2021-01-24,Delhi,Diesel,75.88
2021-01-24,Delhi,Petrol,85.7
2021-01-24,Kolkata,Diesel,79.48
2021-01-24,Kolkata,Petrol,87.11
2021-01-24,Mumbai,Diesel,82.66
2021-01-24,Mumbai,Petrol,92.28
2021-01-25,Chennai,Diesel,81.14
2021-01-25,Chennai,Petrol,88.29
2021-01-25,Delhi,Diesel,75.88
2021-01-25,Delhi,Petrol,85.7
2021-01-25,Kolkata,Diesel,79.48
2021-01-25,Kolkata,Petrol,87.11
2021-01-25,Mumbai,Diesel,82.66
2021-01-25,Mumbai,Petrol,92.28
2021-01-26,Chennai,Diesel,81.47
2021-01-26,Chennai,Petrol,88.6
2021-01-26,Delhi,Diesel,76.23
2021-01-26,Delhi,Petrol,86.05
2021-01-26,Kolkata,Diesel,79.83
2021-01-26,Kolkata,Petrol,87.45
2021-01-26,Mumbai,Diesel,83.03
2021-01-26,Mumbai,Petrol,92.62
2021-01-27,Chennai,Diesel,81.71
2021-01-27,Chennai,Petrol,88.82
2021-01-27,Delhi,Diesel,76.48
2021-01-27,Delhi,Petrol,86.3
2021-01-27,Kolkata,Diesel,80.08
2021-01-27,Kolkata,Petrol,87.69
2021-01-27,Mumbai,Diesel,83.3
2021-01-27,Mumbai,Petrol,92.86
2021-01-28,Chennai,Diesel,81.71
2021-01-28,Chennai,Petrol,88.82
2021-01-28,Delhi,Diesel,76.48
2021-01-28,Delhi,Petrol,86.3
2021-01-28,Kolkata,Diesel,80.08
2021-01-28,Kolkata,Petrol,87.69
2021-01-28,Mumbai,Diesel,83.3
2021-01-28,Mumbai,Petrol,92.86
2021-01-29,Chennai,Diesel,81.71
2021-01-29,Chennai,Petrol,88.82
2021-01-29,Delhi,Diesel,76.48
2021-01-29,Delhi,Petrol,86.3
2021-01-29,Kolkata,Diesel,80.08
2021-01-29,Kolkata,Petrol,87.69
2021-01-29,Mumbai,Diesel,83.3
2021-01-29,Mumbai,Petrol,92.86
2021-01-30,Chennai,Diesel,81.71
2021-01-30,Chennai,Petrol,88.82
2021-01-30,Delhi,Diesel,76.48
2021-01-30,Delhi,Petrol,86.3
2021-01-30,Kolkata,Diesel,80.08
2021-01-30,Kolkata,Petrol,87.69
2021-01-30,Mumbai,Diesel,83.3
2021-01-30,Mumbai,Petrol,92.86
2021-01-31,Chennai,Diesel,81.71
2021-01-31,Chennai,Petrol,88.82
2021-01-31,Delhi,Diesel,76.48
2021-01-31,Delhi,Petrol,86.3
2021-01-31,Kolkata,Diesel,80.08
2021-01-31,Kolkata,Petrol,87.69
2021-01-31,Mumbai,Diesel,83.3
2021-01-31,Mumbai,Petrol,92.86
2021-02-01,Chennai,Diesel,81.71
2021-02-01,Chennai,Petrol,88.82
2021-02-01,Delhi,Diesel,76.48
2021-02-01,Delhi,Petrol,86.3
2021-02-01,Kolkata,Diesel,80.08
2021-02-01,Kolkata,Petrol,87.69
2021-02-01,Mumbai,Diesel,83.3
2021-02-01,Mumbai,Petrol,92.86
2021-02-02,Chennai,Diesel,81.71
2021-02-02,Chennai,Petrol,88.82
2021-02-02,Delhi,Diesel,76.48
2021-02-02,Delhi,Petrol,86.3
2021-02-02,Kolkata,Diesel,80.08
2021-02-02,Kolkata,Petrol,87.69
2021-02-02,Mumbai,Diesel,83.3
2021-02-02,Mumbai,Petrol,92.86
2021-02-03,Chennai,Diesel,81.71
2021-02-03,Chennai,Petrol,88.82
2021-02-03,Delhi,Diesel,76.48
2021-02-03,Delhi,Petrol,86.3
2021-02-03,Kolkata,Diesel,80.08
2021-02-03,Kolkata,Petrol,87.69
2021-02-03,Mumbai,Diesel,83.3
2021-02-03,Mumbai,Petrol,92.86
2021-02-04,Chennai,Diesel,82.04
2021-02-04,Chennai,Petrol,89.13
2021-02-04,Delhi,Diesel,76.83
2021-02-04,Delhi,Petrol,86.65
2021-02-04,Kolkata,Diesel,80.41
2021-02-04,Kolkata,Petrol,88.01
2021-02-04,Mumbai,Diesel,83.67
2021-02-04,Mumbai,Petrol,93.2
2021-02-05,Chennai,Diesel,82.33
2021-02-05,Chennai,Petrol,89.39
2021-02-05,Delhi,Diesel,77.13
2021-02-05,Delhi,Petrol,86.95
2021-02-05,Kolkata,Diesel,80.71
2021-02-05,Kolkata,Petrol,88.3
2021-02-05,Mumbai,Diesel,83.99
2021-02-05,Mumbai,Petrol,93.49
2021-02-06,Chennai,Diesel,82.33
2021-02-06,Chennai,Petrol,89.39
2021-02-06,Delhi,Diesel,77.13
2021-02-06,Delhi,Petrol,86.95
2021-02-06,Kolkata,Diesel,80.71
2021-02-06,Kolkata,Petrol,88.3
2021-02-06,Mumbai,Diesel,83.99
2021-02-06,Mumbai,Petrol,93.49
2021-02-07,Chennai,Diesel,82.33
2021-02-07,Chennai,Petrol,89.39
2021-02-07,Delhi,Diesel,77.13
2021-02-07,Delhi,Petrol,86.95
2021-02-07,Kolkata,Diesel,80.71
2021-02-07,Kolkata,Petrol,88.3
2021-02-07,Mumbai,Diesel,83.99
2021-02-07,Mumbai,Petrol,93.49
2021-02-08,Chennai,Diesel,82.33
2021-02-08,Chennai,Petrol,89.39
2021-02-08,Delhi,Diesel,77.13
2021-02-08,Delhi,Petrol,86.95
2021-02-08,Kolkata,Diesel,80.71
2021-02-08,Kolkata,Petrol,88.3
2021-02-08,Mumbai,Diesel,83.99
2021-02-08,Mumbai,Petrol,93.49
2021-02-09,Chennai,Diesel,82.66
2021-02-09,Chennai,Petrol,89.7
2021-02-09,Delhi,Diesel,77.48
2021-02-09,Delhi,Petrol,87.3
2021-02-09,Kolkata,Diesel,81.06
2021-02-09,Kolkata,Petrol,88.63
2021-02-09,Mumbai,Diesel,84.36
2021-02-09,Mumbai,Petrol,93.83
2021-02-10,Chennai,Diesel,82.9
2021-02-10,Chennai,Petrol,89.96
2021-02-10,Delhi,Diesel,77.73
2021-02-10,Delhi,Petrol,87.6
2021-02-10,Kolkata,Diesel,81.31
2021-02-10,Kolkata,Petrol,88.92
2021-02-10,Mumbai,Diesel,84.63
2021-02-10,Mumbai,Petrol,94.12
2021-02-11,Chennai,Diesel,83.18
2021-02-11,Chennai,Petrol,90.18
2021-02-11,Delhi,Diesel,78.03
2021-02-11,Delhi,Petrol,87.85
2021-02-11,Kolkata,Diesel,81.61
2021-02-11,Kolkata,Petrol,89.16
2021-02-11,Mumbai,Diesel,84.94
2021-02-11,Mumbai,Petrol,94.36
2021-02-12,Chennai,Diesel,83.52
2021-02-12,Chennai,Petrol,90.44
2021-02-12,Delhi,Diesel,78.38
2021-02-12,Delhi,Petrol,88.14
2021-02-12,Kolkata,Diesel,81.96
2021-02-12,Kolkata,Petrol,89.44
2021-02-12,Mumbai,Diesel,85.32
2021-02-12,Mumbai,Petrol,94.64
2021-02-13,Chennai,Diesel,83.86
2021-02-13,Chennai,Petrol,90.7
2021-02-13,Delhi,Diesel,78.74
2021-02-13,Delhi,Petrol,88.44
2021-02-13,Kolkata,Diesel,82.33
2021-02-13,Kolkata,Petrol,89.73
2021-02-13,Mumbai,Diesel,85.7
2021-02-13,Mumbai,Petrol,94.93
2021-02-14,Chennai,Diesel,84.16
2021-02-14,Chennai,Petrol,90.96
2021-02-14,Delhi,Diesel,79.06
2021-02-14,Delhi,Petrol,88.73
2021-02-14,Kolkata,Diesel,82.65
2021-02-14,Kolkata,Petrol,90.01
2021-02-14,Mumbai,Diesel,86.04
2021-02-14,Mumbai,Petrol,95.21
2021-02-15,Chennai,Diesel,84.44
2021-02-15,Chennai,Petrol,91.19
2021-02-15,Delhi,Diesel,79.35
2021-02-15,Delhi,Petrol,88.99
2021-02-15,Kolkata,Diesel,82.94
2021-02-15,Kolkata,Petrol,90.25
2021-02-15,Mumbai,Diesel,86.34
2021-02-15,Mumbai,Petrol,95.46
2021-02-16,Chennai,Diesel,84.77
2021-02-16,Chennai,Petrol,91.45
2021-02-16,Delhi,Diesel,79.7
2021-02-16,Delhi,Petrol,89.29
2021-02-16,Kolkata,Diesel,83.29
2021-02-16,Kolkata,Petrol,90.54
2021-02-16,Mumbai,Diesel,86.72
2021-02-16,Mumbai,Petrol,95.75
2021-02-17,Chennai,Diesel,85.01
2021-02-17,Chennai,Petrol,91.68
2021-02-17,Delhi,Diesel,79.95
2021-02-17,Delhi,Petrol,89.54
2021-02-17,Kolkata,Diesel,83.54
2021-02-17,Kolkata,Petrol,90.78
2021-02-17,Mumbai,Diesel,86.98
2021-02-17,Mumbai,Petrol,96.0
2021-02-18,Chennai,Diesel,85.31
2021-02-18,Chennai,Petrol,91.98
2021-02-18,Delhi,Diesel,80.27
2021-02-18,Delhi,Petrol,89.88
2021-02-18,Kolkata,Diesel,83.86
2021-02-18,Kolkata,Petrol,91.11
2021-02-18,Mumbai,Diesel,87.32
2021-02-18,Mumbai,Petrol,96.32
2021-02-19,Chennai,Diesel,85.63
2021-02-19,Chennai,Petrol,92.25
2021-02-19,Delhi,Diesel,80.6
2021-02-19,Delhi,Petrol,90.19
2021-02-19,Kolkata,Diesel,84.19
2021-02-19,Kolkata,Petrol,91.41
2021-02-19,Mumbai,Diesel,87.67
2021-02-19,Mumbai,Petrol,96.62
2021-02-20,Chennai,Diesel,85.98
2021-02-20,Chennai,Petrol,92.59
2021-02-20,Delhi,Diesel,80.97
2021-02-20,Delhi,Petrol,90.58
2021-02-20,Kolkata,Diesel,84.56
2021-02-20,Kolkata,Petrol,91.78
2021-02-20,Mumbai,Diesel,88.06
2021-02-20,Mumbai,Petrol,97.0
2021-02-21,Chennai,Diesel,85.98
2021-02-21,Chennai,Petrol,92.59
2021-02-21,Delhi,Diesel,80.97
2021-02-21,Delhi,Petrol,90.58
2021-02-21,Kolkata,Diesel,84.56
2021-02-21,Kolkata,Petrol,91.78
2021-02-21,Mumbai,Diesel,88.06
2021-02-21,Mumbai,Petrol,97.0
2021-02-22,Chennai,Diesel,85.98
2021-02-22,Chennai,Petrol,92.59
2021-02-22,Delhi,Diesel,80.97
2021-02-22,Delhi,Petrol,90.58
2021-02-22,Kolkata,Diesel,84.56
2021-02-22,Kolkata,Petrol,91.78
2021-02-22,Mumbai,Diesel,88.06
2021-02-22,Mumbai,Petrol,97.0
2021-02-23,Chennai,Diesel,86.31
2021-02-23,Chennai,Petrol,92.9
2021-02-23,Delhi,Diesel,81.32
2021-02-23,Delhi,Petrol,90.93
2021-02-23,Kolkata,Diesel,84.2
2021-02-23,Kolkata,Petrol,91.12
2021-02-23,Mumbai,Diesel,88.44
2021-02-23,Mumbai,Petrol,97.34
2021-02-24,Chennai,Diesel,86.31
2021-02-24,Chennai,Petrol,92.9
2021-02-24,Delhi,Diesel,81.32
2021-02-24,Delhi,Petrol,90.93
2021-02-24,Kolkata,Diesel,84.2
2021-02-24,Kolkata,Petrol,91.12
2021-02-24,Mumbai,Diesel,88.44
2021-02-24,Mumbai,Petrol,97.34
2021-02-25,Chennai,Diesel,86.31
2021-02-25,Chennai,Petrol,92.9
2021-02-25,Delhi,Diesel,81.32
2021-02-25,Delhi,Petrol,90.93
2021-02-25,Kolkata,Diesel,84.2
2021-02-25,Kolkata,Petrol,91.12
2021-02-25,Mumbai,Diesel,88.44
2021-02-25,Mumbai,Petrol,97.34
2021-02-26,Chennai,Diesel,86.31
2021-02-26,Chennai,Petrol,92.9
2021-02-26,Delhi,Diesel,81.32
2021-02-26,Delhi,Petrol,90.93
2021-02-26,Kolkata,Diesel,84.2
2021-02-26,Kolkata,Petrol,91.12
2021-02-26,Mumbai,Diesel,88.44
2021-02-26,Mumbai,Petrol,97.34
2021-02-27,Chennai,Diesel,86.45
2021-02-27,Chennai,Petrol,93.11
2021-02-27,Delhi,Diesel,81.47
2021-02-27,Delhi,Petrol,91.17
2021-02-27,Kolkata,Diesel,84.35
2021-02-27,Kolkata,Petrol,91.35
2021-02-27,Mumbai,Diesel,88.6
2021-02-27,Mumbai,Petrol,97.57
2021-02-28,Chennai,Diesel,86.45
2021-02-28,Chennai,Petrol,93.11
2021-02-28,Delhi,Diesel,81.47
2021-02-28,Delhi,Petrol,91.17
2021-02-28,Kolkata,Diesel,84.35
2021-02-28,Kolkata,Petrol,91.35
2021-02-28,Mumbai,Diesel,88.6
2021-02-28,Mumbai,Petrol,97.57
2021-03-01,Chennai,Diesel,86.45
2021-03-01,Chennai,Petrol,93.11
2021-03-01,Delhi,Diesel,81.47
2021-03-01,Delhi,Petrol,91.17
2021-03-01,Kolkata,Diesel,84.35
2021-03-01,Kolkata,Petrol,91.35
2021-03-01,Mumbai,Diesel,88.6
2021-03-01,Mumbai,Petrol,97.57
2021-03-02,Chennai,Diesel,86.45
2021-03-02,Chennai,Petrol,93.11
2021-03-02,Delhi,Diesel,81.47
2021-03-02,Delhi,Petrol,91.17
2021-03-02,Kolkata,Diesel,84.35
2021-03-02,Kolkata,Petrol,91.35
2021-03-02,Mumbai,Diesel,88.6
2021-03-02,Mumbai,Petrol,97.57
2021-03-03,Chennai,Diesel,86.45
2021-03-03,Chennai,Petrol,93.11
2021-03-03,Delhi,Diesel,81.47
2021-03-03,Delhi,Petrol,91.17
2021-03-03,Kolkata,Diesel,84.35
2021-03-03,Kolkata,Petrol,91.35
2021-03-03,Mumbai,Diesel,88.6
2021-03-03,Mumbai,Petrol,97.57
2021-03-04,Chennai,Diesel,86.45
2021-03-04,Chennai,Petrol,93.11
2021-03-04,Delhi,Diesel,81.47
2021-03-04,Delhi,Petrol,91.17
2021-03-04,Kolkata,Diesel,84.35
2021-03-04,Kolkata,Petrol,91.35
2021-03-04,Mumbai,Diesel,88.6
2021-03-04,Mumbai,Petrol,97.57
2021-03-05,Chennai,Diesel,86.45
2021-03-05,Chennai,Petrol,93.11
2021-03-05,Delhi,Diesel,81.47
2021-03-05,Delhi,Petrol,91.17
2021-03-05,Kolkata,Diesel,84.35
2021-03-05,Kolkata,Petrol,91.35
2021-03-05,Mumbai,Diesel,88.6
2021-03-05,Mumbai,Petrol,97.57
2021-03-06,Chennai,Diesel,86.45
2021-03-06,Chennai,Petrol,93.11
2021-03-06,Delhi,Diesel,81.47
2021-03-06,Delhi,Petrol,91.17
2021-03-06,Kolkata,Diesel,84.35
2021-03-06,Kolkata,Petrol,91.35
2021-03-06,Mumbai,Diesel,88.6
2021-03-06,Mumbai,Petrol,97.57
2021-03-07,Chennai,Diesel,86.45
2021-03-07,Chennai,Petrol,93.11
2021-03-07,Delhi,Diesel,81.47
2021-03-07,Delhi,Petrol,91.17
2021-03-07,Kolkata,Diesel,84.35
2021-03-07,Kolkata,Petrol,91.35
2021-03-07,Mumbai,Diesel,88.6
2021-03-07,Mumbai,Petrol,97.57
2021-03-08,Chennai,Diesel,86.45
2021-03-08,Chennai,Petrol,93.11
2021-03-08,Delhi,Diesel,81.47
2021-03-08,Delhi,Petrol,91.17
2021-03-08,Kolkata,Diesel,84.35
2021-03-08,Kolkata,Petrol,91.35
2021-03-08,Mumbai,Diesel,88.6
2021-03-08,Mumbai,Petrol,97.57
2021-03-09,Chennai,Diesel,86.45
2021-03-09,Chennai,Petrol,93.11
2021-03-09,Delhi,Diesel,81.47
2021-03-09,Delhi,Petrol,91.17
2021-03-09,Kolkata,Diesel,84.35
2021-03-09,Kolkata,Petrol,91.35
2021-03-09,Mumbai,Diesel,88.6
2021-03-09,Mumbai,Petrol,97.57
2021-03-10,Chennai,Diesel,86.45
2021-03-10,Chennai,Petrol,93.11
2021-03-10,Delhi,Diesel,81.47
2021-03-10,Delhi,Petrol,91.17
2021-03-10,Kolkata,Diesel,84.35
2021-03-10,Kolkata,Petrol,91.35
2021-03-10,Mumbai,Diesel,88.6
2021-03-10,Mumbai,Petrol,97.57
2021-03-11,Chennai,Diesel,86.45
2021-03-11,Chennai,Petrol,93.11
2021-03-11,Delhi,Diesel,81.47
2021-03-11,Delhi,Petrol,91.17
2021-03-11,Kolkata,Diesel,84.35
2021-03-11,Kolkata,Petrol,91.35
2021-03-11,Mumbai,Diesel,88.6
2021-03-11,Mumbai,Petrol,97.57
2021-03-12,Chennai,Diesel,86.45
2021-03-12,Chennai,Petrol,93.11
2021-03-12,Delhi,Diesel,81.47
2021-03-12,Delhi,Petrol,91.17
2021-03-12,Kolkata,Diesel,84.35
2021-03-12,Kolkata,Petrol,91.35
2021-03-12,Mumbai,Diesel,88.6
2021-03-12,Mumbai,Petrol,97.57
2021-03-13,Chennai,Diesel,86.45
2021-03-13,Chennai,Petrol,93.11
2021-03-13,Delhi,Diesel,81.47
2021-03-13,Delhi,Petrol,91.17
2021-03-13,Kolkata,Diesel,84.35
2021-03-13,Kolkata,Petrol,91.35
2021-03-13,Mumbai,Diesel,88.6
2021-03-13,Mumbai,Petrol,97.57
2021-03-14,Chennai,Diesel,86.45
2021-03-14,Chennai,Petrol,93.11
2021-03-14,Delhi,Diesel,81.47
2021-03-14,Delhi,Petrol,91.17
2021-03-14,Kolkata,Diesel,84.35
2021-03-14,Kolkata,Petrol,91.35
2021-03-14,Mumbai,Diesel,88.6
2021-03-14,Mumbai,Petrol,97.57
2021-03-15,Chennai,Diesel,86.45
2021-03-15,Chennai,Petrol,93.11
2021-03-15,Delhi,Diesel,81.47
2021-03-15,Delhi,Petrol,91.17
2021-03-15,Kolkata,Diesel,84.35
2021-03-15,Kolkata,Petrol,91.35
2021-03-15,Mumbai,Diesel,88.6
2021-03-15,Mumbai,Petrol,97.57
2021-03-16,Chennai,Diesel,86.45
2021-03-16,Chennai,Petrol,93.11
2021-03-16,Delhi,Diesel,81.47
2021-03-16,Delhi,Petrol,91.17
2021-03-16,Kolkata,Diesel,84.35
2021-03-16,Kolkata,Petrol,91.35
2021-03-16,Mumbai,Diesel,88.6
2021-03-16,Mumbai,Petrol,97.57
2021-03-17,Chennai,Diesel,86.45
2021-03-17,Chennai,Petrol,93.11
2021-03-17,Delhi,Diesel,81.47
2021-03-17,Delhi,Petrol,91.17
2021-03-17,Kolkata,Diesel,84.35
2021-03-17,Kolkata,Petrol,91.35
2021-03-17,Mumbai,Diesel,88.6
2021-03-17,Mumbai,Petrol,97.57
2021-03-18,Chennai,Diesel,86.45
2021-03-18,Chennai,Petrol,93.11
2021-03-18,Delhi,Diesel,81.47
2021-03-18,Delhi,Petrol,91.17
2021-03-18,Kolkata,Diesel,84.35
2021-03-18,Kolkata,Petrol,91.35
2021-03-18,Mumbai,Diesel,88.6
2021-03-18,Mumbai,Petrol,97.57
2021-03-19,Chennai,Diesel,86.45
2021-03-19,Chennai,Petrol,93.11
2021-03-19,Delhi,Diesel,81.47
2021-03-19,Delhi,Petrol,91.17
2021-03-19,Kolkata,Diesel,84.35
2021-03-19,Kolkata,Petrol,91.35
2021-03-19,Mumbai,Diesel,88.6
2021-03-19,Mumbai,Petrol,97.57
2021-03-20,Chennai,Diesel,86.45
2021-03-20,Chennai,Petrol,93.11
2021-03-20,Delhi,Diesel,81.47
2021-03-20,Delhi,Petrol,91.17
2021-03-20,Kolkata,Diesel,84.35
2021-03-20,Kolkata,Petrol,91.35
2021-03-20,Mumbai,Diesel,88.6
2021-03-20,Mumbai,Petrol,97.57
2021-03-21,Chennai,Diesel,86.45
2021-03-21,Chennai,Petrol,93.11
2021-03-21,Delhi,Diesel,81.47
2021-03-21,Delhi,Petrol,91.17
2021-03-21,Kolkata,Diesel,84.35
2021-03-21,Kolkata,Petrol,91.35
2021-03-21,Mumbai,Diesel,88.6
2021-03-21,Mumbai,Petrol,97.57
2021-03-22,Chennai,Diesel,86.45
2021-03-22,Chennai,Petrol,93.11
2021-03-22,Delhi,Diesel,81.47
2021-03-22,Delhi,Petrol,91.17
2021-03-22,Kolkata,Diesel,84.35
2021-03-22,Kolkata,Petrol,91.35
2021-03-22,Mumbai,Diesel,88.6
2021-03-22,Mumbai,Petrol,97.57
2021-03-23,Chennai,Diesel,86.45
2021-03-23,Chennai,Petrol,93.11
2021-03-23,Delhi,Diesel,81.47
2021-03-23,Delhi,Petrol,91.17
2021-03-23,Kolkata,Diesel,84.35
2021-03-23,Kolkata,Petrol,91.35
2021-03-23,Mumbai,Diesel,88.6
2021-03-23,Mumbai,Petrol,97.57
2021-03-24,Chennai,Diesel,86.29
2021-03-24,Chennai,Petrol,92.95
2021-03-24,Delhi,Diesel,81.3
2021-03-24,Delhi,Petrol,90.99
2021-03-24,Kolkata,Diesel,84.18
2021-03-24,Kolkata,Petrol,91.18
2021-03-24,Mumbai,Diesel,88.42
2021-03-24,Mumbai,Petrol,97.4
2021-03-25,Chennai,Diesel,86.1
2021-03-25,Chennai,Petrol,92.77
2021-03-25,Delhi,Diesel,81.1
2021-03-25,Delhi,Petrol,90.78
2021-03-25,Kolkata,Diesel,83.98
2021-03-25,Kolkata,Petrol,90.98
2021-03-25,Mumbai,Diesel,88.2
2021-03-25,Mumbai,Petrol,97.19
2021-03-26,Chennai,Diesel,86.1
2021-03-26,Chennai,Petrol,92.77
2021-03-26,Delhi,Diesel,81.1
2021-03-26,Delhi,Petrol,90.78
2021-03-26,Kolkata,Diesel,83.98
2021-03-26,Kolkata,Petrol,90.98
2021-03-26,Mumbai,Diesel,88.2
2021-03-26,Mumbai,Petrol,97.19
2021-03-27,Chennai,Diesel,86.1
2021-03-27,Chennai,Petrol,92.77
2021-03-27,Delhi,Diesel,81.1
2021-03-27,Delhi,Petrol,90.78
2021-03-27,Kolkata,Diesel,83.98
2021-03-27,Kolkata,Petrol,90.98
2021-03-27,Mumbai,Diesel,88.2
2021-03-27,Mumbai,Petrol,97.19
2021-03-28,Chennai,Diesel,86.1
2021-03-28,Chennai,Petrol,92.77
2021-03-28,Delhi,Diesel,81.1
2021-03-28,Delhi,Petrol,90.78
2021-03-28,Kolkata,Diesel,83.98
2021-03-28,Kolkata,Petrol,90.98
2021-03-28,Mumbai,Diesel,88.2
2021-03-28,Mumbai,Petrol,97.19
2021-03-29,Chennai,Diesel,86.1
2021-03-29,Chennai,Petrol,92.77
2021-03-29,Delhi,Diesel,81.1
2021-03-29,Delhi,Petrol,90.78
2021-03-29,Kolkata,Diesel,83.98
2021-03-29,Kolkata,Petrol,90.98
2021-03-29,Mumbai,Diesel,88.2
2021-03-29,Mumbai,Petrol,97.19
2021-03-30,Chennai,Diesel,85.88
2021-03-30,Chennai,Petrol,92.58
2021-03-30,Delhi,Diesel,80.87
2021-03-30,Delhi,Petrol,90.56
2021-03-30,Kolkata,Diesel,83.75
2021-03-30,Kolkata,Petrol,90.77
2021-03-30,Mumbai,Diesel,87.96
2021-03-30,Mumbai,Petrol,96.98
2021-03-31,Chennai,Diesel,85.88
2021-03-31,Chennai,Petrol,92.58
2021-03-31,Delhi,Diesel,80.87
2021-03-31,Delhi,Petrol,90.56
2021-03-31,Kolkata,Diesel,83.75
2021-03-31,Kolkata,Petrol,90.77
2021-03-31,Mumbai,Diesel,87.96
2021-03-31,Mumbai,Petrol,96.98
2021-04-01,Chennai,Diesel,85.88
2021-04-01,Chennai,Petrol,92.58
2021-04-01,Delhi,Diesel,80.87
2021-04-01,Delhi,Petrol,90.56
2021-04-01,Kolkata,Diesel,83.75
2021-04-01,Kolkata,Petrol,90.77
2021-04-01,Mumbai,Diesel,87.96
2021-04-01,Mumbai,Petrol,96.98
2021-04-02,Chennai,Diesel,85.88
2021-04-02,Chennai,Petrol,92.58
2021-04-02,Delhi,Diesel,80.87
2021-04-02,Delhi,Petrol,90.56
2021-04-02,Kolkata,Diesel,83.75
2021-04-02,Kolkata,Petrol,90.77
2021-04-02,Mumbai,Diesel,87.96
2021-04-02,Mumbai,Petrol,96.98
2021-04-03,Chennai,Diesel,85.88
2021-04-03,Chennai,Petrol,92.58
2021-04-03,Delhi,Diesel,80.87
2021-04-03,Delhi,Petrol,90.56
2021-04-03,Kolkata,Diesel,83.75
2021-04-03,Kolkata,Petrol,90.77
2021-04-03,Mumbai,Diesel,87.96
2021-04-03,Mumbai,Petrol,96.98
2021-04-04,Chennai,Diesel,85.88
2021-04-04,Chennai,Petrol,92.58
2021-04-04,Delhi,Diesel,80.87
2021-04-04,Delhi,Petrol,90.56
2021-04-04,Kolkata,Diesel,83.75
2021-04-04,Kolkata,Petrol,90.77
2021-04-04,Mumbai,Diesel,87.96
2021-04-04,Mumbai,Petrol,96.98
2021-04-05,Chennai,Diesel,85.88
2021-04-05,Chennai,Petrol,92.58
2021-04-05,Delhi,Diesel,80.87
2021-04-05,Delhi,Petrol,90.56
2021-04-05,Kolkata,Diesel,83.75
2021-04-05,Kolkata,Petrol,90.77
2021-04-05,Mumbai,Diesel,87.96
2021-04-05,Mumbai,Petrol,96.98
2021-04-06,Chennai,Diesel,85.88
2021-04-06,Chennai,Petrol,92.58
2021-04-06,Delhi,Diesel,80.87
2021-04-06,Delhi,Petrol,90.56
2021-04-06,Kolkata,Diesel,83.75
2021-04-06,Kolkata,Petrol,90.77
2021-04-06,Mumbai,Diesel,87.96
2021-04-06,Mumbai,Petrol,96.98
2021-04-07,Chennai,Diesel,85.88
2021-04-07,Chennai,Petrol,92.58
2021-04-07,Delhi,Diesel,80.87
2021-04-07,Delhi,Petrol,90.56
2021-04-07,Kolkata,Diesel,83.75
2021-04-07,Kolkata,Petrol,90.77
2021-04-07,Mumbai,Diesel,87.96
2021-04-07,Mumbai,Petrol,96.98
2021-04-08,Chennai,Diesel,85.88
2021-04-08,Chennai,Petrol,92.58
2021-04-08,Delhi,Diesel,80.87
2021-04-08,Delhi,Petrol,90.56
2021-04-08,Kolkata,Diesel,83.75
2021-04-08,Kolkata,Petrol,90.77
2021-04-08,Mumbai,Diesel,87.96
2021-04-08,Mumbai,Petrol,96.98
2021-04-09,Chennai,Diesel,85.88
2021-04-09,Chennai,Petrol,92.58
2021-04-09,Delhi,Diesel,80.87
2021-04-09,Delhi,Petrol,90.56
2021-04-09,Kolkata,Diesel,83.75
2021-04-09,Kolkata,Petrol,90.77
2021-04-09,Mumbai,Diesel,87.96
2021-04-09,Mumbai,Petrol,96.98
2021-04-10,Chennai,Diesel,85.88
2021-04-10,Chennai,Petrol,92.58
2021-04-10,Delhi,Diesel,80.87
2021-04-10,Delhi,Petrol,90.56
2021-04-10,Kolkata,Diesel,83.75
2021-04-10,Kolkata,Petrol,90.77
2021-04-10,Mumbai,Diesel,87.96
2021-04-10,Mumbai,Petrol,96.98
2021-04-11,Chennai,Diesel,85.88
2021-04-11,Chennai,Petrol,92.58
2021-04-11,Delhi,Diesel,80.87
2021-04-11,Delhi,Petrol,90.56
2021-04-11,Kolkata,Diesel,83.75
2021-04-11,Kolkata,Petrol,90.77
2021-04-11,Mumbai,Diesel,87.96
2021-04-11,Mumbai,Petrol,96.98
2021-04-12,Chennai,Diesel,85.88
2021-04-12,Chennai,Petrol,92.58
2021-04-12,Delhi,Diesel,80.87
2021-04-12,Delhi,Petrol,90.56
2021-04-12,Kolkata,Diesel,83.75
2021-04-12,Kolkata,Petrol,90.77
2021-04-12,Mumbai,Diesel,87.96
2021-04-12,Mumbai,Petrol,96.98
2021-04-13,Chennai,Diesel,85.88
2021-04-13,Chennai,Petrol,92.58
2021-04-13,Delhi,Diesel,80.87
2021-04-13,Delhi,Petrol,90.56
2021-04-13,Kolkata,Diesel,83.75
2021-04-13,Kolkata,Petrol,90.77
2021-04-13,Mumbai,Diesel,87.96
2021-04-13,Mumbai,Petrol,96.98
2021-04-14,Chennai,Diesel,85.88
2021-04-14,Chennai,Petrol,92.58
2021-04-14,Delhi,Diesel,80.87
2021-04-14,Delhi,Petrol,90.56
2021-04-14,Kolkata,Diesel,83.75
2021-04-14,Kolkata,Petrol,90.77
2021-04-14,Mumbai,Diesel,87.96
2021-04-14,Mumbai,Petrol,96.98
2021-04-15,Chennai,Diesel,85.75
2021-04-15,Chennai,Petrol,92.43
2021-04-15,Delhi,Diesel,80.73
2021-04-15,Delhi,Petrol,90.4
2021-04-15,Kolkata,Diesel,83.61
2021-04-15,Kolkata,Petrol,90.62
2021-04-15,Mumbai,Diesel,87.81
2021-04-15,Mumbai,Petrol,96.83
2021-04-16,Chennai,Diesel,85.75
2021-04-16,Chennai,Petrol,92.43
2021-04-16,Delhi,Diesel,80.73
2021-04-16,Delhi,Petrol,90.4
2021-04-16,Kolkata,Diesel,83.61
2021-04-16,Kolkata,Petrol,90.62
2021-04-16,Mumbai,Diesel,87.81
2021-04-16,Mumbai,Petrol,96.83
2021-04-17,Chennai,Diesel,85.75
2021-04-17,Chennai,Petrol,92.43
2021-04-17,Delhi,Diesel,80.73
2021-04-17,Delhi,Petrol,90.4
2021-04-17,Kolkata,Diesel,83.61
2021-04-17,Kolkata,Petrol,90.62
2021-04-17,Mumbai,Diesel,87.81
2021-04-17,Mumbai,Petrol,96.83
2021-04-18,Chennai,Diesel,85.75
2021-04-18,Chennai,Petrol,92.43
2021-04-18,Delhi,Diesel,80.73
2021-04-18,Delhi,Petrol,90.4
2021-04-18,Kolkata,Diesel,83.61
2021-04-18,Kolkata,Petrol,90.62
2021-04-18,Mumbai,Diesel,87.81
2021-04-18,Mumbai,Petrol,96.83
2021-04-19,Chennai,Diesel,85.75
2021-04-19,Chennai,Petrol,92.43
2021-04-19,Delhi,Diesel,80.73
2021-04-19,Delhi,Petrol,90.4
2021-04-19,Kolkata,Diesel,83.61
2021-04-19,Kolkata,Petrol,90.62
2021-04-19,Mumbai,Diesel,87.81
2021-04-19,Mumbai,Petrol,96.83
2021-04-20,Chennai,Diesel,85.75
2021-04-20,Chennai,Petrol,92.43
2021-04-20,Delhi,Diesel,80.73
2021-04-20,Delhi,Petrol,90.4
2021-04-20,Kolkata,Diesel,83.61
2021-04-20,Kolkata,Petrol,90.62
2021-04-20,Mumbai,Diesel,87.81
2021-04-20,Mumbai,Petrol,96.83
2021-04-21,Chennai,Diesel,85.75
2021-04-21,Chennai,Petrol,92.43
2021-04-21,Delhi,Diesel,80.73
2021-04-21,Delhi,Petrol,90.4
2021-04-21,Kolkata,Diesel,83.61
2021-04-21,Kolkata,Petrol,90.62
2021-04-21,Mumbai,Diesel,87.81
2021-04-21,Mumbai,Petrol,96.83
2021-04-22,Chennai,Diesel,85.75
2021-04-22,Chennai,Petrol,92.43
2021-04-22,Delhi,Diesel,80.73
2021-04-22,Delhi,Petrol,90.4
2021-04-22,Kolkata,Diesel,83.61
2021-04-22,Kolkata,Petrol,90.62
2021-04-22,Mumbai,Diesel,87.81
2021-04-22,Mumbai,Petrol,96.83
2021-04-23,Chennai,Diesel,85.75
2021-04-23,Chennai,Petrol,92.43
2021-04-23,Delhi,Diesel,80.73
2021-04-23,Delhi,Petrol,90.4
2021-04-23,Kolkata,Diesel,83.61
2021-04-23,Kolkata,Petrol,90.62
2021-04-23,Mumbai,Diesel,87.81
2021-04-23,Mumbai,Petrol,96.83
2021-04-24,Chennai,Diesel,85.75
2021-04-24,Chennai,Petrol,92.43
2021-04-24,Delhi,Diesel,80.73
2021-04-24,Delhi,Petrol,90.4
2021-04-24,Kolkata,Diesel,83.61
2021-04-24,Kolkata,Petrol,90.62
2021-04-24,Mumbai,Diesel,87.81
2021-04-24,Mumbai,Petrol,96.83
2021-04-25,Chennai,Diesel,85.75
2021-04-25,Chennai,Petrol,92.43
2021-04-25,Delhi,Diesel,80.73
2021-04-25,Delhi,Petrol,90.4
2021-04-25,Kolkata,Diesel,83.61
2021-04-25,Kolkata,Petrol,90.62
2021-04-25,Mumbai,Diesel,87.81
2021-04-25,Mumbai,Petrol,96.83
2021-04-26,Chennai,Diesel,85.75
2021-04-26,Chennai,Petrol,92.43
2021-04-26,Delhi,Diesel,80.73
2021-04-26,Delhi,Petrol,90.4
2021-04-26,Kolkata,Diesel,83.61
2021-04-26,Kolkata,Petrol,90.62
2021-04-26,Mumbai,Diesel,87.81
2021-04-26,Mumbai,Petrol,96.83
2021-04-27,Chennai,Diesel,85.75
2021-04-27,Chennai,Petrol,92.43
2021-04-27,Delhi,Diesel,80.73
2021-04-27,Delhi,Petrol,90.4
2021-04-27,Kolkata,Diesel,83.61
2021-04-27,Kolkata,Petrol,90.62
2021-04-27,Mumbai,Diesel,87.81
2021-04-27,Mumbai,Petrol,96.83
2021-04-28,Chennai,Diesel,85.75
2021-04-28,Chennai,Petrol,92.43
2021-04-28,Delhi,Diesel,80.73
2021-04-28,Delhi,Petrol,90.4
2021-04-28,Kolkata,Diesel,83.61
2021-04-28,Kolkata,Petrol,90.62
2021-04-28,Mumbai,Diesel,87.81
2021-04-28,Mumbai,Petrol,96.83
2021-04-29,Chennai,Diesel,85.75
2021-04-29,Chennai,Petrol,92.43
2021-04-29,Delhi,Diesel,80.73
2021-04-29,Delhi,Petrol,90.4
2021-04-29,Kolkata,Diesel,83.61
2021-04-29,Kolkata,Petrol,90.62
2021-04-29,Mumbai,Diesel,87.81
2021-04-29,Mumbai,Petrol,96.83
2021-04-30,Chennai,Diesel,85.75
2021-04-30,Chennai,Petrol,92.43
2021-04-30,Delhi,Diesel,80.73
2021-04-30,Delhi,Petrol,90.4
2021-04-30,Kolkata,Diesel,83.61
2021-04-30,Kolkata,Petrol,90.62
2021-04-30,Mumbai,Diesel,87.81
2021-04-30,Mumbai,Petrol,96.83
2021-05-01,Chennai,Diesel,85.75
2021-05-01,Chennai,Petrol,92.43
2021-05-01,Delhi,Diesel,80.73
2021-05-01,Delhi,Petrol,90.4
2021-05-01,Kolkata,Diesel,83.61
2021-05-01,Kolkata,Petrol,90.62
2021-05-01,Mumbai,Diesel,87.81
2021-05-01,Mumbai,Petrol,96.83
2021-05-02,Chennai,Diesel,85.75
2021-05-02,Chennai,Petrol,92.43
2021-05-02,Delhi,Diesel,80.73
2021-05-02,Delhi,Petrol,90.4
2021-05-02,Kolkata,Diesel,83.61
2021-05-02,Kolkata,Petrol,90.62
2021-05-02,Mumbai,Diesel,87.81
2021-05-02,Mumbai,Petrol,96.83
2021-05-03,Chennai,Diesel,85.75
2021-05-03,Chennai,Petrol,92.43
2021-05-03,Delhi,Diesel,80.73
2021-05-03,Delhi,Petrol,90.4
2021-05-03,Kolkata,Diesel,83.61
2021-05-03,Kolkata,Petrol,90.62
2021-05-03,Mumbai,Diesel,87.81
2021-05-03,Mumbai,Petrol,96.83
2021-05-04,Chennai,Diesel,85.9
2021-05-04,Chennai,Petrol,92.55
2021-05-04,Delhi,Diesel,80.91
2021-05-04,Delhi,Petrol,90.55
2021-05-04,Kolkata,Diesel,83.78
2021-05-04,Kolkata,Petrol,90.76
2021-05-04,Mumbai,Diesel,87.98
2021-05-04,Mumbai,Petrol,96.95
2021-05-05,Chennai,Diesel,86.09
2021-05-05,Chennai,Petrol,92.7
2021-05-05,Delhi,Diesel,81.12
2021-05-05,Delhi,Petrol,90.74
2021-05-05,Kolkata,Diesel,83.98
2021-05-05,Kolkata,Petrol,90.92
2021-05-05,Mumbai,Diesel,88.19
2021-05-05,Mumbai,Petrol,97.12
2021-05-06,Chennai,Diesel,86.35
2021-05-06,Chennai,Petrol,92.9
2021-05-06,Delhi,Diesel,81.42
2021-05-06,Delhi,Petrol,90.99
2021-05-06,Kolkata,Diesel,84.26
2021-05-06,Kolkata,Petrol,91.14
2021-05-06,Mumbai,Diesel,88.49
2021-05-06,Mumbai,Petrol,97.34
2021-05-07,Chennai,Diesel,86.65
2021-05-07,Chennai,Petrol,93.15
2021-05-07,Delhi,Diesel,81.73
2021-05-07,Delhi,Petrol,91.27
2021-05-07,Kolkata,Diesel,84.57
2021-05-07,Kolkata,Petrol,91.41
2021-05-07,Mumbai,Diesel,88.82
2021-05-07,Mumbai,Petrol,97.61
2021-05-08,Chennai,Diesel,86.65
2021-05-08,Chennai,Petrol,93.15
2021-05-08,Delhi,Diesel,81.73
2021-05-08,Delhi,Petrol,91.27
2021-05-08,Kolkata,Diesel,84.57
2021-05-08,Kolkata,Petrol,91.41
2021-05-08,Mumbai,Diesel,88.82
2021-05-08,Mumbai,Petrol,97.61
2021-05-09,Chennai,Diesel,86.65
2021-05-09,Chennai,Petrol,93.15
2021-05-09,Delhi,Diesel,81.73
2021-05-09,Delhi,Petrol,91.27
2021-05-09,Kolkata,Diesel,84.57
2021-05-09,Kolkata,Petrol,91.41
2021-05-09,Mumbai,Diesel,88.82
2021-05-09,Mumbai,Petrol,97.61
2021-05-10,Chennai,Diesel,86.96
2021-05-10,Chennai,Petrol,93.38
2021-05-10,Delhi,Diesel,82.06
2021-05-10,Delhi,Petrol,91.53
2021-05-10,Kolkata,Diesel,84.9
2021-05-10,Kolkata,Petrol,91.66
2021-05-10,Mumbai,Diesel,89.17
2021-05-10,Mumbai,Petrol,97.86
2021-05-11,Chennai,Diesel,87.25
2021-05-11,Chennai,Petrol,93.62
2021-05-11,Delhi,Diesel,82.36
2021-05-11,Delhi,Petrol,91.8
2021-05-11,Kolkata,Diesel,85.2
2021-05-11,Kolkata,Petrol,91.92
2021-05-11,Mumbai,Diesel,89.48
2021-05-11,Mumbai,Petrol,98.12
2021-05-12,Chennai,Diesel,87.49
2021-05-12,Chennai,Petrol,93.84
2021-05-12,Delhi,Diesel,82.61
2021-05-12,Delhi,Petrol,92.05
2021-05-12,Kolkata,Diesel,85.45
2021-05-12,Kolkata,Petrol,92.16
2021-05-12,Mumbai,Diesel,89.75
2021-05-12,Mumbai,Petrol,98.36
2021-05-13,Chennai,Diesel,87.49
2021-05-13,Chennai,Petrol,93.84
2021-05-13,Delhi,Diesel,82.61
2021-05-13,Delhi,Petrol,92.05
2021-05-13,Kolkata,Diesel,85.45
2021-05-13,Kolkata,Petrol,92.16
2021-05-13,Mumbai,Diesel,89.75
2021-05-13,Mumbai,Petrol,98.36
2021-05-14,Chennai,Diesel,87.81
2021-05-14,Chennai,Petrol,94.09
2021-05-14,Delhi,Diesel,82.95
2021-05-14,Delhi,Petrol,92.34
2021-05-14,Kolkata,Diesel,85.79
2021-05-14,Kolkata,Petrol,92.44
2021-05-14,Mumbai,Diesel,90.11
2021-05-14,Mumbai,Petrol,98.65
2021-05-15,Chennai,Diesel,87.81
2021-05-15,Chennai,Petrol,94.09
2021-05-15,Delhi,Diesel,82.95
2021-05-15,Delhi,Petrol,92.34
2021-05-15,Kolkata,Diesel,85.79
2021-05-15,Kolkata,Petrol,92.44
2021-05-15,Mumbai,Diesel,90.11
2021-05-15,Mumbai,Petrol,98.65
2021-05-16,Chennai,Diesel,88.07
2021-05-16,Chennai,Petrol,94.31
2021-05-16,Delhi,Diesel,83.22
2021-05-16,Delhi,Petrol,92.58
2021-05-16,Kolkata,Diesel,86.06
2021-05-16,Kolkata,Petrol,92.67
2021-05-16,Mumbai,Diesel,90.4
2021-05-16,Mumbai,Petrol,98.88
2021-05-17,Chennai,Diesel,88.07
2021-05-17,Chennai,Petrol,94.31
2021-05-17,Delhi,Diesel,83.22
2021-05-17,Delhi,Petrol,92.58
2021-05-17,Kolkata,Diesel,86.06
2021-05-17,Kolkata,Petrol,92.67
2021-05-17,Mumbai,Diesel,90.4
2021-05-17,Mumbai,Petrol,98.88
2021-05-18,Chennai,Diesel,88.34
2021-05-18,Chennai,Petrol,94.54
2021-05-18,Delhi,Diesel,83.51
2021-05-18,Delhi,Petrol,92.85
2021-05-18,Kolkata,Diesel,86.35
2021-05-18,Kolkata,Petrol,92.92
2021-05-18,Mumbai,Diesel,90.71
2021-05-18,Mumbai,Petrol,99.14
2021-05-19,Chennai,Diesel,88.34
2021-05-19,Chennai,Petrol,94.54
2021-05-19,Delhi,Diesel,83.51
2021-05-19,Delhi,Petrol,92.85
2021-05-19,Kolkata,Diesel,86.35
2021-05-19,Kolkata,Petrol,92.92
2021-05-19,Mumbai,Diesel,90.71
2021-05-19,Mumbai,Petrol,99.14
2021-05-20,Chennai,Diesel,88.34
2021-05-20,Chennai,Petrol,94.54
2021-05-20,Delhi,Diesel,83.51
2021-05-20,Delhi,Petrol,92.85
2021-05-20,Kolkata,Diesel,86.35
2021-05-20,Kolkata,Petrol,92.92
2021-05-20,Mumbai,Diesel,90.71
2021-05-20,Mumbai,Petrol,99.14
2021-05-21,Chennai,Diesel,88.62
2021-05-21,Chennai,Petrol,94.71
2021-05-21,Delhi,Diesel,83.8
2021-05-21,Delhi,Petrol,93.04
2021-05-21,Kolkata,Diesel,86.64
2021-05-21,Kolkata,Petrol,93.11
2021-05-21,Mumbai,Diesel,91.01
2021-05-21,Mumbai,Petrol,99.32
2021-05-22,Chennai,Diesel,88.62
2021-05-22,Chennai,Petrol,94.71
2021-05-22,Delhi,Diesel,83.8
2021-05-22,Delhi,Petrol,93.04
2021-05-22,Kolkata,Diesel,86.64
2021-05-22,Kolkata,Petrol,93.11
2021-05-22,Mumbai,Diesel,91.01
2021-05-22,Mumbai,Petrol,99.32
2021-05-23,Chennai,Diesel,88.87
2021-05-23,Chennai,Petrol,94.86
2021-05-23,Delhi,Diesel,84.07
2021-05-23,Delhi,Petrol,93.21
2021-05-23,Kolkata,Diesel,86.91
2021-05-23,Kolkata,Petrol,93.27
2021-05-23,Mumbai,Diesel,91.3
2021-05-23,Mumbai,Petrol,99.49
2021-05-24,Chennai,Diesel,88.87
2021-05-24,Chennai,Petrol,94.86
2021-05-24,Delhi,Diesel,84.07
2021-05-24,Delhi,Petrol,93.21
2021-05-24,Kolkata,Diesel,86.91
2021-05-24,Kolkata,Petrol,93.27
2021-05-24,Mumbai,Diesel,91.3
2021-05-24,Mumbai,Petrol,99.49
2021-05-25,Chennai,Diesel,89.11
2021-05-25,Chennai,Petrol,95.06
2021-05-25,Delhi,Diesel,84.32
2021-05-25,Delhi,Petrol,93.44
2021-05-25,Kolkata,Diesel,87.16
2021-05-25,Kolkata,Petrol,93.49
2021-05-25,Mumbai,Diesel,91.57
2021-05-25,Mumbai,Petrol,99.71
2021-05-26,Chennai,Diesel,89.11
2021-05-26,Chennai,Petrol,95.06
2021-05-26,Delhi,Diesel,84.32
2021-05-26,Delhi,Petrol,93.44
2021-05-26,Kolkata,Diesel,87.16
2021-05-26,Kolkata,Petrol,93.49
2021-05-26,Mumbai,Diesel,91.57
2021-05-26,Mumbai,Petrol,99.71
2021-05-27,Chennai,Diesel,89.39
2021-05-27,Chennai,Petrol,95.28
2021-05-27,Delhi,Diesel,84.61
2021-05-27,Delhi,Petrol,93.68
2021-05-27,Kolkata,Diesel,87.46
2021-05-27,Kolkata,Petrol,93.72
2021-05-27,Mumbai,Diesel,91.87
2021-05-27,Mumbai,Petrol,99.94
2021-05-28,Chennai,Diesel,89.39
2021-05-28,Chennai,Petrol,95.28
2021-05-28,Delhi,Diesel,84.61
2021-05-28,Delhi,Petrol,93.68
2021-05-28,Kolkata,Diesel,87.46
2021-05-28,Kolkata,Petrol,93.72
2021-05-28,Mumbai,Diesel,91.87
2021-05-28,Mumbai,Petrol,99.94
2021-05-29,Chennai,Diesel,89.65
2021-05-29,Chennai,Petrol,95.51
2021-05-29,Delhi,Diesel,84.89
2021-05-29,Delhi,Petrol,93.94
2021-05-29,Kolkata,Diesel,87.74
2021-05-29,Kolkata,Petrol,93.97
2021-05-29,Mumbai,Diesel,92.17
2021-05-29,Mumbai,Petrol,100.19
2021-05-30,Chennai,Diesel,89.65
2021-05-30,Chennai,Petrol,95.51
2021-05-30,Delhi,Diesel,84.89
2021-05-30,Delhi,Petrol,93.94
2021-05-30,Kolkata,Diesel,87.74
2021-05-30,Kolkata,Petrol,93.97
2021-05-30,Mumbai,Diesel,92.17
2021-05-30,Mumbai,Petrol,100.19
2021-05-31,Chennai,Diesel,89.9
2021-05-31,Chennai,Petrol,95.76
2021-05-31,Delhi,Diesel,85.15
2021-05-31,Delhi,Petrol,94.23
2021-05-31,Kolkata,Diesel,88.0
2021-05-31,Kolkata,Petrol,94.25
2021-05-31,Mumbai,Diesel,92.45
2021-05-31,Mumbai,Petrol,100.47
2021-06-01,Chennai,Diesel,90.12
2021-06-01,Chennai,Petrol,95.99
2021-06-01,Delhi,Diesel,85.38
2021-06-01,Delhi,Petrol,94.49
2021-06-01,Kolkata,Diesel,88.23
2021-06-01,Kolkata,Petrol,94.5
2021-06-01,Mumbai,Diesel,92.69
2021-06-01,Mumbai,Petrol,100.72
2021-06-02,Chennai,Diesel,90.12
2021-06-02,Chennai,Petrol,95.99
2021-06-02,Delhi,Diesel,85.38
2021-06-02,Delhi,Petrol,94.49
2021-06-02,Kolkata,Diesel,88.23
2021-06-02,Kolkata,Petrol,94.5
2021-06-02,Mumbai,Diesel,92.69
2021-06-02,Mumbai,Petrol,100.72
2021-06-03,Chennai,Diesel,90.12
2021-06-03,Chennai,Petrol,95.99
2021-06-03,Delhi,Diesel,85.38
2021-06-03,Delhi,Petrol,94.49
2021-06-03,Kolkata,Diesel,88.23
2021-06-03,Kolkata,Petrol,94.5
2021-06-03,Mumbai,Diesel,92.69
2021-06-03,Mumbai,Petrol,100.72
2021-06-04,Chennai,Diesel,90.38
2021-06-04,Chennai,Petrol,96.23
2021-06-04,Delhi,Diesel,85.66
2021-06-04,Delhi,Petrol,94.76
2021-06-04,Kolkata,Diesel,88.51
2021-06-04,Kolkata,Petrol,94.76
2021-06-04,Mumbai,Diesel,92.99
2021-06-04,Mumbai,Petrol,100.98
2021-06-05,Chennai,Diesel,90.38
2021-06-05,Chennai,Petrol,96.23
2021-06-05,Delhi,Diesel,85.66
2021-06-05,Delhi,Petrol,94.76
2021-06-05,Kolkata,Diesel,88.51
2021-06-05,Kolkata,Petrol,94.76
2021-06-05,Mumbai,Diesel,92.99
2021-06-05,Mumbai,Petrol,100.98
2021-06-06,Chennai,Diesel,90.66
2021-06-06,Chennai,Petrol,96.47
2021-06-06,Delhi,Diesel,85.95
2021-06-06,Delhi,Petrol,95.03
2021-06-06,Kolkata,Diesel,88.8
2021-06-06,Kolkata,Petrol,95.02
2021-06-06,Mumbai,Diesel,93.3
2021-06-06,Mumbai,Petrol,101.25
2021-06-07,Chennai,Diesel,90.92
2021-06-07,Chennai,Petrol,96.71
2021-06-07,Delhi,Diesel,86.22
2021-06-07,Delhi,Petrol,95.31
2021-06-07,Kolkata,Diesel,89.07
2021-06-07,Kolkata,Petrol,95.28
2021-06-07,Mumbai,Diesel,93.58
2021-06-07,Mumbai,Petrol,101.52
2021-06-08,Chennai,Diesel,90.92
2021-06-08,Chennai,Petrol,96.71
2021-06-08,Delhi,Diesel,86.22
2021-06-08,Delhi,Petrol,95.31
2021-06-08,Kolkata,Diesel,89.07
2021-06-08,Kolkata,Petrol,95.28
2021-06-08,Mumbai,Diesel,93.58
2021-06-08,Mumbai,Petrol,101.52
2021-06-09,Chennai,Diesel,91.15
2021-06-09,Chennai,Petrol,96.94
2021-06-09,Delhi,Diesel,86.47
2021-06-09,Delhi,Petrol,95.56
2021-06-09,Kolkata,Diesel,89.32
2021-06-09,Kolkata,Petrol,95.52
2021-06-09,Mumbai,Diesel,93.85
2021-06-09,Mumbai,Petrol,101.76
2021-06-10,Chennai,Diesel,91.15
2021-06-10,Chennai,Petrol,96.94
2021-06-10,Delhi,Diesel,86.47
2021-06-10,Delhi,Petrol,95.56
2021-06-10,Kolkata,Diesel,89.32
2021-06-10,Kolkata,Petrol,95.52
2021-06-10,Mumbai,Diesel,93.85
2021-06-10,Mumbai,Petrol,101.76
2021-06-11,Chennai,Diesel,91.42
2021-06-11,Chennai,Petrol,97.19
2021-06-11,Delhi,Diesel,86.75
2021-06-11,Delhi,Petrol,95.85
2021-06-11,Kolkata,Diesel,89.6
2021-06-11,Kolkata,Petrol,95.8
2021-06-11,Mumbai,Diesel,94.15
2021-06-11,Mumbai,Petrol,102.04
2021-06-12,Chennai,Diesel,91.64
2021-06-12,Chennai,Petrol,97.43
2021-06-12,Delhi,Diesel,86.98
2021-06-12,Delhi,Petrol,96.12
2021-06-12,Kolkata,Diesel,89.83
2021-06-12,Kolkata,Petrol,96.06
2021-06-12,Mumbai,Diesel,94.39
2021-06-12,Mumbai,Petrol,102.3
2021-06-13,Chennai,Diesel,91.64
2021-06-13,Chennai,Petrol,97.43
2021-06-13,Delhi,Diesel,86.98
2021-06-13,Delhi,Petrol,96.12
2021-06-13,Kolkata,Diesel,89.83
2021-06-13,Kolkata,Petrol,96.06
2021-06-13,Mumbai,Diesel,94.39
2021-06-13,Mumbai,Petrol,102.3
2021-06-14,Chennai,Diesel,91.92
2021-06-14,Chennai,Petrol,97.69
2021-06-14,Delhi,Diesel,87.28
2021-06-14,Delhi,Petrol,96.41
2021-06-14,Kolkata,Diesel,90.12
2021-06-14,Kolkata,Petrol,96.34
2021-06-14,Mumbai,Diesel,94.7
2021-06-14,Mumbai,Petrol,102.58
2021-06-15,Chennai,Diesel,91.92
2021-06-15,Chennai,Petrol,97.69
2021-06-15,Delhi,Diesel,87.28
2021-06-15,Delhi,Petrol,96.41
2021-06-15,Kolkata,Diesel,90.12
2021-06-15,Kolkata,Petrol,96.34
2021-06-15,Mumbai,Diesel,94.7
2021-06-15,Mumbai,Petrol,102.58
2021-06-16,Chennai,Diesel,92.04
2021-06-16,Chennai,Petrol,97.91
2021-06-16,Delhi,Diesel,87.41
2021-06-16,Delhi,Petrol,96.66
2021-06-16,Kolkata,Diesel,90.25
2021-06-16,Kolkata,Petrol,96.58
2021-06-16,Mumbai,Diesel,94.84
2021-06-16,Mumbai,Petrol,102.82
2021-06-17,Chennai,Diesel,92.04
2021-06-17,Chennai,Petrol,97.91
2021-06-17,Delhi,Diesel,87.41
2021-06-17,Delhi,Petrol,96.66
2021-06-17,Kolkata,Diesel,90.25
2021-06-17,Kolkata,Petrol,96.58
2021-06-17,Mumbai,Diesel,94.84
2021-06-17,Mumbai,Petrol,102.82
2021-06-18,Chennai,Diesel,92.31
2021-06-18,Chennai,Petrol,98.14
2021-06-18,Delhi,Diesel,87.69
2021-06-18,Delhi,Petrol,96.93
2021-06-18,Kolkata,Diesel,90.54
2021-06-18,Kolkata,Petrol,96.84
2021-06-18,Mumbai,Diesel,95.14
2021-06-18,Mumbai,Petrol,103.08
2021-06-19,Chennai,Diesel,92.31
2021-06-19,Chennai,Petrol,98.14
2021-06-19,Delhi,Diesel,87.69
2021-06-19,Delhi,Petrol,96.93
2021-06-19,Kolkata,Diesel,90.54
2021-06-19,Kolkata,Petrol,96.84
2021-06-19,Mumbai,Diesel,95.14
2021-06-19,Mumbai,Petrol,103.08
2021-06-20,Chennai,Diesel,92.58
2021-06-20,Chennai,Petrol,98.4
2021-06-20,Delhi,Diesel,87.97
2021-06-20,Delhi,Petrol,97.22
2021-06-20,Kolkata,Diesel,90.82
2021-06-20,Kolkata,Petrol,97.12
2021-06-20,Mumbai,Diesel,95.44
2021-06-20,Mumbai,Petrol,103.36
2021-06-21,Chennai,Diesel,92.58
2021-06-21,Chennai,Petrol,98.4
2021-06-21,Delhi,Diesel,87.97
2021-06-21,Delhi,Petrol,97.22
2021-06-21,Kolkata,Diesel,90.82
2021-06-21,Kolkata,Petrol,97.12
2021-06-21,Mumbai,Diesel,95.44
2021-06-21,Mumbai,Petrol,103.36
2021-06-22,Chennai,Diesel,92.83
2021-06-22,Chennai,Petrol,98.65
2021-06-22,Delhi,Diesel,88.23
2021-06-22,Delhi,Petrol,97.5
2021-06-22,Kolkata,Diesel,91.08
2021-06-22,Kolkata,Petrol,97.38
2021-06-22,Mumbai,Diesel,95.72
2021-06-22,Mumbai,Petrol,103.63
2021-06-23,Chennai,Diesel,92.83
2021-06-23,Chennai,Petrol,98.65
2021-06-23,Delhi,Diesel,88.23
2021-06-23,Delhi,Petrol,97.5
2021-06-23,Kolkata,Diesel,91.08
2021-06-23,Kolkata,Petrol,97.38
2021-06-23,Mumbai,Diesel,95.72
2021-06-23,Mumbai,Petrol,103.63
2021-06-24,Chennai,Diesel,92.89
2021-06-24,Chennai,Petrol,98.88
2021-06-24,Delhi,Diesel,88.3
2021-06-24,Delhi,Petrol,97.76
2021-06-24,Kolkata,Diesel,91.15
2021-06-24,Kolkata,Petrol,97.63
2021-06-24,Mumbai,Diesel,95.79
2021-06-24,Mumbai,Petrol,103.89
2021-06-25,Chennai,Diesel,92.89
2021-06-25,Chennai,Petrol,98.88
2021-06-25,Delhi,Diesel,88.3
2021-06-25,Delhi,Petrol,97.76
2021-06-25,Kolkata,Diesel,91.15
2021-06-25,Kolkata,Petrol,97.63
2021-06-25,Mumbai,Diesel,95.79
2021-06-25,Mumbai,Petrol,103.89
2021-06-26,Chennai,Diesel,93.23
2021-06-26,Chennai,Petrol,99.19
2021-06-26,Delhi,Diesel,88.65
2021-06-26,Delhi,Petrol,98.11
2021-06-26,Kolkata,Diesel,91.5
2021-06-26,Kolkata,Petrol,97.97
2021-06-26,Mumbai,Diesel,96.16
2021-06-26,Mumbai,Petrol,104.22
2021-06-27,Chennai,Diesel,93.46
2021-06-27,Chennai,Petrol,99.49
2021-06-27,Delhi,Diesel,88.9
2021-06-27,Delhi,Petrol,98.46
2021-06-27,Kolkata,Diesel,91.75
2021-06-27,Kolkata,Petrol,98.3
2021-06-27,Mumbai,Diesel,96.42
2021-06-27,Mumbai,Petrol,104.56
2021-06-28,Chennai,Diesel,93.46
2021-06-28,Chennai,Petrol,99.49
2021-06-28,Delhi,Diesel,88.9
2021-06-28,Delhi,Petrol,98.46
2021-06-28,Kolkata,Diesel,91.75
2021-06-28,Kolkata,Petrol,98.3
2021-06-28,Mumbai,Diesel,96.42
2021-06-28,Mumbai,Petrol,104.56
2021-06-29,Chennai,Diesel,93.72
2021-06-29,Chennai,Petrol,99.8
2021-06-29,Delhi,Diesel,89.18
2021-06-29,Delhi,Petrol,98.81
2021-06-29,Kolkata,Diesel,92.03
2021-06-29,Kolkata,Petrol,98.64
2021-06-29,Mumbai,Diesel,96.72
2021-06-29,Mumbai,Petrol,104.9
2021-06-30,Chennai,Diesel,93.72
2021-06-30,Chennai,Petrol,99.8
2021-06-30,Delhi,Diesel,89.18
2021-06-30,Delhi,Petrol,98.81
2021-06-30,Kolkata,Diesel,92.03
2021-06-30,Kolkata,Petrol,98.64
2021-06-30,Mumbai,Diesel,96.72
2021-06-30,Mumbai,Petrol,104.9
2021-07-01,Chennai,Diesel,93.72
2021-07-01,Chennai,Petrol,99.8
2021-07-01,Delhi,Diesel,89.18
2021-07-01,Delhi,Petrol,98.81
2021-07-01,Kolkata,Diesel,92.03
2021-07-01,Kolkata,Petrol,98.64
2021-07-01,Mumbai,Diesel,96.72
2021-07-01,Mumbai,Petrol,104.9
2021-07-02,Chennai,Diesel,93.72
2021-07-02,Chennai,Petrol,100.13
2021-07-02,Delhi,Diesel,89.18
2021-07-02,Delhi,Petrol,99.16
2021-07-02,Kolkata,Diesel,92.03
2021-07-02,Kolkata,Petrol,99.04
2021-07-02,Mumbai,Diesel,96.72
2021-07-02,Mumbai,Petrol,105.24
2021-07-03,Chennai,Diesel,93.72
2021-07-03,Chennai,Petrol,100.13
2021-07-03,Delhi,Diesel,89.18
2021-07-03,Delhi,Petrol,99.16
2021-07-03,Kolkata,Diesel,92.03
2021-07-03,Kolkata,Petrol,99.04
2021-07-03,Mumbai,Diesel,96.72
2021-07-03,Mumbai,Petrol,105.24
2021-07-04,Chennai,Diesel,93.91
2021-07-04,Chennai,Petrol,100.44
2021-07-04,Delhi,Diesel,89.36
2021-07-04,Delhi,Petrol,99.51
2021-07-04,Kolkata,Diesel,92.27
2021-07-04,Kolkata,Petrol,99.45
2021-07-04,Mumbai,Diesel,96.91
2021-07-04,Mumbai,Petrol,105.58
2021-07-05,Chennai,Diesel,93.91
2021-07-05,Chennai,Petrol,100.75
2021-07-05,Delhi,Diesel,89.36
2021-07-05,Delhi,Petrol,99.86
2021-07-05,Kolkata,Diesel,92.27
2021-07-05,Kolkata,Petrol,99.84
2021-07-05,Mumbai,Diesel,96.91
2021-07-05,Mumbai,Petrol,105.92
2021-07-06,Chennai,Diesel,93.91
2021-07-06,Chennai,Petrol,100.75
2021-07-06,Delhi,Diesel,89.36
2021-07-06,Delhi,Petrol,99.86
2021-07-06,Kolkata,Diesel,92.27
2021-07-06,Kolkata,Petrol,99.84
2021-07-06,Mumbai,Diesel,96.91
2021-07-06,Mumbai,Petrol,105.92
2021-07-07,Chennai,Diesel,94.06
2021-07-07,Chennai,Petrol,101.06
2021-07-07,Delhi,Diesel,89.53
2021-07-07,Delhi,Petrol,100.21
2021-07-07,Kolkata,Diesel,92.5
2021-07-07,Kolkata,Petrol,100.23
2021-07-07,Mumbai,Diesel,97.09
2021-07-07,Mumbai,Petrol,106.25
2021-07-08,Chennai,Diesel,94.15
2021-07-08,Chennai,Petrol,101.37
2021-07-08,Delhi,Diesel,89.62
2021-07-08,Delhi,Petrol,100.56
2021-07-08,Kolkata,Diesel,92.65
2021-07-08,Kolkata,Petrol,100.62
2021-07-08,Mumbai,Diesel,97.18
2021-07-08,Mumbai,Petrol,106.59
2021-07-09,Chennai,Diesel,94.15
2021-07-09,Chennai,Petrol,101.37
2021-07-09,Delhi,Diesel,89.62
2021-07-09,Delhi,Petrol,100.56
2021-07-09,Kolkata,Diesel,92.65
2021-07-09,Kolkata,Petrol,100.62
2021-07-09,Mumbai,Diesel,97.18
2021-07-09,Mumbai,Petrol,106.59
2021-07-10,Chennai,Diesel,94.39
2021-07-10,Chennai,Petrol,101.67
2021-07-10,Delhi,Diesel,89.88
2021-07-10,Delhi,Petrol,100.91
2021-07-10,Kolkata,Diesel,92.97
2021-07-10,Kolkata,Petrol,101.01
2021-07-10,Mumbai,Diesel,97.46
2021-07-10,Mumbai,Petrol,106.93
2021-07-11,Chennai,Diesel,94.39
2021-07-11,Chennai,Petrol,101.67
2021-07-11,Delhi,Diesel,89.88
2021-07-11,Delhi,Petrol,100.91
2021-07-11,Kolkata,Diesel,92.97
2021-07-11,Kolkata,Petrol,101.01
2021-07-11,Mumbai,Diesel,97.46
2021-07-11,Mumbai,Petrol,106.93
2021-07-12,Chennai,Diesel,94.24
2021-07-12,Chennai,Petrol,101.92
2021-07-12,Delhi,Diesel,89.72
2021-07-12,Delhi,Petrol,101.19
2021-07-12,Kolkata,Diesel,92.81
2021-07-12,Kolkata,Petrol,101.35
2021-07-12,Mumbai,Diesel,97.29
2021-07-12,Mumbai,Petrol,107.2
2021-07-13,Chennai,Diesel,94.24
2021-07-13,Chennai,Petrol,101.92
2021-07-13,Delhi,Diesel,89.72
2021-07-13,Delhi,Petrol,101.19
2021-07-13,Kolkata,Diesel,92.81
2021-07-13,Kolkata,Petrol,101.35
2021-07-13,Mumbai,Diesel,97.29
2021-07-13,Mumbai,Petrol,107.2
2021-07-14,Chennai,Diesel,94.24
2021-07-14,Chennai,Petrol,101.92
2021-07-14,Delhi,Diesel,89.72
2021-07-14,Delhi,Petrol,101.19
2021-07-14,Kolkata,Diesel,92.81
2021-07-14,Kolkata,Petrol,101.35
2021-07-14,Mumbai,Diesel,97.29
2021-07-14,Mumbai,Petrol,107.2
2021-07-15,Chennai,Diesel,94.39
2021-07-15,Chennai,Petrol,102.23
2021-07-15,Delhi,Diesel,89.87
2021-07-15,Delhi,Petrol,101.54
2021-07-15,Kolkata,Diesel,93.02
2021-07-15,Kolkata,Petrol,101.74
2021-07-15,Mumbai,Diesel,97.45
2021-07-15,Mumbai,Petrol,107.54
2021-07-16,Chennai,Diesel,94.39
2021-07-16,Chennai,Petrol,102.23
2021-07-16,Delhi,Diesel,89.87
2021-07-16,Delhi,Petrol,101.54
2021-07-16,Kolkata,Diesel,93.02
2021-07-16,Kolkata,Petrol,101.74
2021-07-16,Mumbai,Diesel,97.45
2021-07-16,Mumbai,Petrol,107.54
2021-07-17,Chennai,Diesel,94.39
2021-07-17,Chennai,Petrol,102.49
2021-07-17,Delhi,Diesel,89.87
2021-07-17,Delhi,Petrol,101.84
2021-07-17,Kolkata,Diesel,93.02
2021-07-17,Kolkata,Petrol,102.08
2021-07-17,Mumbai,Diesel,97.45
2021-07-17,Mumbai,Petrol,107.83
2021-07-18,Chennai,Diesel,94.39
2021-07-18,Chennai,Petrol,102.49
2021-07-18,Delhi,Diesel,89.87
2021-07-18,Delhi,Petrol,101.84
2021-07-18,Kolkata,Diesel,93.02
2021-07-18,Kolkata,Petrol,102.08
2021-07-18,Mumbai,Diesel,97.45
2021-07-18,Mumbai,Petrol,107.83
2021-07-19,Chennai,Diesel,94.39
2021-07-19,Chennai,Petrol,102.49
2021-07-19,Delhi,Diesel,89.87
2021-07-19,Delhi,Petrol,101.84
2021-07-19,Kolkata,Diesel,93.02
2021-07-19,Kolkata,Petrol,102.08
2021-07-19,Mumbai,Diesel,97.45
2021-07-19,Mumbai,Petrol,107.83
2021-07-20,Chennai,Diesel,94.39
2021-07-20,Chennai,Petrol,102.49
2021-07-20,Delhi,Diesel,89.87
2021-07-20,Delhi,Petrol,101.84
2021-07-20,Kolkata,Diesel,93.02
2021-07-20,Kolkata,Petrol,102.08
2021-07-20,Mumbai,Diesel,97.45
2021-07-20,Mumbai,Petrol,107.83
2021-07-21,Chennai,Diesel,94.39
2021-07-21,Chennai,Petrol,102.49
2021-07-21,Delhi,Diesel,89.87
2021-07-21,Delhi,Petrol,101.84
2021-07-21,Kolkata,Diesel,93.02
2021-07-21,Kolkata,Petrol,102.08
2021-07-21,Mumbai,Diesel,97.45
2021-07-21,Mumbai,Petrol,107.83
2021-07-22,Chennai,Diesel,94.39
2021-07-22,Chennai,Petrol,102.49
2021-07-22,Delhi,Diesel,89.87
2021-07-22,Delhi,Petrol,101.84
2021-07-22,Kolkata,Diesel,93.02
2021-07-22,Kolkata,Petrol,102.08
2021-07-22,Mumbai,Diesel,97.45
2021-07-22,Mumbai,Petrol,107.83
2021-07-23,Chennai,Diesel,94.39
2021-07-23,Chennai,Petrol,102.49
2021-07-23,Delhi,Diesel,89.87
2021-07-23,Delhi,Petrol,101.84
2021-07-23,Kolkata,Diesel,93.02
2021-07-23,Kolkata,Petrol,102.08
2021-07-23,Mumbai,Diesel,97.45
2021-07-23,Mumbai,Petrol,107.83
2021-07-24,Chennai,Diesel,94.39
2021-07-24,Chennai,Petrol,102.49
2021-07-24,Delhi,Diesel,89.87
2021-07-24,Delhi,Petrol,101.84
2021-07-24,Kolkata,Diesel,93.02
2021-07-24,Kolkata,Petrol,102.08
2021-07-24,Mumbai,Diesel,97.45
2021-07-24,Mumbai,Petrol,107.83
2021-07-25,Chennai,Diesel,94.39
2021-07-25,Chennai,Petrol,102.49
2021-07-25,Delhi,Diesel,89.87
2021-07-25,Delhi,Petrol,101.84
2021-07-25,Kolkata,Diesel,93.02
2021-07-25,Kolkata,Petrol,102.08
2021-07-25,Mumbai,Diesel,97.45
2021-07-25,Mumbai,Petrol,107.83
2021-07-26,Chennai,Diesel,94.39
2021-07-26,Chennai,Petrol,102.49
2021-07-26,Delhi,Diesel,89.87
2021-07-26,Delhi,Petrol,101.84
2021-07-26,Kolkata,Diesel,93.02
2021-07-26,Kolkata,Petrol,102.08
2021-07-26,Mumbai,Diesel,97.45
2021-07-26,Mumbai,Petrol,107.83
2021-07-27,Chennai,Diesel,94.39
2021-07-27,Chennai,Petrol,102.49
2021-07-27,Delhi,Diesel,89.87
2021-07-27,Delhi,Petrol,101.84
2021-07-27,Kolkata,Diesel,93.02
2021-07-27,Kolkata,Petrol,102.08
2021-07-27,Mumbai,Diesel,97.45
2021-07-27,Mumbai,Petrol,107.83
2021-07-28,Chennai,Diesel,94.39
2021-07-28,Chennai,Petrol,102.49
2021-07-28,Delhi,Diesel,89.87
2021-07-28,Delhi,Petrol,101.84
2021-07-28,Kolkata,Diesel,93.02
2021-07-28,Kolkata,Petrol,102.08
2021-07-28,Mumbai,Diesel,97.45
2021-07-28,Mumbai,Petrol,107.83
2021-07-29,Chennai,Diesel,94.39
2021-07-29,Chennai,Petrol,102.49
2021-07-29,Delhi,Diesel,89.87
2021-07-29,Delhi,Petrol,101.84
2021-07-29,Kolkata,Diesel,93.02
2021-07-29,Kolkata,Petrol,102.08
2021-07-29,Mumbai,Diesel,97.45
2021-07-29,Mumbai,Petrol,107.83
2021-07-30,Chennai,Diesel,94.39
2021-07-30,Chennai,Petrol,102.49
2021-07-30,Delhi,Diesel,89.87
2021-07-30,Delhi,Petrol,101.84
2021-07-30,Kolkata,Diesel,93.02
2021-07-30,Kolkata,Petrol,102.08
2021-07-30,Mumbai,Diesel,97.45
2021-07-30,Mumbai,Petrol,107.83
2021-07-31,Chennai,Diesel,94.39
2021-07-31,Chennai,Petrol,102.49
2021-07-31,Delhi,Diesel,89.87
2021-07-31,Delhi,Petrol,101.84
2021-07-31,Kolkata,Diesel,93.02
2021-07-31,Kolkata,Petrol,102.08
2021-07-31,Mumbai,Diesel,97.45
2021-07-31,Mumbai,Petrol,107.83
2021-08-01,Chennai,Diesel,94.39
2021-08-01,Chennai,Petrol,102.49
2021-08-01,Delhi,Diesel,89.87
2021-08-01,Delhi,Petrol,101.84
2021-08-01,Kolkata,Diesel,93.02
2021-08-01,Kolkata,Petrol,102.08
2021-08-01,Mumbai,Diesel,97.45
2021-08-01,Mumbai,Petrol,107.83
2021-08-02,Chennai,Diesel,94.39
2021-08-02,Chennai,Petrol,102.49
2021-08-02,Delhi,Diesel,89.87
2021-08-02,Delhi,Petrol,101.84
2021-08-02,Kolkata,Diesel,93.02
2021-08-02,Kolkata,Petrol,102.08
2021-08-02,Mumbai,Diesel,97.45
2021-08-02,Mumbai,Petrol,107.83
2021-08-03,Chennai,Diesel,94.39
2021-08-03,Chennai,Petrol,102.49
2021-08-03,Delhi,Diesel,89.87
2021-08-03,Delhi,Petrol,101.84
2021-08-03,Kolkata,Diesel,93.02
2021-08-03,Kolkata,Petrol,102.08
2021-08-03,Mumbai,Diesel,97.45
2021-08-03,Mumbai,Petrol,107.83
2021-08-04,Chennai,Diesel,94.39
2021-08-04,Chennai,Petrol,102.49
2021-08-04,Delhi,Diesel,89.87
2021-08-04,Delhi,Petrol,101.84
2021-08-04,Kolkata,Diesel,93.02
2021-08-04,Kolkata,Petrol,102.08
2021-08-04,Mumbai,Diesel,97.45
2021-08-04,Mumbai,Petrol,107.83
2021-08-05,Chennai,Diesel,94.39
2021-08-05,Chennai,Petrol,102.49
2021-08-05,Delhi,Diesel,89.87
2021-08-05,Delhi,Petrol,101.84
2021-08-05,Kolkata,Diesel,93.02
2021-08-05,Kolkata,Petrol,102.08
2021-08-05,Mumbai,Diesel,97.45
2021-08-05,Mumbai,Petrol,107.83
2021-08-06,Chennai,Diesel,94.39
2021-08-06,Chennai,Petrol,102.49
2021-08-06,Delhi,Diesel,89.87
2021-08-06,Delhi,Petrol,101.84
2021-08-06,Kolkata,Diesel,93.02
2021-08-06,Kolkata,Petrol,102.08
2021-08-06,Mumbai,Diesel,97.45
2021-08-06,Mumbai,Petrol,107.83
2021-08-07,Chennai,Diesel,94.39
2021-08-07,Chennai,Petrol,102.49
2021-08-07,Delhi,Diesel,89.87
2021-08-07,Delhi,Petrol,101.84
2021-08-07,Kolkata,Diesel,93.02
2021-08-07,Kolkata,Petrol,102.08
2021-08-07,Mumbai,Diesel,97.45
2021-08-07,Mumbai,Petrol,107.83
2021-08-08,Chennai,Diesel,94.39
2021-08-08,Chennai,Petrol,102.49
2021-08-08,Delhi,Diesel,89.87
2021-08-08,Delhi,Petrol,101.84
2021-08-08,Kolkata,Diesel,93.02
2021-08-08,Kolkata,Petrol,102.08
2021-08-08,Mumbai,Diesel,97.45
2021-08-08,Mumbai,Petrol,107.83
2021-08-09,Chennai,Diesel,94.39
2021-08-09,Chennai,Petrol,102.49
2021-08-09,Delhi,Diesel,89.87
2021-08-09,Delhi,Petrol,101.84
2021-08-09,Kolkata,Diesel,93.02
2021-08-09,Kolkata,Petrol,102.08
2021-08-09,Mumbai,Diesel,97.45
2021-08-09,Mumbai,Petrol,107.83
2021-08-10,Chennai,Diesel,94.39
2021-08-10,Chennai,Petrol,102.49
2021-08-10,Delhi,Diesel,89.87
2021-08-10,Delhi,Petrol,101.84
2021-08-10,Kolkata,Diesel,93.02
2021-08-10,Kolkata,Petrol,102.08
2021-08-10,Mumbai,Diesel,97.45
2021-08-10,Mumbai,Petrol,107.83
2021-08-11,Chennai,Diesel,94.39
2021-08-11,Chennai,Petrol,102.49
2021-08-11,Delhi,Diesel,89.87
2021-08-11,Delhi,Petrol,101.84
2021-08-11,Kolkata,Diesel,93.02
2021-08-11,Kolkata,Petrol,102.08
2021-08-11,Mumbai,Diesel,97.45
2021-08-11,Mumbai,Petrol,107.83
2021-08-12,Chennai,Diesel,94.39
2021-08-12,Chennai,Petrol,102.49
2021-08-12,Delhi,Diesel,89.87
2021-08-12,Delhi,Petrol,101.84
2021-08-12,Kolkata,Diesel,93.02
2021-08-12,Kolkata,Petrol,102.08
2021-08-12,Mumbai,Diesel,97.45
2021-08-12,Mumbai,Petrol,107.83
2021-08-13,Chennai,Diesel,94.39
2021-08-13,Chennai,Petrol,102.49
2021-08-13,Delhi,Diesel,89.87
2021-08-13,Delhi,Petrol,101.84
2021-08-13,Kolkata,Diesel,93.02
2021-08-13,Kolkata,Petrol,102.08
2021-08-13,Mumbai,Diesel,97.45
2021-08-13,Mumbai,Petrol,107.83
2021-08-14,Chennai,Diesel,94.39
2021-08-14,Chennai,Petrol,99.47
2021-08-14,Delhi,Diesel,89.87
2021-08-14,Delhi,Petrol,101.84
2021-08-14,Kolkata,Diesel,93.02
2021-08-14,Kolkata,Petrol,102.08
2021-08-14,Mumbai,Diesel,97.45
2021-08-14,Mumbai,Petrol,107.83
2021-08-15,Chennai,Diesel,94.39
2021-08-15,Chennai,Petrol,99.47
2021-08-15,Delhi,Diesel,89.87
2021-08-15,Delhi,Petrol,101.84
2021-08-15,Kolkata,Diesel,93.02
2021-08-15,Kolkata,Petrol,102.08
2021-08-15,Mumbai,Diesel,97.45
2021-08-15,Mumbai,Petrol,107.83
2021-08-16,Chennai,Diesel,94.39
2021-08-16,Chennai,Petrol,99.47
2021-08-16,Delhi,Diesel,89.87
2021-08-16,Delhi,Petrol,101.84
2021-08-16,Kolkata,Diesel,93.02
2021-08-16,Kolkata,Petrol,102.08
2021-08-16,Mumbai,Diesel,97.45
2021-08-16,Mumbai,Petrol,107.83
2021-08-17,Chennai,Diesel,94.39
2021-08-17,Chennai,Petrol,99.47
2021-08-17,Delhi,Diesel,89.87
2021-08-17,Delhi,Petrol,101.84
2021-08-17,Kolkata,Diesel,93.02
2021-08-17,Kolkata,Petrol,102.08
2021-08-17,Mumbai,Diesel,97.45
2021-08-17,Mumbai,Petrol,107.83
2021-08-18,Chennai,Diesel,94.2
2021-08-18,Chennai,Petrol,99.47
2021-08-18,Delhi,Diesel,89.67
2021-08-18,Delhi,Petrol,101.84
2021-08-18,Kolkata,Diesel,92.82
2021-08-18,Kolkata,Petrol,102.08
2021-08-18,Mumbai,Diesel,97.24
2021-08-18,Mumbai,Petrol,107.83
2021-08-19,Chennai,Diesel,94.02
2021-08-19,Chennai,Petrol,99.47
2021-08-19,Delhi,Diesel,89.47
2021-08-19,Delhi,Petrol,101.84
2021-08-19,Kolkata,Diesel,92.57
2021-08-19,Kolkata,Petrol,102.08
2021-08-19,Mumbai,Diesel,97.04
2021-08-19,Mumbai,Petrol,107.83
2021-08-20,Chennai,Diesel,93.84
2021-08-20,Chennai,Petrol,99.47
2021-08-20,Delhi,Diesel,89.27
2021-08-20,Delhi,Petrol,101.84
2021-08-20,Kolkata,Diesel,92.32
2021-08-20,Kolkata,Petrol,102.08
2021-08-20,Mumbai,Diesel,96.84
2021-08-20,Mumbai,Petrol,107.83
2021-08-21,Chennai,Diesel,93.84
2021-08-21,Chennai,Petrol,99.47
2021-08-21,Delhi,Diesel,89.27
2021-08-21,Delhi,Petrol,101.84
2021-08-21,Kolkata,Diesel,92.32
2021-08-21,Kolkata,Petrol,102.08
2021-08-21,Mumbai,Diesel,96.84
2021-08-21,Mumbai,Petrol,107.83
2021-08-22,Chennai,Diesel,93.66
2021-08-22,Chennai,Petrol,99.32
2021-08-22,Delhi,Diesel,89.07
2021-08-22,Delhi,Petrol,101.64
2021-08-22,Kolkata,Diesel,92.13
2021-08-22,Kolkata,Petrol,101.93
2021-08-22,Mumbai,Diesel,96.64
2021-08-22,Mumbai,Petrol,107.66
2021-08-23,Chennai,Diesel,93.66
2021-08-23,Chennai,Petrol,99.32
2021-08-23,Delhi,Diesel,89.07
2021-08-23,Delhi,Petrol,101.64
2021-08-23,Kolkata,Diesel,92.13
2021-08-23,Kolkata,Petrol,101.93
2021-08-23,Mumbai,Diesel,96.64
2021-08-23,Mumbai,Petrol,107.66
2021-08-24,Chennai,Diesel,93.52
2021-08-24,Chennai,Petrol,99.2
2021-08-24,Delhi,Diesel,88.92
2021-08-24,Delhi,Petrol,101.49
2021-08-24,Kolkata,Diesel,91.98
2021-08-24,Kolkata,Petrol,101.82
2021-08-24,Mumbai,Diesel,96.48
2021-08-24,Mumbai,Petrol,107.52
2021-08-25,Chennai,Diesel,93.52
2021-08-25,Chennai,Petrol,99.2
2021-08-25,Delhi,Diesel,88.92
2021-08-25,Delhi,Petrol,101.49
2021-08-25,Kolkata,Diesel,91.98
2021-08-25,Kolkata,Petrol,101.82
2021-08-25,Mumbai,Diesel,96.48
2021-08-25,Mumbai,Petrol,107.52
2021-08-26,Chennai,Diesel,93.52
2021-08-26,Chennai,Petrol,99.2
2021-08-26,Delhi,Diesel,88.92
2021-08-26,Delhi,Petrol,101.49
2021-08-26,Kolkata,Diesel,91.98
2021-08-26,Kolkata,Petrol,101.82
2021-08-26,Mumbai,Diesel,96.48
2021-08-26,Mumbai,Petrol,107.52
2021-08-27,Chennai,Diesel,93.52
2021-08-27,Chennai,Petrol,99.2
2021-08-27,Delhi,Diesel,88.92
2021-08-27,Delhi,Petrol,101.49
2021-08-27,Kolkata,Diesel,91.98
2021-08-27,Kolkata,Petrol,101.82
2021-08-27,Mumbai,Diesel,96.48
2021-08-27,Mumbai,Petrol,107.52
2021-08-28,Chennai,Diesel,93.52
2021-08-28,Chennai,Petrol,99.2
2021-08-28,Delhi,Diesel,88.92
2021-08-28,Delhi,Petrol,101.49
2021-08-28,Kolkata,Diesel,91.98
2021-08-28,Kolkata,Petrol,101.82
2021-08-28,Mumbai,Diesel,96.48
2021-08-28,Mumbai,Petrol,107.52
2021-08-29,Chennai,Diesel,93.52
2021-08-29,Chennai,Petrol,99.2
2021-08-29,Delhi,Diesel,88.92
2021-08-29,Delhi,Petrol,101.49
2021-08-29,Kolkata,Diesel,91.98
2021-08-29,Kolkata,Petrol,101.82
2021-08-29,Mumbai,Diesel,96.48
2021-08-29,Mumbai,Petrol,107.52
2021-08-30,Chennai,Diesel,93.52
2021-08-30,Chennai,Petrol,99.2
2021-08-30,Delhi,Diesel,88.92
2021-08-30,Delhi,Petrol,101.49
2021-08-30,Kolkata,Diesel,91.98
2021-08-30,Kolkata,Petrol,101.82
2021-08-30,Mumbai,Diesel,96.48
2021-08-30,Mumbai,Petrol,107.52
2021-08-31,Chennai,Diesel,93.52
2021-08-31,Chennai,Petrol,99.2
2021-08-31,Delhi,Diesel,88.92
2021-08-31,Delhi,Petrol,101.49
2021-08-31,Kolkata,Diesel,91.98
2021-08-31,Kolkata,Petrol,101.82
2021-08-31,Mumbai,Diesel,96.48
2021-08-31,Mumbai,Petrol,107.52
2021-09-01,Chennai,Diesel,93.38
2021-09-01,Chennai,Petrol,99.08
2021-09-01,Delhi,Diesel,88.77
2021-09-01,Delhi,Petrol,101.34
2021-09-01,Kolkata,Diesel,91.84
2021-09-01,Kolkata,Petrol,101.72
2021-09-01,Mumbai,Diesel,96.33
2021-09-01,Mumbai,Petrol,107.39
2021-09-02,Chennai,Diesel,93.38
2021-09-02,Chennai,Petrol,99.08
2021-09-02,Delhi,Diesel,88.77
2021-09-02,Delhi,Petrol,101.34
2021-09-02,Kolkata,Diesel,91.84
2021-09-02,Kolkata,Petrol,101.72
2021-09-02,Mumbai,Diesel,96.33
2021-09-02,Mumbai,Petrol,107.39
2021-09-03,Chennai,Diesel,93.38
2021-09-03,Chennai,Petrol,99.08
2021-09-03,Delhi,Diesel,88.77
2021-09-03,Delhi,Petrol,101.34
2021-09-03,Kolkata,Diesel,91.84
2021-09-03,Kolkata,Petrol,101.72
2021-09-03,Mumbai,Diesel,96.33
2021-09-03,Mumbai,Petrol,107.39
2021-09-04,Chennai,Diesel,93.38
2021-09-04,Chennai,Petrol,99.08
2021-09-04,Delhi,Diesel,88.77
2021-09-04,Delhi,Petrol,101.34
2021-09-04,Kolkata,Diesel,91.84
2021-09-04,Kolkata,Petrol,101.72
2021-09-04,Mumbai,Diesel,96.33
2021-09-04,Mumbai,Petrol,107.39
2021-09-05,Chennai,Diesel,93.26
2021-09-05,Chennai,Petrol,98.96
2021-09-05,Delhi,Diesel,88.62
2021-09-05,Delhi,Petrol,101.19
2021-09-05,Kolkata,Diesel,91.71
2021-09-05,Kolkata,Petrol,101.62
2021-09-05,Mumbai,Diesel,96.19
2021-09-05,Mumbai,Petrol,107.26
2021-09-06,Chennai,Diesel,93.26
2021-09-06,Chennai,Petrol,98.96
2021-09-06,Delhi,Diesel,88.62
2021-09-06,Delhi,Petrol,101.19
2021-09-06,Kolkata,Diesel,91.71
2021-09-06,Kolkata,Petrol,101.62
2021-09-06,Mumbai,Diesel,96.19
2021-09-06,Mumbai,Petrol,107.26
2021-09-07,Chennai,Diesel,93.26
2021-09-07,Chennai,Petrol,98.96
2021-09-07,Delhi,Diesel,88.62
2021-09-07,Delhi,Petrol,101.19
2021-09-07,Kolkata,Diesel,91.71
2021-09-07,Kolkata,Petrol,101.62
2021-09-07,Mumbai,Diesel,96.19
2021-09-07,Mumbai,Petrol,107.26
2021-09-08,Chennai,Diesel,93.26
2021-09-08,Chennai,Petrol,98.96
2021-09-08,Delhi,Diesel,88.62
2021-09-08,Delhi,Petrol,101.19
2021-09-08,Kolkata,Diesel,91.71
2021-09-08,Kolkata,Petrol,101.62
2021-09-08,Mumbai,Diesel,96.19
2021-09-08,Mumbai,Petrol,107.26
2021-09-09,Chennai,Diesel,93.26
2021-09-09,Chennai,Petrol,98.96
2021-09-09,Delhi,Diesel,88.62
2021-09-09,Delhi,Petrol,101.19
2021-09-09,Kolkata,Diesel,91.71
2021-09-09,Kolkata,Petrol,101.62
2021-09-09,Mumbai,Diesel,96.19
2021-09-09,Mumbai,Petrol,107.26
2021-09-10,Chennai,Diesel,93.26
2021-09-10,Chennai,Petrol,98.96
2021-09-10,Delhi,Diesel,88.62
2021-09-10,Delhi,Petrol,101.19
2021-09-10,Kolkata,Diesel,91.71
2021-09-10,Kolkata,Petrol,101.62
2021-09-10,Mumbai,Diesel,96.19
2021-09-10,Mumbai,Petrol,107.26
2021-09-11,Chennai,Diesel,93.26
2021-09-11,Chennai,Petrol,98.96
2021-09-11,Delhi,Diesel,88.62
2021-09-11,Delhi,Petrol,101.19
2021-09-11,Kolkata,Diesel,91.71
2021-09-11,Kolkata,Petrol,101.62
2021-09-11,Mumbai,Diesel,96.19
2021-09-11,Mumbai,Petrol,107.26
2021-09-12,Chennai,Diesel,93.26
2021-09-12,Chennai,Petrol,98.96
2021-09-12,Delhi,Diesel,88.62
2021-09-12,Delhi,Petrol,101.19
2021-09-12,Kolkata,Diesel,91.71
2021-09-12,Kolkata,Petrol,101.62
2021-09-12,Mumbai,Diesel,96.19
2021-09-12,Mumbai,Petrol,107.26
2021-09-13,Chennai,Diesel,93.26
2021-09-13,Chennai,Petrol,98.96
2021-09-13,Delhi,Diesel,88.62
2021-09-13,Delhi,Petrol,101.19
2021-09-13,Kolkata,Diesel,91.71
2021-09-13,Kolkata,Petrol,101.62
2021-09-13,Mumbai,Diesel,96.19
2021-09-13,Mumbai,Petrol,107.26
2021-09-14,Chennai,Diesel,93.26
2021-09-14,Chennai,Petrol,98.96
2021-09-14,Delhi,Diesel,88.62
2021-09-14,Delhi,Petrol,101.19
2021-09-14,Kolkata,Diesel,91.71
2021-09-14,Kolkata,Petrol,101.62
2021-09-14,Mumbai,Diesel,96.19
2021-09-14,Mumbai,Petrol,107.26
2021-09-15,Chennai,Diesel,93.26
2021-09-15,Chennai,Petrol,98.96
2021-09-15,Delhi,Diesel,88.62
2021-09-15,Delhi,Petrol,101.19
2021-09-15,Kolkata,Diesel,91.71
2021-09-15,Kolkata,Petrol,101.62
2021-09-15,Mumbai,Diesel,96.19
2021-09-15,Mumbai,Petrol,107.26
2021-09-16,Chennai,Diesel,93.26
2021-09-16,Chennai,Petrol,98.96
2021-09-16,Delhi,Diesel,88.62
2021-09-16,Delhi,Petrol,101.19
2021-09-16,Kolkata,Diesel,91.71
2021-09-16,Kolkata,Petrol,101.62
2021-09-16,Mumbai,Diesel,96.19
2021-09-16,Mumbai,Petrol,107.26
2021-09-17,Chennai,Diesel,93.26
2021-09-17,Chennai,Petrol,98.96
2021-09-17,Delhi,Diesel,88.62
2021-09-17,Delhi,Petrol,101.19
2021-09-17,Kolkata,Diesel,91.71
2021-09-17,Kolkata,Petrol,101.62
2021-09-17,Mumbai,Diesel,96.19
2021-09-17,Mumbai,Petrol,107.26
2021-09-18,Chennai,Diesel,93.26
2021-09-18,Chennai,Petrol,98.96
2021-09-18,Delhi,Diesel,88.62
2021-09-18,Delhi,Petrol,101.19
2021-09-18,Kolkata,Diesel,91.71
2021-09-18,Kolkata,Petrol,101.62
2021-09-18,Mumbai,Diesel,96.19
2021-09-18,Mumbai,Petrol,107.26
2021-09-19,Chennai,Diesel,93.26
2021-09-19,Chennai,Petrol,98.96
2021-09-19,Delhi,Diesel,88.62
2021-09-19,Delhi,Petrol,101.19
2021-09-19,Kolkata,Diesel,91.71
2021-09-19,Kolkata,Petrol,101.62
2021-09-19,Mumbai,Diesel,96.19
2021-09-19,Mumbai,Petrol,107.26
2021-09-20,Chennai,Diesel,93.26
2021-09-20,Chennai,Petrol,98.96
2021-09-20,Delhi,Diesel,88.62
2021-09-20,Delhi,Petrol,101.19
2021-09-20,Kolkata,Diesel,91.71
2021-09-20,Kolkata,Petrol,101.62
2021-09-20,Mumbai,Diesel,96.19
2021-09-20,Mumbai,Petrol,107.26
2021-09-21,Chennai,Diesel,93.26
2021-09-21,Chennai,Petrol,98.96
2021-09-21,Delhi,Diesel,88.62
2021-09-21,Delhi,Petrol,101.19
2021-09-21,Kolkata,Diesel,91.71
2021-09-21,Kolkata,Petrol,101.62
2021-09-21,Mumbai,Diesel,96.19
2021-09-21,Mumbai,Petrol,107.26
2021-09-22,Chennai,Diesel,93.26
2021-09-22,Chennai,Petrol,98.96
2021-09-22,Delhi,Diesel,88.62
2021-09-22,Delhi,Petrol,101.19
2021-09-22,Kolkata,Diesel,91.71
2021-09-22,Kolkata,Petrol,101.62
2021-09-22,Mumbai,Diesel,96.19
2021-09-22,Mumbai,Petrol,107.26
2021-09-23,Chennai,Diesel,93.26
2021-09-23,Chennai,Petrol,98.96
2021-09-23,Delhi,Diesel,88.62
2021-09-23,Delhi,Petrol,101.19
2021-09-23,Kolkata,Diesel,91.71
2021-09-23,Kolkata,Petrol,101.62
2021-09-23,Mumbai,Diesel,96.19
2021-09-23,Mumbai,Petrol,107.26
2021-09-24,Chennai,Diesel,93.46
2021-09-24,Chennai,Petrol,98.96
2021-09-24,Delhi,Diesel,88.82
2021-09-24,Delhi,Petrol,101.19
2021-09-24,Kolkata,Diesel,91.92
2021-09-24,Kolkata,Petrol,101.62
2021-09-24,Mumbai,Diesel,96.41
2021-09-24,Mumbai,Petrol,107.26
2021-09-25,Chennai,Diesel,93.46
2021-09-25,Chennai,Petrol,98.96
2021-09-25,Delhi,Diesel,88.82
2021-09-25,Delhi,Petrol,101.19
2021-09-25,Kolkata,Diesel,91.92
2021-09-25,Kolkata,Petrol,101.62
2021-09-25,Mumbai,Diesel,96.41
2021-09-25,Mumbai,Petrol,107.26
2021-09-26,Chennai,Diesel,93.69
2021-09-26,Chennai,Petrol,98.96
2021-09-26,Delhi,Diesel,89.07
2021-09-26,Delhi,Petrol,101.19
2021-09-26,Kolkata,Diesel,92.17
2021-09-26,Kolkata,Petrol,101.62
2021-09-26,Mumbai,Diesel,96.68
2021-09-26,Mumbai,Petrol,107.26
2021-09-27,Chennai,Diesel,93.93
2021-09-27,Chennai,Petrol,98.96
2021-09-27,Delhi,Diesel,89.32
2021-09-27,Delhi,Petrol,101.19
2021-09-27,Kolkata,Diesel,92.42
2021-09-27,Kolkata,Petrol,101.62
2021-09-27,Mumbai,Diesel,96.94
2021-09-27,Mumbai,Petrol,107.26
2021-09-28,Chennai,Diesel,94.17
2021-09-28,Chennai,Petrol,99.15
2021-09-28,Delhi,Diesel,89.57
2021-09-28,Delhi,Petrol,101.39
2021-09-28,Kolkata,Diesel,92.67
2021-09-28,Kolkata,Petrol,101.87
2021-09-28,Mumbai,Diesel,97.21
2021-09-28,Mumbai,Petrol,107.47
2021-09-29,Chennai,Diesel,94.17
2021-09-29,Chennai,Petrol,99.15
2021-09-29,Delhi,Diesel,89.57
2021-09-29,Delhi,Petrol,101.39
2021-09-29,Kolkata,Diesel,92.67
2021-09-29,Kolkata,Petrol,101.87
2021-09-29,Mumbai,Diesel,97.21
2021-09-29,Mumbai,Petrol,107.47
2021-09-30,Chennai,Diesel,94.45
2021-09-30,Chennai,Petrol,99.36
2021-09-30,Delhi,Diesel,89.87
2021-09-30,Delhi,Petrol,101.64
2021-09-30,Kolkata,Diesel,92.97
2021-09-30,Kolkata,Petrol,102.17
2021-09-30,Mumbai,Diesel,97.52
2021-09-30,Mumbai,Petrol,107.71
2021-10-01,Chennai,Diesel,94.74
2021-10-01,Chennai,Petrol,99.58
2021-10-01,Delhi,Diesel,90.17
2021-10-01,Delhi,Petrol,101.89
2021-10-01,Kolkata,Diesel,93.27
2021-10-01,Kolkata,Petrol,102.47
2021-10-01,Mumbai,Diesel,97.84
2021-10-01,Mumbai,Petrol,107.95
2021-10-02,Chennai,Diesel,95.02
2021-10-02,Chennai,Petrol,99.8
2021-10-02,Delhi,Diesel,90.47
2021-10-02,Delhi,Petrol,102.14
2021-10-02,Kolkata,Diesel,93.57
2021-10-02,Kolkata,Petrol,102.77
2021-10-02,Mumbai,Diesel,98.16
2021-10-02,Mumbai,Petrol,108.19
2021-10-03,Chennai,Diesel,95.31
2021-10-03,Chennai,Petrol,100.01
2021-10-03,Delhi,Diesel,90.77
2021-10-03,Delhi,Petrol,102.39
2021-10-03,Kolkata,Diesel,93.87
2021-10-03,Kolkata,Petrol,103.07
2021-10-03,Mumbai,Diesel,98.48
2021-10-03,Mumbai,Petrol,108.43
2021-10-04,Chennai,Diesel,95.31
2021-10-04,Chennai,Petrol,100.01
2021-10-04,Delhi,Diesel,90.77
2021-10-04,Delhi,Petrol,102.39
2021-10-04,Kolkata,Diesel,93.87
2021-10-04,Kolkata,Petrol,103.07
2021-10-04,Mumbai,Diesel,98.48
2021-10-04,Mumbai,Petrol,108.43
2021-10-05,Chennai,Diesel,95.59
2021-10-05,Chennai,Petrol,100.23
2021-10-05,Delhi,Diesel,91.07
2021-10-05,Delhi,Petrol,102.64
2021-10-05,Kolkata,Diesel,94.17
2021-10-05,Kolkata,Petrol,103.36
2021-10-05,Mumbai,Diesel,98.8
2021-10-05,Mumbai,Petrol,108.67
2021-10-06,Chennai,Diesel,95.93
2021-10-06,Chennai,Petrol,100.49
2021-10-06,Delhi,Diesel,91.42
2021-10-06,Delhi,Petrol,102.94
2021-10-06,Kolkata,Diesel,94.53
2021-10-06,Kolkata,Petrol,103.65
2021-10-06,Mumbai,Diesel,99.17
2021-10-06,Mumbai,Petrol,108.96
2021-10-07,Chennai,Diesel,96.26
2021-10-07,Chennai,Petrol,100.75
2021-10-07,Delhi,Diesel,91.77
2021-10-07,Delhi,Petrol,103.24
2021-10-07,Kolkata,Diesel,94.88
2021-10-07,Kolkata,Petrol,103.94
2021-10-07,Mumbai,Diesel,99.55
2021-10-07,Mumbai,Petrol,109.25
2021-10-08,Chennai,Diesel,96.6
2021-10-08,Chennai,Petrol,101.01
2021-10-08,Delhi,Diesel,92.12
2021-10-08,Delhi,Petrol,103.54
2021-10-08,Kolkata,Diesel,95.23
2021-10-08,Kolkata,Petrol,104.23
2021-10-08,Mumbai,Diesel,99.92
2021-10-08,Mumbai,Petrol,109.54
2021-10-09,Chennai,Diesel,96.93
2021-10-09,Chennai,Petrol,101.27
2021-10-09,Delhi,Diesel,92.47
2021-10-09,Delhi,Petrol,103.84
2021-10-09,Kolkata,Diesel,95.58
2021-10-09,Kolkata,Petrol,104.52
2021-10-09,Mumbai,Diesel,100.29
2021-10-09,Mumbai,Petrol,109.83
2021-10-10,Chennai,Diesel,97.26
2021-10-10,Chennai,Petrol,101.53
2021-10-10,Delhi,Diesel,92.82
2021-10-10,Delhi,Petrol,104.14
2021-10-10,Kolkata,Diesel,95.93
2021-10-10,Kolkata,Petrol,104.8
2021-10-10,Mumbai,Diesel,100.66
2021-10-10,Mumbai,Petrol,110.12
2021-10-11,Chennai,Diesel,97.59
2021-10-11,Chennai,Petrol,101.79
2021-10-11,Delhi,Diesel,93.17
2021-10-11,Delhi,Petrol,104.44
2021-10-11,Kolkata,Diesel,96.28
2021-10-11,Kolkata,Petrol,105.09
2021-10-11,Mumbai,Diesel,101.03
2021-10-11,Mumbai,Petrol,110.41
2021-10-12,Chennai,Diesel,97.59
2021-10-12,Chennai,Petrol,101.79
2021-10-12,Delhi,Diesel,93.17
2021-10-12,Delhi,Petrol,104.44
2021-10-12,Kolkata,Diesel,96.28
2021-10-12,Kolkata,Petrol,105.09
2021-10-12,Mumbai,Diesel,101.03
2021-10-12,Mumbai,Petrol,110.41
2021-10-13,Chennai,Diesel,97.59
2021-10-13,Chennai,Petrol,101.79
2021-10-13,Delhi,Diesel,93.17
2021-10-13,Delhi,Petrol,104.44
2021-10-13,Kolkata,Diesel,96.28
2021-10-13,Kolkata,Petrol,105.09
2021-10-13,Mumbai,Diesel,101.03
2021-10-13,Mumbai,Petrol,110.41
2021-10-14,Chennai,Diesel,97.93
2021-10-14,Chennai,Petrol,102.1
2021-10-14,Delhi,Diesel,93.52
2021-10-14,Delhi,Petrol,104.79
2021-10-14,Kolkata,Diesel,96.63
2021-10-14,Kolkata,Petrol,105.43
2021-10-14,Mumbai,Diesel,101.4
2021-10-14,Mumbai,Petrol,110.75
2021-10-15,Chennai,Diesel,98.26
2021-10-15,Chennai,Petrol,102.4
2021-10-15,Delhi,Diesel,93.87
2021-10-15,Delhi,Petrol,105.14
2021-10-15,Kolkata,Diesel,96.98
2021-10-15,Kolkata,Petrol,105.76
2021-10-15,Mumbai,Diesel,101.78
2021-10-15,Mumbai,Petrol,111.09
2021-10-16,Chennai,Diesel,98.59
2021-10-16,Chennai,Petrol,102.7
2021-10-16,Delhi,Diesel,94.22
2021-10-16,Delhi,Petrol,105.49
2021-10-16,Kolkata,Diesel,97.33
2021-10-16,Kolkata,Petrol,106.1
2021-10-16,Mumbai,Diesel,102.15
2021-10-16,Mumbai,Petrol,111.43
2021-10-17,Chennai,Diesel,98.92
2021-10-17,Chennai,Petrol,103.01
2021-10-17,Delhi,Diesel,94.57
2021-10-17,Delhi,Petrol,105.84
2021-10-17,Kolkata,Diesel,97.68
2021-10-17,Kolkata,Petrol,106.43
2021-10-17,Mumbai,Diesel,102.52
2021-10-17,Mumbai,Petrol,111.77
2021-10-18,Chennai,Diesel,98.92
2021-10-18,Chennai,Petrol,103.01
2021-10-18,Delhi,Diesel,94.57
2021-10-18,Delhi,Petrol,105.84
2021-10-18,Kolkata,Diesel,97.68
2021-10-18,Kolkata,Petrol,106.43
2021-10-18,Mumbai,Diesel,102.52
2021-10-18,Mumbai,Petrol,111.77
2021-10-19,Chennai,Diesel,98.92
2021-10-19,Chennai,Petrol,103.01
2021-10-19,Delhi,Diesel,94.57
2021-10-19,Delhi,Petrol,105.84
2021-10-19,Kolkata,Diesel,97.68
2021-10-19,Kolkata,Petrol,106.43
2021-10-19,Mumbai,Diesel,102.52
2021-10-19,Mumbai,Petrol,111.77
2021-10-20,Chennai,Diesel,99.26
2021-10-20,Chennai,Petrol,103.31
2021-10-20,Delhi,Diesel,94.92
2021-10-20,Delhi,Petrol,106.19
2021-10-20,Kolkata,Diesel,98.03
2021-10-20,Kolkata,Petrol,106.77
2021-10-20,Mumbai,Diesel,102.89
2021-10-20,Mumbai,Petrol,112.11
2021-10-21,Chennai,Diesel,99.59
2021-10-21,Chennai,Petrol,103.61
2021-10-21,Delhi,Diesel,95.27
2021-10-21,Delhi,Petrol,106.54
2021-10-21,Kolkata,Diesel,98.38
2021-10-21,Kolkata,Petrol,107.11
2021-10-21,Mumbai,Diesel,103.26
2021-10-21,Mumbai,Petrol,112.44
2021-10-22,Chennai,Diesel,99.92
2021-10-22,Chennai,Petrol,103.92
2021-10-22,Delhi,Diesel,95.62
2021-10-22,Delhi,Petrol,106.89
2021-10-22,Kolkata,Diesel,98.73
2021-10-22,Kolkata,Petrol,107.44
2021-10-22,Mumbai,Diesel,103.63
2021-10-22,Mumbai,Petrol,112.78
2021-10-23,Chennai,Diesel,100.25
2021-10-23,Chennai,Petrol,104.22
2021-10-23,Delhi,Diesel,95.97
2021-10-23,Delhi,Petrol,107.24
2021-10-23,Kolkata,Diesel,99.08
2021-10-23,Kolkata,Petrol,107.78
2021-10-23,Mumbai,Diesel,104.0
2021-10-23,Mumbai,Petrol,113.12
2021-10-24,Chennai,Diesel,100.59
2021-10-24,Chennai,Petrol,104.52
2021-10-24,Delhi,Diesel,96.32
2021-10-24,Delhi,Petrol,107.59
2021-10-24,Kolkata,Diesel,99.43
2021-10-24,Kolkata,Petrol,108.11
2021-10-24,Mumbai,Diesel,104.38
2021-10-24,Mumbai,Petrol,113.46
2021-10-25,Chennai,Diesel,100.59
2021-10-25,Chennai,Petrol,104.52
2021-10-25,Delhi,Diesel,96.32
2021-10-25,Delhi,Petrol,107.59
2021-10-25,Kolkata,Diesel,99.43
2021-10-25,Kolkata,Petrol,108.11
2021-10-25,Mumbai,Diesel,104.38
2021-10-25,Mumbai,Petrol,113.46
2021-10-26,Chennai,Diesel,100.59
2021-10-26,Chennai,Petrol,104.52
2021-10-26,Delhi,Diesel,96.32
2021-10-26,Delhi,Petrol,107.59
2021-10-26,Kolkata,Diesel,99.43
2021-10-26,Kolkata,Petrol,108.11
2021-10-26,Mumbai,Diesel,104.38
2021-10-26,Mumbai,Petrol,113.46
2021-10-27,Chennai,Diesel,100.92
2021-10-27,Chennai,Petrol,104.83
2021-10-27,Delhi,Diesel,96.67
2021-10-27,Delhi,Petrol,107.94
2021-10-27,Kolkata,Diesel,99.78
2021-10-27,Kolkata,Petrol,108.45
2021-10-27,Mumbai,Diesel,104.75
2021-10-27,Mumbai,Petrol,113.8
2021-10-28,Chennai,Diesel,101.25
2021-10-28,Chennai,Petrol,105.13
2021-10-28,Delhi,Diesel,97.02
2021-10-28,Delhi,Petrol,108.29
2021-10-28,Kolkata,Diesel,100.14
2021-10-28,Kolkata,Petrol,108.78
2021-10-28,Mumbai,Diesel,105.12
2021-10-28,Mumbai,Petrol,114.14
2021-10-29,Chennai,Diesel,101.59
2021-10-29,Chennai,Petrol,105.43
2021-10-29,Delhi,Diesel,97.37
2021-10-29,Delhi,Petrol,108.64
2021-10-29,Kolkata,Diesel,100.49
2021-10-29,Kolkata,Petrol,109.12
2021-10-29,Mumbai,Diesel,105.49
2021-10-29,Mumbai,Petrol,114.47
2021-10-30,Chennai,Diesel,101.92
2021-10-30,Chennai,Petrol,105.74
2021-10-30,Delhi,Diesel,97.72
2021-10-30,Delhi,Petrol,108.99
2021-10-30,Kolkata,Diesel,100.84
2021-10-30,Kolkata,Petrol,109.46
2021-10-30,Mumbai,Diesel,105.86
2021-10-30,Mumbai,Petrol,114.81
2021-10-31,Chennai,Diesel,102.25
2021-10-31,Chennai,Petrol,106.04
2021-10-31,Delhi,Diesel,98.07
2021-10-31,Delhi,Petrol,109.34
2021-10-31,Kolkata,Diesel,101.19
2021-10-31,Kolkata,Petrol,109.79
2021-10-31,Mumbai,Diesel,106.23
2021-10-31,Mumbai,Petrol,115.15
2021-11-01,Chennai,Diesel,102.59
2021-11-01,Chennai,Petrol,106.35
2021-11-01,Delhi,Diesel,98.42
2021-11-01,Delhi,Petrol,109.69
2021-11-01,Kolkata,Diesel,101.56
2021-11-01,Kolkata,Petrol,110.15
2021-11-01,Mumbai,Diesel,106.62
2021-11-01,Mumbai,Petrol,115.5
2021-11-02,Chennai,Diesel,102.59
2021-11-02,Chennai,Petrol,106.66
2021-11-02,Delhi,Diesel,98.42
2021-11-02,Delhi,Petrol,110.04
2021-11-02,Kolkata,Diesel,101.56
2021-11-02,Kolkata,Petrol,110.49
2021-11-02,Mumbai,Diesel,106.62
2021-11-02,Mumbai,Petrol,115.85
2021-11-03,Chennai,Diesel,102.59
2021-11-03,Chennai,Petrol,106.66
2021-11-03,Delhi,Diesel,98.42
2021-11-03,Delhi,Petrol,110.04
2021-11-03,Kolkata,Diesel,101.56
2021-11-03,Kolkata,Petrol,110.49
2021-11-03,Mumbai,Diesel,106.62
2021-11-03,Mumbai,Petrol,115.85
2021-11-04,Chennai,Diesel,91.43
2021-11-04,Chennai,Petrol,101.4
2021-11-04,Delhi,Diesel,86.67
2021-11-04,Delhi,Petrol,103.97
2021-11-04,Kolkata,Diesel,89.79
2021-11-04,Kolkata,Petrol,104.67
2021-11-04,Mumbai,Diesel,94.14
2021-11-04,Mumbai,Petrol,109.98
2021-11-05,Chennai,Diesel,91.43
2021-11-05,Chennai,Petrol,101.4
2021-11-05,Delhi,Diesel,86.67
2021-11-05,Delhi,Petrol,103.97
2021-11-05,Kolkata,Diesel,89.79
2021-11-05,Kolkata,Petrol,104.67
2021-11-05,Mumbai,Diesel,94.14
2021-11-05,Mumbai,Petrol,109.98
2021-11-06,Chennai,Diesel,91.43
2021-11-06,Chennai,Petrol,101.4
2021-11-06,Delhi,Diesel,86.67
2021-11-06,Delhi,Petrol,103.97
2021-11-06,Kolkata,Diesel,89.79
2021-11-06,Kolkata,Petrol,104.67
2021-11-06,Mumbai,Diesel,94.14
2021-11-06,Mumbai,Petrol,109.98
2021-11-07,Chennai,Diesel,91.43
2021-11-07,Chennai,Petrol,101.4
2021-11-07,Delhi,Diesel,86.67
2021-11-07,Delhi,Petrol,103.97
2021-11-07,Kolkata,Diesel,89.79
2021-11-07,Kolkata,Petrol,104.67
2021-11-07,Mumbai,Diesel,94.14
2021-11-07,Mumbai,Petrol,109.98
2021-11-08,Chennai,Diesel,91.43
2021-11-08,Chennai,Petrol,101.4
2021-11-08,Delhi,Diesel,86.67
2021-11-08,Delhi,Petrol,103.97
2021-11-08,Kolkata,Diesel,89.79
2021-11-08,Kolkata,Petrol,104.67
2021-11-08,Mumbai,Diesel,94.14
2021-11-08,Mumbai,Petrol,109.98
2021-11-09,Chennai,Diesel,91.43
2021-11-09,Chennai,Petrol,101.4
2021-11-09,Delhi,Diesel,86.67
2021-11-09,Delhi,Petrol,103.97
2021-11-09,Kolkata,Diesel,89.79
2021-11-09,Kolkata,Petrol,104.67
2021-11-09,Mumbai,Diesel,94.14
2021-11-09,Mumbai,Petrol,109.98
2021-11-10,Chennai,Diesel,91.43
2021-11-10,Chennai,Petrol,101.4
2021-11-10,Delhi,Diesel,86.67
2021-11-10,Delhi,Petrol,103.97
2021-11-10,Kolkata,Diesel,89.79
2021-11-10,Kolkata,Petrol,104.67
2021-11-10,Mumbai,Diesel,94.14
2021-11-10,Mumbai,Petrol,109.98
2021-11-11,Chennai,Diesel,91.43
2021-11-11,Chennai,Petrol,101.4
2021-11-11,Delhi,Diesel,86.67
2021-11-11,Delhi,Petrol,103.97
2021-11-11,Kolkata,Diesel,89.79
2021-11-11,Kolkata,Petrol,104.67
2021-11-11,Mumbai,Diesel,94.14
2021-11-11,Mumbai,Petrol,109.98
2021-11-12,Chennai,Diesel,91.43
2021-11-12,Chennai,Petrol,101.4
2021-11-12,Delhi,Diesel,86.67
2021-11-12,Delhi,Petrol,103.97
2021-11-12,Kolkata,Diesel,89.79
2021-11-12,Kolkata,Petrol,104.67
2021-11-12,Mumbai,Diesel,94.14
2021-11-12,Mumbai,Petrol,109.98
2021-11-13,Chennai,Diesel,91.43
2021-11-13,Chennai,Petrol,101.4
2021-11-13,Delhi,Diesel,86.67
2021-11-13,Delhi,Petrol,103.97
2021-11-13,Kolkata,Diesel,89.79
2021-11-13,Kolkata,Petrol,104.67
2021-11-13,Mumbai,Diesel,94.14
2021-11-13,Mumbai,Petrol,109.98
2021-11-14,Chennai,Diesel,91.43
2021-11-14,Chennai,Petrol,101.4
2021-11-14,Delhi,Diesel,86.67
2021-11-14,Delhi,Petrol,103.97
2021-11-14,Kolkata,Diesel,89.79
2021-11-14,Kolkata,Petrol,104.67
2021-11-14,Mumbai,Diesel,94.14
2021-11-14,Mumbai,Petrol,109.98
2021-11-15,Chennai,Diesel,91.43
2021-11-15,Chennai,Petrol,101.4
2021-11-15,Delhi,Diesel,86.67
2021-11-15,Delhi,Petrol,103.97
2021-11-15,Kolkata,Diesel,89.79
2021-11-15,Kolkata,Petrol,104.67
2021-11-15,Mumbai,Diesel,94.14
2021-11-15,Mumbai,Petrol,109.98
2021-11-16,Chennai,Diesel,91.43
2021-11-16,Chennai,Petrol,101.4
2021-11-16,Delhi,Diesel,86.67
2021-11-16,Delhi,Petrol,103.97
2021-11-16,Kolkata,Diesel,89.79
2021-11-16,Kolkata,Petrol,104.67
2021-11-16,Mumbai,Diesel,94.14
2021-11-16,Mumbai,Petrol,109.98
2021-11-17,Chennai,Diesel,91.43
2021-11-17,Chennai,Petrol,101.4
2021-11-17,Delhi,Diesel,86.67
2021-11-17,Delhi,Petrol,103.97
2021-11-17,Kolkata,Diesel,89.79
2021-11-17,Kolkata,Petrol,104.67
2021-11-17,Mumbai,Diesel,94.14
2021-11-17,Mumbai,Petrol,109.98
2021-11-18,Chennai,Diesel,91.43
2021-11-18,Chennai,Petrol,101.4
2021-11-18,Delhi,Diesel,86.67
2021-11-18,Delhi,Petrol,103.97
2021-11-18,Kolkata,Diesel,89.79
2021-11-18,Kolkata,Petrol,104.67
2021-11-18,Mumbai,Diesel,94.14
2021-11-18,Mumbai,Petrol,109.98
2021-11-19,Chennai,Diesel,91.43
2021-11-19,Chennai,Petrol,101.4
2021-11-19,Delhi,Diesel,86.67
2021-11-19,Delhi,Petrol,103.97
2021-11-19,Kolkata,Diesel,89.79
2021-11-19,Kolkata,Petrol,104.67
2021-11-19,Mumbai,Diesel,94.14
2021-11-19,Mumbai,Petrol,109.98
2021-11-20,Chennai,Diesel,91.43
2021-11-20,Chennai,Petrol,101.4
2021-11-20,Delhi,Diesel,86.67
2021-11-20,Delhi,Petrol,103.97
2021-11-20,Kolkata,Diesel,89.79
2021-11-20,Kolkata,Petrol,104.67
2021-11-20,Mumbai,Diesel,94.14
2021-11-20,Mumbai,Petrol,109.98
2021-11-21,Chennai,Diesel,91.43
2021-11-21,Chennai,Petrol,101.4
2021-11-21,Delhi,Diesel,86.67
2021-11-21,Delhi,Petrol,103.97
2021-11-21,Kolkata,Diesel,89.79
2021-11-21,Kolkata,Petrol,104.67
2021-11-21,Mumbai,Diesel,94.14
2021-11-21,Mumbai,Petrol,109.98
2021-11-22,Chennai,Diesel,91.43
2021-11-22,Chennai,Petrol,101.4
2021-11-22,Delhi,Diesel,86.67
2021-11-22,Delhi,Petrol,103.97
2021-11-22,Kolkata,Diesel,89.79
2021-11-22,Kolkata,Petrol,104.67
2021-11-22,Mumbai,Diesel,94.14
2021-11-22,Mumbai,Petrol,109.98
2021-11-23,Chennai,Diesel,91.43
2021-11-23,Chennai,Petrol,101.4
2021-11-23,Delhi,Diesel,86.67
2021-11-23,Delhi,Petrol,103.97
2021-11-23,Kolkata,Diesel,89.79
2021-11-23,Kolkata,Petrol,104.67
2021-11-23,Mumbai,Diesel,94.14
2021-11-23,Mumbai,Petrol,109.98
2021-11-24,Chennai,Diesel,91.43
2021-11-24,Chennai,Petrol,101.4
2021-11-24,Delhi,Diesel,86.67
2021-11-24,Delhi,Petrol,103.97
2021-11-24,Kolkata,Diesel,89.79
2021-11-24,Kolkata,Petrol,104.67
2021-11-24,Mumbai,Diesel,94.14
2021-11-24,Mumbai,Petrol,109.98
2021-11-25,Chennai,Diesel,91.43
2021-11-25,Chennai,Petrol,101.4
2021-11-25,Delhi,Diesel,86.67
2021-11-25,Delhi,Petrol,103.97
2021-11-25,Kolkata,Diesel,89.79
2021-11-25,Kolkata,Petrol,104.67
2021-11-25,Mumbai,Diesel,94.14
2021-11-25,Mumbai,Petrol,109.98
2021-11-26,Chennai,Diesel,91.43
2021-11-26,Chennai,Petrol,101.4
2021-11-26,Delhi,Diesel,86.67
2021-11-26,Delhi,Petrol,103.97
2021-11-26,Kolkata,Diesel,89.79
2021-11-26,Kolkata,Petrol,104.67
2021-11-26,Mumbai,Diesel,94.14
2021-11-26,Mumbai,Petrol,109.98
2021-11-27,Chennai,Diesel,91.43
2021-11-27,Chennai,Petrol,101.4
2021-11-27,Delhi,Diesel,86.67
2021-11-27,Delhi,Petrol,103.97
2021-11-27,Kolkata,Diesel,89.79
2021-11-27,Kolkata,Petrol,104.67
2021-11-27,Mumbai,Diesel,94.14
2021-11-27,Mumbai,Petrol,109.98
2021-11-28,Chennai,Diesel,91.43
2021-11-28,Chennai,Petrol,101.4
2021-11-28,Delhi,Diesel,86.67
2021-11-28,Delhi,Petrol,103.97
2021-11-28,Kolkata,Diesel,89.79
2021-11-28,Kolkata,Petrol,104.67
2021-11-28,Mumbai,Diesel,94.14
2021-11-28,Mumbai,Petrol,109.98
2021-11-29,Chennai,Diesel,91.43
2021-11-29,Chennai,Petrol,101.4
2021-11-29,Delhi,Diesel,86.67
2021-11-29,Delhi,Petrol,103.97
2021-11-29,Kolkata,Diesel,89.79
2021-11-29,Kolkata,Petrol,104.67
2021-11-29,Mumbai,Diesel,94.14
2021-11-29,Mumbai,Petrol,109.98
2021-11-30,Chennai,Diesel,91.43
2021-11-30,Chennai,Petrol,101.4
2021-11-30,Delhi,Diesel,86.67
2021-11-30,Delhi,Petrol,103.97
2021-11-30,Kolkata,Diesel,89.79
2021-11-30,Kolkata,Petrol,104.67
2021-11-30,Mumbai,Diesel,94.14
2021-11-30,Mumbai,Petrol,109.98
2021-12-01,Chennai,Diesel,91.43
2021-12-01,Chennai,Petrol,101.4
2021-12-01,Delhi,Diesel,86.67
2021-12-01,Delhi,Petrol,103.97
2021-12-01,Kolkata,Diesel,89.79
2021-12-01,Kolkata,Petrol,104.67
2021-12-01,Mumbai,Diesel,94.14
2021-12-01,Mumbai,Petrol,109.98
2021-12-02,Chennai,Diesel,91.43
2021-12-02,Chennai,Petrol,101.4
2021-12-02,Delhi,Diesel,86.67
2021-12-02,Delhi,Petrol,95.41
2021-12-02,Kolkata,Diesel,89.79
2021-12-02,Kolkata,Petrol,104.67
2021-12-02,Mumbai,Diesel,94.14
2021-12-02,Mumbai,Petrol,109.98
2021-12-03,Chennai,Diesel,91.43
2021-12-03,Chennai,Petrol,101.4
2021-12-03,Delhi,Diesel,86.67
2021-12-03,Delhi,Petrol,95.41
2021-12-03,Kolkata,Diesel,89.79
2021-12-03,Kolkata,Petrol,104.67
2021-12-03,Mumbai,Diesel,94.14
2021-12-03,Mumbai,Petrol,109.98
2021-12-04,Chennai,Diesel,91.43
2021-12-04,Chennai,Petrol,101.4
2021-12-04,Delhi,Diesel,86.67
2021-12-04,Delhi,Petrol,95.41
2021-12-04,Kolkata,Diesel,89.79
2021-12-04,Kolkata,Petrol,104.67
2021-12-04,Mumbai,Diesel,94.14
2021-12-04,Mumbai,Petrol,109.98
2021-12-05,Chennai,Diesel,91.43
2021-12-05,Chennai,Petrol,101.4
2021-12-05,Delhi,Diesel,86.67
2021-12-05,Delhi,Petrol,95.41
2021-12-05,Kolkata,Diesel,89.79
2021-12-05,Kolkata,Petrol,104.67
2021-12-05,Mumbai,Diesel,94.14
2021-12-05,Mumbai,Petrol,109.98
2021-12-06,Chennai,Diesel,91.43
2021-12-06,Chennai,Petrol,101.4
2021-12-06,Delhi,Diesel,86.67
2021-12-06,Delhi,Petrol,95.41
2021-12-06,Kolkata,Diesel,89.79
2021-12-06,Kolkata,Petrol,104.67
2021-12-06,Mumbai,Diesel,94.14
2021-12-06,Mumbai,Petrol,109.98
2021-12-07,Chennai,Diesel,91.43
2021-12-07,Chennai,Petrol,101.4
2021-12-07,Delhi,Diesel,86.67
2021-12-07,Delhi,Petrol,95.41
2021-12-07,Kolkata,Diesel,89.79
2021-12-07,Kolkata,Petrol,104.67
2021-12-07,Mumbai,Diesel,94.14
2021-12-07,Mumbai,Petrol,109.98
2021-12-08,Chennai,Diesel,91.43
2021-12-08,Chennai,Petrol,101.4
2021-12-08,Delhi,Diesel,86.67
2021-12-08,Delhi,Petrol,95.41
2021-12-08,Kolkata,Diesel,89.79
2021-12-08,Kolkata,Petrol,104.67
2021-12-08,Mumbai,Diesel,94.14
2021-12-08,Mumbai,Petrol,109.98
2021-12-09,Chennai,Diesel,91.43
2021-12-09,Chennai,Petrol,101.4
2021-12-09,Delhi,Diesel,86.67
2021-12-09,Delhi,Petrol,95.41
2021-12-09,Kolkata,Diesel,89.79
2021-12-09,Kolkata,Petrol,104.67
2021-12-09,Mumbai,Diesel,94.14
2021-12-09,Mumbai,Petrol,109.98
2021-12-10,Chennai,Diesel,91.43
2021-12-10,Chennai,Petrol,101.4
2021-12-10,Delhi,Diesel,86.67
2021-12-10,Delhi,Petrol,95.41
2021-12-10,Kolkata,Diesel,89.79
2021-12-10,Kolkata,Petrol,104.67
2021-12-10,Mumbai,Diesel,94.14
2021-12-10,Mumbai,Petrol,109.98
2021-12-11,Chennai,Diesel,91.43
2021-12-11,Chennai,Petrol,101.4
2021-12-11,Delhi,Diesel,86.67
2021-12-11,Delhi,Petrol,95.41
2021-12-11,Kolkata,Diesel,89.79
2021-12-11,Kolkata,Petrol,104.67
2021-12-11,Mumbai,Diesel,94.14
2021-12-11,Mumbai,Petrol,109.98
2021-12-12,Chennai,Diesel,91.43
2021-12-12,Chennai,Petrol,101.4
2021-12-12,Delhi,Diesel,86.67
2021-12-12,Delhi,Petrol,95.41
2021-12-12,Kolkata,Diesel,89.79
2021-12-12,Kolkata,Petrol,104.67
2021-12-12,Mumbai,Diesel,94.14
2021-12-12,Mumbai,Petrol,109.98
2021-12-13,Chennai,Diesel,91.43
2021-12-13,Chennai,Petrol,101.4
2021-12-13,Delhi,Diesel,86.67
2021-12-13,Delhi,Petrol,95.41
2021-12-13,Kolkata,Diesel,89.79
2021-12-13,Kolkata,Petrol,104.67
2021-12-13,Mumbai,Diesel,94.14
2021-12-13,Mumbai,Petrol,109.98
2021-12-14,Chennai,Diesel,91.43
2021-12-14,Chennai,Petrol,101.4
2021-12-14,Delhi,Diesel,86.67
2021-12-14,Delhi,Petrol,95.41
2021-12-14,Kolkata,Diesel,89.79
2021-12-14,Kolkata,Petrol,104.67
2021-12-14,Mumbai,Diesel,94.14
2021-12-14,Mumbai,Petrol,109.98
2021-12-15,Chennai,Diesel,91.43
2021-12-15,Chennai,Petrol,101.4
2021-12-15,Delhi,Diesel,86.67
2021-12-15,Delhi,Petrol,95.41
2021-12-15,Kolkata,Diesel,89.79
2021-12-15,Kolkata,Petrol,104.67
2021-12-15,Mumbai,Diesel,94.14
2021-12-15,Mumbai,Petrol,109.98
2021-12-16,Chennai,Diesel,91.43
2021-12-16,Chennai,Petrol,101.4
2021-12-16,Delhi,Diesel,86.67
2021-12-16,Delhi,Petrol,95.41
2021-12-16,Kolkata,Diesel,89.79
2021-12-16,Kolkata,Petrol,104.67
2021-12-16,Mumbai,Diesel,94.14
2021-12-16,Mumbai,Petrol,109.98
2021-12-17,Chennai,Diesel,91.43
2021-12-17,Chennai,Petrol,101.4
2021-12-17,Delhi,Diesel,86.67
2021-12-17,Delhi,Petrol,95.41
2021-12-17,Kolkata,Diesel,89.79
2021-12-17,Kolkata,Petrol,104.67
2021-12-17,Mumbai,Diesel,94.14
2021-12-17,Mumbai,Petrol,109.98
2021-12-18,Chennai,Diesel,91.43
2021-12-18,Chennai,Petrol,101.4
2021-12-18,Delhi,Diesel,86.67
2021-12-18,Delhi,Petrol,95.41
2021-12-18,Kolkata,Diesel,89.79
2021-12-18,Kolkata,Petrol,104.67
2021-12-18,Mumbai,Diesel,94.14
2021-12-18,Mumbai,Petrol,109.98
2021-12-19,Chennai,Diesel,91.43
2021-12-19,Chennai,Petrol,101.4
2021-12-19,Delhi,Diesel,86.67
2021-12-19,Delhi,Petrol,95.41
2021-12-19,Kolkata,Diesel,89.79
2021-12-19,Kolkata,Petrol,104.67
2021-12-19,Mumbai,Diesel,94.14
2021-12-19,Mumbai,Petrol,109.98
2021-12-20,Chennai,Diesel,91.43
2021-12-20,Chennai,Petrol,101.4
2021-12-20,Delhi,Diesel,86.67
2021-12-20,Delhi,Petrol,95.41
2021-12-20,Kolkata,Diesel,89.79
2021-12-20,Kolkata,Petrol,104.67
2021-12-20,Mumbai,Diesel,94.14
2021-12-20,Mumbai,Petrol,109.98
2021-12-21,Chennai,Diesel,91.43
2021-12-21,Chennai,Petrol,101.4
2021-12-21,Delhi,Diesel,86.67
2021-12-21,Delhi,Petrol,95.41
2021-12-21,Kolkata,Diesel,89.79
2021-12-21,Kolkata,Petrol,104.67
2021-12-21,Mumbai,Diesel,94.14
2021-12-21,Mumbai,Petrol,109.98
2021-12-22,Chennai,Diesel,91.43
2021-12-22,Chennai,Petrol,101.4
2021-12-22,Delhi,Diesel,86.67
2021-12-22,Delhi,Petrol,95.41
2021-12-22,Kolkata,Diesel,89.79
2021-12-22,Kolkata,Petrol,104.67
2021-12-22,Mumbai,Diesel,94.14
2021-12-22,Mumbai,Petrol,109.98
2021-12-23,Chennai,Diesel,91.43
2021-12-23,Chennai,Petrol,101.4
2021-12-23,Delhi,Diesel,86.67
2021-12-23,Delhi,Petrol,95.41
2021-12-23,Kolkata,Diesel,89.79
2021-12-23,Kolkata,Petrol,104.67
2021-12-23,Mumbai,Diesel,94.14
2021-12-23,Mumbai,Petrol,109.98
2021-12-24,Chennai,Diesel,91.43
2021-12-24,Chennai,Petrol,101.4
2021-12-24,Delhi,Diesel,86.67
2021-12-24,Delhi,Petrol,95.41
2021-12-24,Kolkata,Diesel,89.79
2021-12-24,Kolkata,Petrol,104.67
2021-12-24,Mumbai,Diesel,94.14
2021-12-24,Mumbai,Petrol,109.98
2021-12-25,Chennai,Diesel,91.43
2021-12-25,Chennai,Petrol,101.4
2021-12-25,Delhi,Diesel,86.67
2021-12-25,Delhi,Petrol,95.41
2021-12-25,Kolkata,Diesel,89.79
2021-12-25,Kolkata,Petrol,104.67
2021-12-25,Mumbai,Diesel,94.14
2021-12-25,Mumbai,Petrol,109.98
2021-12-26,Chennai,Diesel,91.43
2021-12-26,Chennai,Petrol,101.4
2021-12-26,Delhi,Diesel,86.67
2021-12-26,Delhi,Petrol,95.41
2021-12-26,Kolkata,Diesel,89.79
2021-12-26,Kolkata,Petrol,104.67
2021-12-26,Mumbai,Diesel,94.14
2021-12-26,Mumbai,Petrol,109.98
2021-12-27,Chennai,Diesel,91.43
2021-12-27,Chennai,Petrol,101.4
2021-12-27,Delhi,Diesel,86.67
2021-12-27,Delhi,Petrol,95.41
2021-12-27,Kolkata,Diesel,89.79
2021-12-27,Kolkata,Petrol,104.67
2021-12-27,Mumbai,Diesel,94.14
2021-12-27,Mumbai,Petrol,109.98
2021-12-28,Chennai,Diesel,91.43
2021-12-28,Chennai,Petrol,101.4
2021-12-28,Delhi,Diesel,86.67
2021-12-28,Delhi,Petrol,95.41
2021-12-28,Kolkata,Diesel,89.79
2021-12-28,Kolkata,Petrol,104.67
2021-12-28,Mumbai,Diesel,94.14
2021-12-28,Mumbai,Petrol,109.98
2021-12-29,Chennai,Diesel,91.43
2021-12-29,Chennai,Petrol,101.4
2021-12-29,Delhi,Diesel,86.67
2021-12-29,Delhi,Petrol,95.41
2021-12-29,Kolkata,Diesel,89.79
2021-12-29,Kolkata,Petrol,104.67
2021-12-29,Mumbai,Diesel,94.14
2021-12-29,Mumbai,Petrol,109.98
2021-12-30,Chennai,Diesel,91.43
2021-12-30,Chennai,Petrol,101.4
2021-12-30,Delhi,Diesel,86.67
2021-12-30,Delhi,Petrol,95.41
2021-12-30,Kolkata,Diesel,89.79
2021-12-30,Kolkata,Petrol,104.67
2021-12-30,Mumbai,Diesel,94.14
2021-12-30,Mumbai,Petrol,109.98
2021-12-31,Chennai,Diesel,91.43
2021-12-31,Chennai,Petrol,101.4
2021-12-31,Delhi,Diesel,86.67
2021-12-31,Delhi,Petrol,95.41
2021-12-31,Kolkata,Diesel,89.79
2021-12-31,Kolkata,Petrol,104.67
2021-12-31,Mumbai,Diesel,94.14
2021-12-31,Mumbai,Petrol,109.98
2022-01-01,Chennai,Diesel,91.43
2022-01-01,Chennai,Petrol,101.4
2022-01-01,Delhi,Diesel,86.67
2022-01-01,Delhi,Petrol,95.41
2022-01-01,Kolkata,Diesel,89.79
2022-01-01,Kolkata,Petrol,104.67
2022-01-01,Mumbai,Diesel,94.14
2022-01-01,Mumbai,Petrol,109.98
2022-01-02,Chennai,Diesel,91.43
2022-01-02,Chennai,Petrol,101.4
2022-01-02,Delhi,Diesel,86.67
2022-01-02,Delhi,Petrol,95.41
2022-01-02,Kolkata,Diesel,89.79
2022-01-02,Kolkata,Petrol,104.67
2022-01-02,Mumbai,Diesel,94.14
2022-01-02,Mumbai,Petrol,109.98
2022-01-03,Chennai,Diesel,91.43
2022-01-03,Chennai,Petrol,101.4
2022-01-03,Delhi,Diesel,86.67
2022-01-03,Delhi,Petrol,95.41
2022-01-03,Kolkata,Diesel,89.79
2022-01-03,Kolkata,Petrol,104.67
2022-01-03,Mumbai,Diesel,94.14
2022-01-03,Mumbai,Petrol,109.98
2022-01-04,Chennai,Diesel,91.43
2022-01-04,Chennai,Petrol,101.4
2022-01-04,Delhi,Diesel,86.67
2022-01-04,Delhi,Petrol,95.41
2022-01-04,Kolkata,Diesel,89.79
2022-01-04,Kolkata,Petrol,104.67
2022-01-04,Mumbai,Diesel,94.14
2022-01-04,Mumbai,Petrol,109.98
2022-01-05,Chennai,Diesel,91.43
2022-01-05,Chennai,Petrol,101.4
2022-01-05,Delhi,Diesel,86.67
2022-01-05,Delhi,Petrol,95.41
2022-01-05,Kolkata,Diesel,89.79
2022-01-05,Kolkata,Petrol,104.67
2022-01-05,Mumbai,Diesel,94.14
2022-01-05,Mumbai,Petrol,109.98
2022-01-06,Chennai,Diesel,91.43
2022-01-06,Chennai,Petrol,101.4
2022-01-06,Delhi,Diesel,86.67
2022-01-06,Delhi,Petrol,95.41
2022-01-06,Kolkata,Diesel,89.79
2022-01-06,Kolkata,Petrol,104.67
2022-01-06,Mumbai,Diesel,94.14
2022-01-06,Mumbai,Petrol,109.98
2022-01-07,Chennai,Diesel,91.43
2022-01-07,Chennai,Petrol,101.4
2022-01-07,Delhi,Diesel,86.67
2022-01-07,Delhi,Petrol,95.41
2022-01-07,Kolkata,Diesel,89.79
2022-01-07,Kolkata,Petrol,104.67
2022-01-07,Mumbai,Diesel,94.14
2022-01-07,Mumbai,Petrol,109.98
2022-01-08,Chennai,Diesel,91.43
2022-01-08,Chennai,Petrol,101.4
2022-01-08,Delhi,Diesel,86.67
2022-01-08,Delhi,Petrol,95.41
2022-01-08,Kolkata,Diesel,89.79
2022-01-08,Kolkata,Petrol,104.67
2022-01-08,Mumbai,Diesel,94.14
2022-01-08,Mumbai,Petrol,109.98
2022-01-09,Chennai,Diesel,91.43
2022-01-09,Chennai,Petrol,101.4
2022-01-09,Delhi,Diesel,86.67
2022-01-09,Delhi,Petrol,95.41
2022-01-09,Kolkata,Diesel,89.79
2022-01-09,Kolkata,Petrol,104.67
2022-01-09,Mumbai,Diesel,94.14
2022-01-09,Mumbai,Petrol,109.98
2022-01-10,Chennai,Diesel,91.43
2022-01-10,Chennai,Petrol,101.4
2022-01-10,Delhi,Diesel,86.67
2022-01-10,Delhi,Petrol,95.41
2022-01-10,Kolkata,Diesel,89.79
2022-01-10,Kolkata,Petrol,104.67
2022-01-10,Mumbai,Diesel,94.14
2022-01-10,Mumbai,Petrol,109.98
2022-01-11,Chennai,Diesel,91.43
2022-01-11,Chennai,Petrol,101.4
2022-01-11,Delhi,Diesel,86.67
2022-01-11,Delhi,Petrol,95.41
2022-01-11,Kolkata,Diesel,89.79
2022-01-11,Kolkata,Petrol,104.67
2022-01-11,Mumbai,Diesel,94.14
2022-01-11,Mumbai,Petrol,109.98
2022-01-12,Chennai,Diesel,91.43
2022-01-12,Chennai,Petrol,101.4
2022-01-12,Delhi,Diesel,86.67
2022-01-12,Delhi,Petrol,95.41
2022-01-12,Kolkata,Diesel,89.79
2022-01-12,Kolkata,Petrol,104.67
2022-01-12,Mumbai,Diesel,94.14
2022-01-12,Mumbai,Petrol,109.98
2022-01-13,Chennai,Diesel,91.43
2022-01-13,Chennai,Petrol,101.4
2022-01-13,Delhi,Diesel,86.67
2022-01-13,Delhi,Petrol,95.41
2022-01-13,Kolkata,Diesel,89.79
2022-01-13,Kolkata,Petrol,104.67
2022-01-13,Mumbai,Diesel,94.14
2022-01-13,Mumbai,Petrol,109.98
2022-01-14,Chennai,Diesel,91.43
2022-01-14,Chennai,Petrol,101.4
2022-01-14,Delhi,Diesel,86.67
2022-01-14,Delhi,Petrol,95.41
2022-01-14,Kolkata,Diesel,89.79
2022-01-14,Kolkata,Petrol,104.67
2022-01-14,Mumbai,Diesel,94.14
2022-01-14,Mumbai,Petrol,109.98
2022-01-15,Chennai,Diesel,91.43
2022-01-15,Chennai,Petrol,101.4
2022-01-15,Delhi,Diesel,86.67
2022-01-15,Delhi,Petrol,95.41
2022-01-15,Kolkata,Diesel,89.79
2022-01-15,Kolkata,Petrol,104.67
2022-01-15,Mumbai,Diesel,94.14
2022-01-15,Mumbai,Petrol,109.98
2022-01-16,Chennai,Diesel,91.43
2022-01-16,Chennai,Petrol,101.4
2022-01-16,Delhi,Diesel,86.67
2022-01-16,Delhi,Petrol,95.41
2022-01-16,Kolkata,Diesel,89.79
2022-01-16,Kolkata,Petrol,104.67
2022-01-16,Mumbai,Diesel,94.14
2022-01-16,Mumbai,Petrol,109.98
2022-01-17,Chennai,Diesel,91.43
2022-01-17,Chennai,Petrol,101.4
2022-01-17,Delhi,Diesel,86.67
2022-01-17,Delhi,Petrol,95.41
2022-01-17,Kolkata,Diesel,89.79
2022-01-17,Kolkata,Petrol,104.67
2022-01-17,Mumbai,Diesel,94.14
2022-01-17,Mumbai,Petrol,109.98
2022-01-18,Chennai,Diesel,91.43
2022-01-18,Chennai,Petrol,101.4
2022-01-18,Delhi,Diesel,86.67
2022-01-18,Delhi,Petrol,95.41
2022-01-18,Kolkata,Diesel,89.79
2022-01-18,Kolkata,Petrol,104.67
2022-01-18,Mumbai,Diesel,94.14
2022-01-18,Mumbai,Petrol,109.98
2022-01-19,Chennai,Diesel,91.43
2022-01-19,Chennai,Petrol,101.4
2022-01-19,Delhi,Diesel,86.67
2022-01-19,Delhi,Petrol,95.41
2022-01-19,Kolkata,Diesel,89.79
2022-01-19,Kolkata,Petrol,104.67
2022-01-19,Mumbai,Diesel,94.14
2022-01-19,Mumbai,Petrol,109.98
2022-01-20,Chennai,Diesel,91.43
2022-01-20,Chennai,Petrol,101.4
2022-01-20,Delhi,Diesel,86.67
2022-01-20,Delhi,Petrol,95.41
2022-01-20,Kolkata,Diesel,89.79
2022-01-20,Kolkata,Petrol,104.67
2022-01-20,Mumbai,Diesel,94.14
2022-01-20,Mumbai,Petrol,109.98
2022-01-21,Chennai,Diesel,91.43
2022-01-21,Chennai,Petrol,101.4
2022-01-21,Delhi,Diesel,86.67
2022-01-21,Delhi,Petrol,95.41
2022-01-21,Kolkata,Diesel,89.79
2022-01-21,Kolkata,Petrol,104.67
2022-01-21,Mumbai,Diesel,94.14
2022-01-21,Mumbai,Petrol,109.98
2022-01-22,Chennai,Diesel,91.43
2022-01-22,Chennai,Petrol,101.4
2022-01-22,Delhi,Diesel,86.67
2022-01-22,Delhi,Petrol,95.41
2022-01-22,Kolkata,Diesel,89.79
2022-01-22,Kolkata,Petrol,104.67
2022-01-22,Mumbai,Diesel,94.14
2022-01-22,Mumbai,Petrol,109.98
2022-01-23,Chennai,Diesel,91.43
2022-01-23,Chennai,Petrol,101.4
2022-01-23,Delhi,Diesel,86.67
2022-01-23,Delhi,Petrol,95.41
2022-01-23,Kolkata,Diesel,89.79
2022-01-23,Kolkata,Petrol,104.67
2022-01-23,Mumbai,Diesel,94.14
2022-01-23,Mumbai,Petrol,109.98
2022-01-24,Chennai,Diesel,91.43
2022-01-24,Chennai,Petrol,101.4
2022-01-24,Delhi,Diesel,86.67
2022-01-24,Delhi,Petrol,95.41
2022-01-24,Kolkata,Diesel,89.79
2022-01-24,Kolkata,Petrol,104.67
2022-01-24,Mumbai,Diesel,94.14
2022-01-24,Mumbai,Petrol,109.98
2022-01-25,Chennai,Diesel,91.43
2022-01-25,Chennai,Petrol,101.4
2022-01-25,Delhi,Diesel,86.67
2022-01-25,Delhi,Petrol,95.41
2022-01-25,Kolkata,Diesel,89.79
2022-01-25,Kolkata,Petrol,104.67
2022-01-25,Mumbai,Diesel,94.14
2022-01-25,Mumbai,Petrol,109.98
2022-01-26,Chennai,Diesel,91.43
2022-01-26,Chennai,Petrol,101.4
2022-01-26,Delhi,Diesel,86.67
2022-01-26,Delhi,Petrol,95.41
2022-01-26,Kolkata,Diesel,89.79
2022-01-26,Kolkata,Petrol,104.67
2022-01-26,Mumbai,Diesel,94.14
2022-01-26,Mumbai,Petrol,109.98
2022-01-27,Chennai,Diesel,91.43
2022-01-27,Chennai,Petrol,101.4
2022-01-27,Delhi,Diesel,86.67
2022-01-27,Delhi,Petrol,95.41
2022-01-27,Kolkata,Diesel,89.79
2022-01-27,Kolkata,Petrol,104.67
2022-01-27,Mumbai,Diesel,94.14
2022-01-27,Mumbai,Petrol,109.98
2022-01-28,Chennai,Diesel,91.43
2022-01-28,Chennai,Petrol,101.4
2022-01-28,Delhi,Diesel,86.67
2022-01-28,Delhi,Petrol,95.41
2022-01-28,Kolkata,Diesel,89.79
2022-01-28,Kolkata,Petrol,104.67
2022-01-28,Mumbai,Diesel,94.14
2022-01-28,Mumbai,Petrol,109.98
2022-01-29,Chennai,Diesel,91.43
2022-01-29,Chennai,Petrol,101.4
2022-01-29,Delhi,Diesel,86.67
2022-01-29,Delhi,Petrol,95.41
2022-01-29,Kolkata,Diesel,89.79
2022-01-29,Kolkata,Petrol,104.67
2022-01-29,Mumbai,Diesel,94.14
2022-01-29,Mumbai,Petrol,109.98
2022-01-30,Chennai,Diesel,91.43
2022-01-30,Chennai,Petrol,101.4
2022-01-30,Delhi,Diesel,86.67
2022-01-30,Delhi,Petrol,95.41
2022-01-30,Kolkata,Diesel,89.79
2022-01-30,Kolkata,Petrol,104.67
2022-01-30,Mumbai,Diesel,94.14
2022-01-30,Mumbai,Petrol,109.98
2022-01-31,Chennai,Diesel,91.43
2022-01-31,Chennai,Petrol,101.4
2022-01-31,Delhi,Diesel,86.67
2022-01-31,Delhi,Petrol,95.41
2022-01-31,Kolkata,Diesel,89.79
2022-01-31,Kolkata,Petrol,104.67
2022-01-31,Mumbai,Diesel,94.14
2022-01-31,Mumbai,Petrol,109.98
2022-02-01,Chennai,Diesel,91.43
2022-02-01,Chennai,Petrol,101.4
2022-02-01,Delhi,Diesel,86.67
2022-02-01,Delhi,Petrol,95.41
2022-02-01,Kolkata,Diesel,89.79
2022-02-01,Kolkata,Petrol,104.67
2022-02-01,Mumbai,Diesel,94.14
2022-02-01,Mumbai,Petrol,109.98
2022-02-02,Chennai,Diesel,91.43
2022-02-02,Chennai,Petrol,101.4
2022-02-02,Delhi,Diesel,86.67
2022-02-02,Delhi,Petrol,95.41
2022-02-02,Kolkata,Diesel,89.79
2022-02-02,Kolkata,Petrol,104.67
2022-02-02,Mumbai,Diesel,94.14
2022-02-02,Mumbai,Petrol,109.98
2022-02-03,Chennai,Diesel,91.43
2022-02-03,Chennai,Petrol,101.4
2022-02-03,Delhi,Diesel,86.67
2022-02-03,Delhi,Petrol,95.41
2022-02-03,Kolkata,Diesel,89.79
2022-02-03,Kolkata,Petrol,104.67
2022-02-03,Mumbai,Diesel,94.14
2022-02-03,Mumbai,Petrol,109.98
2022-02-04,Chennai,Diesel,91.43
2022-02-04,Chennai,Petrol,101.4
2022-02-04,Delhi,Diesel,86.67
2022-02-04,Delhi,Petrol,95.41
2022-02-04,Kolkata,Diesel,89.79
2022-02-04,Kolkata,Petrol,104.67
2022-02-04,Mumbai,Diesel,94.14
2022-02-04,Mumbai,Petrol,109.98
2022-02-05,Chennai,Diesel,91.43
2022-02-05,Chennai,Petrol,101.4
2022-02-05,Delhi,Diesel,86.67
2022-02-05,Delhi,Petrol,95.41
2022-02-05,Kolkata,Diesel,89.79
2022-02-05,Kolkata,Petrol,104.67
2022-02-05,Mumbai,Diesel,94.14
2022-02-05,Mumbai,Petrol,109.98
2022-02-06,Chennai,Diesel,91.43
2022-02-06,Chennai,Petrol,101.4
2022-02-06,Delhi,Diesel,86.67
2022-02-06,Delhi,Petrol,95.41
2022-02-06,Kolkata,Diesel,89.79
2022-02-06,Kolkata,Petrol,104.67
2022-02-06,Mumbai,Diesel,94.14
2022-02-06,Mumbai,Petrol,109.98
2022-02-07,Chennai,Diesel,91.43
2022-02-07,Chennai,Petrol,101.4
2022-02-07,Delhi,Diesel,86.67
2022-02-07,Delhi,Petrol,95.41
2022-02-07,Kolkata,Diesel,89.79
2022-02-07,Kolkata,Petrol,104.67
2022-02-07,Mumbai,Diesel,94.14
2022-02-07,Mumbai,Petrol,109.98
2022-02-08,Chennai,Diesel,91.43
2022-02-08,Chennai,Petrol,101.4
2022-02-08,Delhi,Diesel,86.67
2022-02-08,Delhi,Petrol,95.41
2022-02-08,Kolkata,Diesel,89.79
2022-02-08,Kolkata,Petrol,104.67
2022-02-08,Mumbai,Diesel,94.14
2022-02-08,Mumbai,Petrol,109.98
2022-02-09,Chennai,Diesel,91.43
2022-02-09,Chennai,Petrol,101.4
2022-02-09,Delhi,Diesel,86.67
2022-02-09,Delhi,Petrol,95.41
2022-02-09,Kolkata,Diesel,89.79
2022-02-09,Kolkata,Petrol,104.67
2022-02-09,Mumbai,Diesel,94.14
2022-02-09,Mumbai,Petrol,109.98
2022-02-10,Chennai,Diesel,91.43
2022-02-10,Chennai,Petrol,101.4
2022-02-10,Delhi,Diesel,86.67
2022-02-10,Delhi,Petrol,95.41
2022-02-10,Kolkata,Diesel,89.79
2022-02-10,Kolkata,Petrol,104.67
2022-02-10,Mumbai,Diesel,94.14
2022-02-10,Mumbai,Petrol,109.98
2022-02-11,Chennai,Diesel,91.43
2022-02-11,Chennai,Petrol,101.4
2022-02-11,Delhi,Diesel,86.67
2022-02-11,Delhi,Petrol,95.41
2022-02-11,Kolkata,Diesel,89.79
2022-02-11,Kolkata,Petrol,104.67
2022-02-11,Mumbai,Diesel,94.14
2022-02-11,Mumbai,Petrol,109.98
2022-02-12,Chennai,Diesel,91.43
2022-02-12,Chennai,Petrol,101.4
2022-02-12,Delhi,Diesel,86.67
2022-02-12,Delhi,Petrol,95.41
2022-02-12,Kolkata,Diesel,89.79
2022-02-12,Kolkata,Petrol,104.67
2022-02-12,Mumbai,Diesel,94.14
2022-02-12,Mumbai,Petrol,109.98
2022-02-13,Chennai,Diesel,91.43
2022-02-13,Chennai,Petrol,101.4
2022-02-13,Delhi,Diesel,86.67
2022-02-13,Delhi,Petrol,95.41
2022-02-13,Kolkata,Diesel,89.79
2022-02-13,Kolkata,Petrol,104.67
2022-02-13,Mumbai,Diesel,94.14
2022-02-13,Mumbai,Petrol,109.98
2022-02-14,Chennai,Diesel,91.43
2022-02-14,Chennai,Petrol,101.4
2022-02-14,Delhi,Diesel,86.67
2022-02-14,Delhi,Petrol,95.41
2022-02-14,Kolkata,Diesel,89.79
2022-02-14,Kolkata,Petrol,104.67
2022-02-14,Mumbai,Diesel,94.14
2022-02-14,Mumbai,Petrol,109.98
2022-02-15,Chennai,Diesel,91.43
2022-02-15,Chennai,Petrol,101.4
2022-02-15,Delhi,Diesel,86.67
2022-02-15,Delhi,Petrol,95.41
2022-02-15,Kolkata,Diesel,89.79
2022-02-15,Kolkata,Petrol,104.67
2022-02-15,Mumbai,Diesel,94.14
2022-02-15,Mumbai,Petrol,109.98
2022-02-16,Chennai,Diesel,91.43
2022-02-16,Chennai,Petrol,101.4
2022-02-16,Delhi,Diesel,86.67
2022-02-16,Delhi,Petrol,95.41
2022-02-16,Kolkata,Diesel,89.79
2022-02-16,Kolkata,Petrol,104.67
2022-02-16,Mumbai,Diesel,94.14
2022-02-16,Mumbai,Petrol,109.98
2022-02-17,Chennai,Diesel,91.43
2022-02-17,Chennai,Petrol,101.4
2022-02-17,Delhi,Diesel,86.67
2022-02-17,Delhi,Petrol,95.41
2022-02-17,Kolkata,Diesel,89.79
2022-02-17,Kolkata,Petrol,104.67
2022-02-17,Mumbai,Diesel,94.14
2022-02-17,Mumbai,Petrol,109.98
2022-02-18,Chennai,Diesel,91.43
2022-02-18,Chennai,Petrol,101.4
2022-02-18,Delhi,Diesel,86.67
2022-02-18,Delhi,Petrol,95.41
2022-02-18,Kolkata,Diesel,89.79
2022-02-18,Kolkata,Petrol,104.67
2022-02-18,Mumbai,Diesel,94.14
2022-02-18,Mumbai,Petrol,109.98
2022-02-19,Chennai,Diesel,91.43
2022-02-19,Chennai,Petrol,101.4
2022-02-19,Delhi,Diesel,86.67
2022-02-19,Delhi,Petrol,95.41
2022-02-19,Kolkata,Diesel,89.79
2022-02-19,Kolkata,Petrol,104.67
2022-02-19,Mumbai,Diesel,94.14
2022-02-19,Mumbai,Petrol,109.98
2022-02-20,Chennai,Diesel,91.43
2022-02-20,Chennai,Petrol,101.4
2022-02-20,Delhi,Diesel,86.67
2022-02-20,Delhi,Petrol,95.41
2022-02-20,Kolkata,Diesel,89.79
2022-02-20,Kolkata,Petrol,104.67
2022-02-20,Mumbai,Diesel,94.14
2022-02-20,Mumbai,Petrol,109.98
2022-02-21,Chennai,Diesel,91.43
2022-02-21,Chennai,Petrol,101.4
2022-02-21,Delhi,Diesel,86.67
2022-02-21,Delhi,Petrol,95.41
2022-02-21,Kolkata,Diesel,89.79
2022-02-21,Kolkata,Petrol,104.67
2022-02-21,Mumbai,Diesel,94.14
2022-02-21,Mumbai,Petrol,109.98
2022-02-22,Chennai,Diesel,91.43
2022-02-22,Chennai,Petrol,101.4
2022-02-22,Delhi,Diesel,86.67
2022-02-22,Delhi,Petrol,95.41
2022-02-22,Kolkata,Diesel,89.79
2022-02-22,Kolkata,Petrol,104.67
2022-02-22,Mumbai,Diesel,94.14
2022-02-22,Mumbai,Petrol,109.98
2022-02-23,Chennai,Diesel,91.43
2022-02-23,Chennai,Petrol,101.4
2022-02-23,Delhi,Diesel,86.67
2022-02-23,Delhi,Petrol,95.41
2022-02-23,Kolkata,Diesel,89.79
2022-02-23,Kolkata,Petrol,104.67
2022-02-23,Mumbai,Diesel,94.14
2022-02-23,Mumbai,Petrol,109.98
2022-02-24,Chennai,Diesel,91.43
2022-02-24,Chennai,Petrol,101.4
2022-02-24,Delhi,Diesel,86.67
2022-02-24,Delhi,Petrol,95.41
2022-02-24,Kolkata,Diesel,89.79
2022-02-24,Kolkata,Petrol,104.67
2022-02-24,Mumbai,Diesel,94.14
2022-02-24,Mumbai,Petrol,109.98
2022-02-25,Chennai,Diesel,91.43
2022-02-25,Chennai,Petrol,101.4
2022-02-25,Delhi,Diesel,86.67
2022-02-25,Delhi,Petrol,95.41
2022-02-25,Kolkata,Diesel,89.79
2022-02-25,Kolkata,Petrol,104.67
2022-02-25,Mumbai,Diesel,94.14
2022-02-25,Mumbai,Petrol,109.98
2022-02-26,Chennai,Diesel,91.43
2022-02-26,Chennai,Petrol,101.4
2022-02-26,Delhi,Diesel,86.67
2022-02-26,Delhi,Petrol,95.41
2022-02-26,Kolkata,Diesel,89.79
2022-02-26,Kolkata,Petrol,104.67
2022-02-26,Mumbai,Diesel,94.14
2022-02-26,Mumbai,Petrol,109.98
2022-02-27,Chennai,Diesel,91.43
2022-02-27,Chennai,Petrol,101.4
2022-02-27,Delhi,Diesel,86.67
2022-02-27,Delhi,Petrol,95.41
2022-02-27,Kolkata,Diesel,89.79
2022-02-27,Kolkata,Petrol,104.67
2022-02-27,Mumbai,Diesel,94.14
2022-02-27,Mumbai,Petrol,109.98
2022-02-28,Chennai,Diesel,91.43
2022-02-28,Chennai,Petrol,101.4
2022-02-28,Delhi,Diesel,86.67
2022-02-28,Delhi,Petrol,95.41
2022-02-28,Kolkata,Diesel,89.79
2022-02-28,Kolkata,Petrol,104.67
2022-02-28,Mumbai,Diesel,94.14
2022-02-28,Mumbai,Petrol,109.98
2022-03-01,Chennai,Diesel,91.43
2022-03-01,Chennai,Petrol,101.4
2022-03-01,Delhi,Diesel,86.67
2022-03-01,Delhi,Petrol,95.41
2022-03-01,Kolkata,Diesel,89.79
2022-03-01,Kolkata,Petrol,104.67
2022-03-01,Mumbai,Diesel,94.14
2022-03-01,Mumbai,Petrol,109.98
2022-03-02,Chennai,Diesel,91.43
2022-03-02,Chennai,Petrol,101.4
2022-03-02,Delhi,Diesel,86.67
2022-03-02,Delhi,Petrol,95.41
2022-03-02,Kolkata,Diesel,89.79
2022-03-02,Kolkata,Petrol,104.67
2022-03-02,Mumbai,Diesel,94.14
2022-03-02,Mumbai,Petrol,109.98
2022-03-03,Chennai,Diesel,91.43
2022-03-03,Chennai,Petrol,101.4
2022-03-03,Delhi,Diesel,86.67
2022-03-03,Delhi,Petrol,95.41
2022-03-03,Kolkata,Diesel,89.79
2022-03-03,Kolkata,Petrol,104.67
2022-03-03,Mumbai,Diesel,94.14
2022-03-03,Mumbai,Petrol,109.98
2022-03-04,Chennai,Diesel,91.43
2022-03-04,Chennai,Petrol,101.4
2022-03-04,Delhi,Diesel,86.67
2022-03-04,Delhi,Petrol,95.41
2022-03-04,Kolkata,Diesel,89.79
2022-03-04,Kolkata,Petrol,104.67
2022-03-04,Mumbai,Diesel,94.14
2022-03-04,Mumbai,Petrol,109.98
2022-03-05,Chennai,Diesel,91.43
2022-03-05,Chennai,Petrol,101.4
2022-03-05,Delhi,Diesel,86.67
2022-03-05,Delhi,Petrol,95.41
2022-03-05,Kolkata,Diesel,89.79
2022-03-05,Kolkata,Petrol,104.67
2022-03-05,Mumbai,Diesel,94.14
2022-03-05,Mumbai,Petrol,109.98
2022-03-06,Chennai,Diesel,91.43
2022-03-06,Chennai,Petrol,101.4
2022-03-06,Delhi,Diesel,86.67
2022-03-06,Delhi,Petrol,95.41
2022-03-06,Kolkata,Diesel,89.79
2022-03-06,Kolkata,Petrol,104.67
2022-03-06,Mumbai,Diesel,94.14
2022-03-06,Mumbai,Petrol,109.98
2022-03-07,Chennai,Diesel,91.43
2022-03-07,Chennai,Petrol,101.4
2022-03-07,Delhi,Diesel,86.67
2022-03-07,Delhi,Petrol,95.41
2022-03-07,Kolkata,Diesel,89.79
2022-03-07,Kolkata,Petrol,104.67
2022-03-07,Mumbai,Diesel,94.14
2022-03-07,Mumbai,Petrol,109.98
2022-03-08,Chennai,Diesel,91.43
2022-03-08,Chennai,Petrol,101.4
2022-03-08,Delhi,Diesel,86.67
2022-03-08,Delhi,Petrol,95.41
2022-03-08,Kolkata,Diesel,89.79
2022-03-08,Kolkata,Petrol,104.67
2022-03-08,Mumbai,Diesel,94.14
2022-03-08,Mumbai,Petrol,109.98
2022-03-09,Chennai,Diesel,91.43
2022-03-09,Chennai,Petrol,101.4
2022-03-09,Delhi,Diesel,86.67
2022-03-09,Delhi,Petrol,95.41
2022-03-09,Kolkata,Diesel,89.79
2022-03-09,Kolkata,Petrol,104.67
2022-03-09,Mumbai,Diesel,94.14
2022-03-09,Mumbai,Petrol,109.98
2022-03-10,Chennai,Diesel,91.43
2022-03-10,Chennai,Petrol,101.4
2022-03-10,Delhi,Diesel,86.67
2022-03-10,Delhi,Petrol,95.41
2022-03-10,Kolkata,Diesel,89.79
2022-03-10,Kolkata,Petrol,104.67
2022-03-10,Mumbai,Diesel,94.14
2022-03-10,Mumbai,Petrol,109.98
2022-03-11,Chennai,Diesel,91.43
2022-03-11,Chennai,Petrol,101.4
2022-03-11,Delhi,Diesel,86.67
2022-03-11,Delhi,Petrol,95.41
2022-03-11,Kolkata,Diesel,89.79
2022-03-11,Kolkata,Petrol,104.67
2022-03-11,Mumbai,Diesel,94.14
2022-03-11,Mumbai,Petrol,109.98
2022-03-12,Chennai,Diesel,91.43
2022-03-12,Chennai,Petrol,101.4
2022-03-12,Delhi,Diesel,86.67
2022-03-12,Delhi,Petrol,95.41
2022-03-12,Kolkata,Diesel,89.79
2022-03-12,Kolkata,Petrol,104.67
2022-03-12,Mumbai,Diesel,94.14
2022-03-12,Mumbai,Petrol,109.98
2022-03-13,Chennai,Diesel,91.43
2022-03-13,Chennai,Petrol,101.4
2022-03-13,Delhi,Diesel,86.67
2022-03-13,Delhi,Petrol,95.41
2022-03-13,Kolkata,Diesel,89.79
2022-03-13,Kolkata,Petrol,104.67
2022-03-13,Mumbai,Diesel,94.14
2022-03-13,Mumbai,Petrol,109.98
2022-03-14,Chennai,Diesel,91.43
2022-03-14,Chennai,Petrol,101.4
2022-03-14,Delhi,Diesel,86.67
2022-03-14,Delhi,Petrol,95.41
2022-03-14,Kolkata,Diesel,89.79
2022-03-14,Kolkata,Petrol,104.67
2022-03-14,Mumbai,Diesel,94.14
2022-03-14,Mumbai,Petrol,109.98
2022-03-15,Chennai,Diesel,91.43
2022-03-15,Chennai,Petrol,101.4
2022-03-15,Delhi,Diesel,86.67
2022-03-15,Delhi,Petrol,95.41
2022-03-15,Kolkata,Diesel,89.79
2022-03-15,Kolkata,Petrol,104.67
2022-03-15,Mumbai,Diesel,94.14
2022-03-15,Mumbai,Petrol,109.98
2022-03-16,Chennai,Diesel,91.43
2022-03-16,Chennai,Petrol,101.4
2022-03-16,Delhi,Diesel,86.67
2022-03-16,Delhi,Petrol,95.41
2022-03-16,Kolkata,Diesel,89.79
2022-03-16,Kolkata,Petrol,104.67
2022-03-16,Mumbai,Diesel,94.14
2022-03-16,Mumbai,Petrol,109.98
2022-03-17,Chennai,Diesel,91.43
2022-03-17,Chennai,Petrol,101.4
2022-03-17,Delhi,Diesel,86.67
2022-03-17,Delhi,Petrol,95.41
2022-03-17,Kolkata,Diesel,89.79
2022-03-17,Kolkata,Petrol,104.67
2022-03-17,Mumbai,Diesel,94.14
2022-03-17,Mumbai,Petrol,109.98
2022-03-18,Chennai,Diesel,91.43
2022-03-18,Chennai,Petrol,101.4
2022-03-18,Delhi,Diesel,86.67
2022-03-18,Delhi,Petrol,95.41
2022-03-18,Kolkata,Diesel,89.79
2022-03-18,Kolkata,Petrol,104.67
2022-03-18,Mumbai,Diesel,94.14
2022-03-18,Mumbai,Petrol,109.98
2022-03-19,Chennai,Diesel,91.43
2022-03-19,Chennai,Petrol,101.4
2022-03-19,Delhi,Diesel,86.67
2022-03-19,Delhi,Petrol,95.41
2022-03-19,Kolkata,Diesel,89.79
2022-03-19,Kolkata,Petrol,104.67
2022-03-19,Mumbai,Diesel,94.14
2022-03-19,Mumbai,Petrol,109.98
2022-03-20,Chennai,Diesel,91.43
2022-03-20,Chennai,Petrol,101.4
2022-03-20,Delhi,Diesel,86.67
2022-03-20,Delhi,Petrol,95.41
2022-03-20,Kolkata,Diesel,89.79
2022-03-20,Kolkata,Petrol,104.67
2022-03-20,Mumbai,Diesel,94.14
2022-03-20,Mumbai,Petrol,109.98
2022-03-21,Chennai,Diesel,91.43
2022-03-21,Chennai,Petrol,101.4
2022-03-21,Delhi,Diesel,86.67
2022-03-21,Delhi,Petrol,95.41
2022-03-21,Kolkata,Diesel,89.79
2022-03-21,Kolkata,Petrol,104.67
2022-03-21,Mumbai,Diesel,94.14
2022-03-21,Mumbai,Petrol,109.98
2022-03-22,Chennai,Diesel,92.19
2022-03-22,Chennai,Petrol,102.16
2022-03-22,Delhi,Diesel,87.47
2022-03-22,Delhi,Petrol,96.21
2022-03-22,Kolkata,Diesel,90.62
2022-03-22,Kolkata,Petrol,105.51
2022-03-22,Mumbai,Diesel,95.0
2022-03-22,Mumbai,Petrol,110.82
2022-03-23,Chennai,Diesel,92.95
2022-03-23,Chennai,Petrol,102.91
2022-03-23,Delhi,Diesel,88.27
2022-03-23,Delhi,Petrol,97.01
2022-03-23,Kolkata,Diesel,91.42
2022-03-23,Kolkata,Petrol,106.34
2022-03-23,Mumbai,Diesel,95.85
2022-03-23,Mumbai,Petrol,111.67
2022-03-24,Chennai,Diesel,92.95
2022-03-24,Chennai,Petrol,102.91
2022-03-24,Delhi,Diesel,88.27
2022-03-24,Delhi,Petrol,97.01
2022-03-24,Kolkata,Diesel,91.42
2022-03-24,Kolkata,Petrol,106.34
2022-03-24,Mumbai,Diesel,95.85
2022-03-24,Mumbai,Petrol,111.67
2022-03-25,Chennai,Diesel,93.71
2022-03-25,Chennai,Petrol,103.67
2022-03-25,Delhi,Diesel,89.07
2022-03-25,Delhi,Petrol,97.81
2022-03-25,Kolkata,Diesel,92.22
2022-03-25,Kolkata,Petrol,107.18
2022-03-25,Mumbai,Diesel,96.7
2022-03-25,Mumbai,Petrol,112.51
2022-03-26,Chennai,Diesel,94.47
2022-03-26,Chennai,Petrol,104.43
2022-03-26,Delhi,Diesel,89.87
2022-03-26,Delhi,Petrol,98.61
2022-03-26,Kolkata,Diesel,93.01
2022-03-26,Kolkata,Petrol,108.01
2022-03-26,Mumbai,Diesel,97.55
2022-03-26,Mumbai,Petrol,113.35
2022-03-27,Chennai,Diesel,95.0
2022-03-27,Chennai,Petrol,104.9
2022-03-27,Delhi,Diesel,90.42
2022-03-27,Delhi,Petrol,99.11
2022-03-27,Kolkata,Diesel,93.57
2022-03-27,Kolkata,Petrol,108.53
2022-03-27,Mumbai,Diesel,98.13
2022-03-27,Mumbai,Petrol,113.88
2022-03-28,Chennai,Diesel,95.33
2022-03-28,Chennai,Petrol,105.18
2022-03-28,Delhi,Diesel,90.77
2022-03-28,Delhi,Petrol,99.41
2022-03-28,Kolkata,Diesel,93.92
2022-03-28,Kolkata,Petrol,108.85
2022-03-28,Mumbai,Diesel,98.5
2022-03-28,Mumbai,Petrol,114.19
2022-03-29,Chennai,Diesel,96.0
2022-03-29,Chennai,Petrol,105.94
2022-03-29,Delhi,Diesel,91.47
2022-03-29,Delhi,Petrol,100.21
2022-03-29,Kolkata,Diesel,94.62
2022-03-29,Kolkata,Petrol,109.68
2022-03-29,Mumbai,Diesel,99.25
2022-03-29,Mumbai,Petrol,115.04
2022-03-30,Chennai,Diesel,96.76
2022-03-30,Chennai,Petrol,106.69
2022-03-30,Delhi,Diesel,92.27
2022-03-30,Delhi,Petrol,101.01
2022-03-30,Kolkata,Diesel,95.42
2022-03-30,Kolkata,Petrol,110.52
2022-03-30,Mumbai,Diesel,100.1
2022-03-30,Mumbai,Petrol,115.88
2022-03-31,Chennai,Diesel,97.52
2022-03-31,Chennai,Petrol,107.45
2022-03-31,Delhi,Diesel,93.07
2022-03-31,Delhi,Petrol,101.81
2022-03-31,Kolkata,Diesel,96.22
2022-03-31,Kolkata,Petrol,111.35
2022-03-31,Mumbai,Diesel,100.94
2022-03-31,Mumbai,Petrol,116.72
2022-04-01,Chennai,Diesel,97.52
2022-04-01,Chennai,Petrol,107.45
2022-04-01,Delhi,Diesel,93.07
2022-04-01,Delhi,Petrol,101.81
2022-04-01,Kolkata,Diesel,96.22
2022-04-01,Kolkata,Petrol,111.35
2022-04-01,Mumbai,Diesel,100.94
2022-04-01,Mumbai,Petrol,116.72
2022-04-02,Chennai,Diesel,98.28
2022-04-02,Chennai,Petrol,108.21
2022-04-02,Delhi,Diesel,93.87
2022-04-02,Delhi,Petrol,102.61
2022-04-02,Kolkata,Diesel,97.02
2022-04-02,Kolkata,Petrol,112.19
2022-04-02,Mumbai,Diesel,101.79
2022-04-02,Mumbai,Petrol,117.57
2022-04-03,Chennai,Diesel,99.04
2022-04-03,Chennai,Petrol,108.96
2022-04-03,Delhi,Diesel,94.67
2022-04-03,Delhi,Petrol,103.41
2022-04-03,Kolkata,Diesel,97.82
2022-04-03,Kolkata,Petrol,113.03
2022-04-03,Mumbai,Diesel,102.64
2022-04-03,Mumbai,Petrol,118.41
2022-04-04,Chennai,Diesel,99.42
2022-04-04,Chennai,Petrol,109.34
2022-04-04,Delhi,Diesel,95.07
2022-04-04,Delhi,Petrol,103.81
2022-04-04,Kolkata,Diesel,98.22
2022-04-04,Kolkata,Petrol,113.45
2022-04-04,Mumbai,Diesel,103.07
2022-04-04,Mumbai,Petrol,118.83
2022-04-05,Chennai,Diesel,100.18
2022-04-05,Chennai,Petrol,110.09
2022-04-05,Delhi,Diesel,95.87
2022-04-05,Delhi,Petrol,104.61
2022-04-05,Kolkata,Diesel,99.02
2022-04-05,Kolkata,Petrol,114.28
2022-04-05,Mumbai,Diesel,103.92
2022-04-05,Mumbai,Petrol,119.67
2022-04-06,Chennai,Diesel,100.94
2022-04-06,Chennai,Petrol,110.85
2022-04-06,Delhi,Diesel,96.67
2022-04-06,Delhi,Petrol,105.41
2022-04-06,Kolkata,Diesel,99.83
2022-04-06,Kolkata,Petrol,115.12
2022-04-06,Mumbai,Diesel,104.77
2022-04-06,Mumbai,Petrol,120.51
2022-04-07,Chennai,Diesel,100.94
2022-04-07,Chennai,Petrol,110.85
2022-04-07,Delhi,Diesel,96.67
2022-04-07,Delhi,Petrol,105.41
2022-04-07,Kolkata,Diesel,99.83
2022-04-07,Kolkata,Petrol,115.12
2022-04-07,Mumbai,Diesel,104.77
2022-04-07,Mumbai,Petrol,120.51
2022-04-08,Chennai,Diesel,100.94
2022-04-08,Chennai,Petrol,110.85
2022-04-08,Delhi,Diesel,96.67
2022-04-08,Delhi,Petrol,105.41
2022-04-08,Kolkata,Diesel,99.83
2022-04-08,Kolkata,Petrol,115.12
2022-04-08,Mumbai,Diesel,104.77
2022-04-08,Mumbai,Petrol,120.51
2022-04-09,Chennai,Diesel,100.94
2022-04-09,Chennai,Petrol,110.85
2022-04-09,Delhi,Diesel,96.67
2022-04-09,Delhi,Petrol,105.41
2022-04-09,Kolkata,Diesel,99.83
2022-04-09,Kolkata,Petrol,115.12
2022-04-09,Mumbai,Diesel,104.77
2022-04-09,Mumbai,Petrol,120.51
2022-04-10,Chennai,Diesel,100.94
2022-04-10,Chennai,Petrol,110.85
2022-04-10,Delhi,Diesel,96.67
2022-04-10,Delhi,Petrol,105.41
2022-04-10,Kolkata,Diesel,99.83
2022-04-10,Kolkata,Petrol,115.12
2022-04-10,Mumbai,Diesel,104.77
2022-04-10,Mumbai,Petrol,120.51
2022-04-11,Chennai,Diesel,100.94
2022-04-11,Chennai,Petrol,110.85
2022-04-11,Delhi,Diesel,96.67
2022-04-11,Delhi,Petrol,105.41
2022-04-11,Kolkata,Diesel,99.83
2022-04-11,Kolkata,Petrol,115.12
2022-04-11,Mumbai,Diesel,104.77
2022-04-11,Mumbai,Petrol,120.51
2022-04-12,Chennai,Diesel,100.94
2022-04-12,Chennai,Petrol,110.85
2022-04-12,Delhi,Diesel,96.67
2022-04-12,Delhi,Petrol,105.41
2022-04-12,Kolkata,Diesel,99.83
2022-04-12,Kolkata,Petrol,115.12
2022-04-12,Mumbai,Diesel,104.77
2022-04-12,Mumbai,Petrol,120.51
2022-04-13,Chennai,Diesel,100.94
2022-04-13,Chennai,Petrol,110.85
2022-04-13,Delhi,Diesel,96.67
2022-04-13,Delhi,Petrol,105.41
2022-04-13,Kolkata,Diesel,99.83
2022-04-13,Kolkata,Petrol,115.12
2022-04-13,Mumbai,Diesel,104.77
2022-04-13,Mumbai,Petrol,120.51
2022-04-14,Chennai,Diesel,100.94
2022-04-14,Chennai,Petrol,110.85
2022-04-14,Delhi,Diesel,96.67
2022-04-14,Delhi,Petrol,105.41
2022-04-14,Kolkata,Diesel,99.83
2022-04-14,Kolkata,Petrol,115.12
2022-04-14,Mumbai,Diesel,104.77
2022-04-14,Mumbai,Petrol,120.51
2022-04-15,Chennai,Diesel,100.94
2022-04-15,Chennai,Petrol,110.85
2022-04-15,Delhi,Diesel,96.67
2022-04-15,Delhi,Petrol,105.41
2022-04-15,Kolkata,Diesel,99.83
2022-04-15,Kolkata,Petrol,115.12
2022-04-15,Mumbai,Diesel,104.77
2022-04-15,Mumbai,Petrol,120.51
2022-04-16,Chennai,Diesel,100.94
2022-04-16,Chennai,Petrol,110.85
2022-04-16,Delhi,Diesel,96.67
2022-04-16,Delhi,Petrol,105.41
2022-04-16,Kolkata,Diesel,99.83
2022-04-16,Kolkata,Petrol,115.12
2022-04-16,Mumbai,Diesel,104.77
2022-04-16,Mumbai,Petrol,120.51
2022-04-17,Chennai,Diesel,100.94
2022-04-17,Chennai,Petrol,110.85
2022-04-17,Delhi,Diesel,96.67
2022-04-17,Delhi,Petrol,105.41
2022-04-17,Kolkata,Diesel,99.83
2022-04-17,Kolkata,Petrol,115.12
2022-04-17,Mumbai,Diesel,104.77
2022-04-17,Mumbai,Petrol,120.51
2022-04-18,Chennai,Diesel,100.94
2022-04-18,Chennai,Petrol,110.85
2022-04-18,Delhi,Diesel,96.67
2022-04-18,Delhi,Petrol,105.41
2022-04-18,Kolkata,Diesel,99.83
2022-04-18,Kolkata,Petrol,115.12
2022-04-18,Mumbai,Diesel,104.77
2022-04-18,Mumbai,Petrol,120.51
2022-04-19,Chennai,Diesel,100.94
2022-04-19,Chennai,Petrol,110.85
2022-04-19,Delhi,Diesel,96.67
2022-04-19,Delhi,Petrol,105.41
2022-04-19,Kolkata,Diesel,99.83
2022-04-19,Kolkata,Petrol,115.12
2022-04-19,Mumbai,Diesel,104.77
2022-04-19,Mumbai,Petrol,120.51
2022-04-20,Chennai,Diesel,100.94
2022-04-20,Chennai,Petrol,110.85
2022-04-20,Delhi,Diesel,96.67
2022-04-20,Delhi,Petrol,105.41
2022-04-20,Kolkata,Diesel,99.83
2022-04-20,Kolkata,Petrol,115.12
2022-04-20,Mumbai,Diesel,104.77
2022-04-20,Mumbai,Petrol,120.51
2022-04-21,Chennai,Diesel,100.94
2022-04-21,Chennai,Petrol,110.85
2022-04-21,Delhi,Diesel,96.67
2022-04-21,Delhi,Petrol,105.41
2022-04-21,Kolkata,Diesel,99.83
2022-04-21,Kolkata,Petrol,115.12
2022-04-21,Mumbai,Diesel,104.77
2022-04-21,Mumbai,Petrol,120.51
2022-04-22,Chennai,Diesel,100.94
2022-04-22,Chennai,Petrol,110.85
2022-04-22,Delhi,Diesel,96.67
2022-04-22,Delhi,Petrol,105.41
2022-04-22,Kolkata,Diesel,99.83
2022-04-22,Kolkata,Petrol,115.12
2022-04-22,Mumbai,Diesel,104.77
2022-04-22,Mumbai,Petrol,120.51
2022-04-23,Chennai,Diesel,100.94
2022-04-23,Chennai,Petrol,110.85
2022-04-23,Delhi,Diesel,96.67
2022-04-23,Delhi,Petrol,105.41
2022-04-23,Kolkata,Diesel,99.83
2022-04-23,Kolkata,Petrol,115.12
2022-04-23,Mumbai,Diesel,104.77
2022-04-23,Mumbai,Petrol,120.51
2022-04-24,Chennai,Diesel,100.94
2022-04-24,Chennai,Petrol,110.85
2022-04-24,Delhi,Diesel,96.67
2022-04-24,Delhi,Petrol,105.41
2022-04-24,Kolkata,Diesel,99.83
2022-04-24,Kolkata,Petrol,115.12
2022-04-24,Mumbai,Diesel,104.77
2022-04-24,Mumbai,Petrol,120.51
2022-04-25,Chennai,Diesel,100.94
2022-04-25,Chennai,Petrol,110.85
2022-04-25,Delhi,Diesel,96.67
2022-04-25,Delhi,Petrol,105.41
2022-04-25,Kolkata,Diesel,99.83
2022-04-25,Kolkata,Petrol,115.12
2022-04-25,Mumbai,Diesel,104.77
2022-04-25,Mumbai,Petrol,120.51
2022-04-26,Chennai,Diesel,100.94
2022-04-26,Chennai,Petrol,110.85
2022-04-26,Delhi,Diesel,96.67
2022-04-26,Delhi,Petrol,105.41
2022-04-26,Kolkata,Diesel,99.83
2022-04-26,Kolkata,Petrol,115.12
2022-04-26,Mumbai,Diesel,104.77
2022-04-26,Mumbai,Petrol,120.51
2022-04-27,Chennai,Diesel,100.94
2022-04-27,Chennai,Petrol,110.85
2022-04-27,Delhi,Diesel,96.67
2022-04-27,Delhi,Petrol,105.41
2022-04-27,Kolkata,Diesel,99.83
2022-04-27,Kolkata,Petrol,115.12
2022-04-27,Mumbai,Diesel,104.77
2022-04-27,Mumbai,Petrol,120.51
2022-04-28,Chennai,Diesel,100.94
2022-04-28,Chennai,Petrol,110.85
2022-04-28,Delhi,Diesel,96.67
2022-04-28,Delhi,Petrol,105.41
2022-04-28,Kolkata,Diesel,99.83
2022-04-28,Kolkata,Petrol,115.12
2022-04-28,Mumbai,Diesel,104.77
2022-04-28,Mumbai,Petrol,120.51
2022-04-29,Chennai,Diesel,100.94
2022-04-29,Chennai,Petrol,110.85
2022-04-29,Delhi,Diesel,96.67
2022-04-29,Delhi,Petrol,105.41
2022-04-29,Kolkata,Diesel,99.83
2022-04-29,Kolkata,Petrol,115.12
2022-04-29,Mumbai,Diesel,104.77
2022-04-29,Mumbai,Petrol,120.51
2022-04-30,Chennai,Diesel,100.94
2022-04-30,Chennai,Petrol,110.85
2022-04-30,Delhi,Diesel,96.67
2022-04-30,Delhi,Petrol,105.41
2022-04-30,Kolkata,Diesel,99.83
2022-04-30,Kolkata,Petrol,115.12
2022-04-30,Mumbai,Diesel,104.77
2022-04-30,Mumbai,Petrol,120.51
2022-05-01,Chennai,Diesel,100.94
2022-05-01,Chennai,Petrol,110.85
2022-05-01,Delhi,Diesel,96.67
2022-05-01,Delhi,Petrol,105.41
2022-05-01,Kolkata,Diesel,99.83
2022-05-01,Kolkata,Petrol,115.12
2022-05-01,Mumbai,Diesel,104.77
2022-05-01,Mumbai,Petrol,120.51
2022-05-02,Chennai,Diesel,100.94
2022-05-02,Chennai,Petrol,110.85
2022-05-02,Delhi,Diesel,96.67
2022-05-02,Delhi,Petrol,105.41
2022-05-02,Kolkata,Diesel,99.83
2022-05-02,Kolkata,Petrol,115.12
2022-05-02,Mumbai,Diesel,104.77
2022-05-02,Mumbai,Petrol,120.51
2022-05-03,Chennai,Diesel,100.94
2022-05-03,Chennai,Petrol,110.85
2022-05-03,Delhi,Diesel,96.67
2022-05-03,Delhi,Petrol,105.41
2022-05-03,Kolkata,Diesel,99.83
2022-05-03,Kolkata,Petrol,115.12
2022-05-03,Mumbai,Diesel,104.77
2022-05-03,Mumbai,Petrol,120.51
2022-05-04,Chennai,Diesel,100.94
2022-05-04,Chennai,Petrol,110.85
2022-05-04,Delhi,Diesel,96.67
2022-05-04,Delhi,Petrol,105.41
2022-05-04,Kolkata,Diesel,99.83
2022-05-04,Kolkata,Petrol,115.12
2022-05-04,Mumbai,Diesel,104.77
2022-05-04,Mumbai,Petrol,120.51
2022-05-05,Chennai,Diesel,100.94
2022-05-05,Chennai,Petrol,110.85
2022-05-05,Delhi,Diesel,96.67
2022-05-05,Delhi,Petrol,105.41
2022-05-05,Kolkata,Diesel,99.83
2022-05-05,Kolkata,Petrol,115.12
2022-05-05,Mumbai,Diesel,104.77
2022-05-05,Mumbai,Petrol,120.51
2022-05-06,Chennai,Diesel,100.94
2022-05-06,Chennai,Petrol,110.85
2022-05-06,Delhi,Diesel,96.67
2022-05-06,Delhi,Petrol,105.41
2022-05-06,Kolkata,Diesel,99.83
2022-05-06,Kolkata,Petrol,115.12
2022-05-06,Mumbai,Diesel,104.77
2022-05-06,Mumbai,Petrol,120.51
2022-05-07,Chennai,Diesel,100.94
2022-05-07,Chennai,Petrol,110.85
2022-05-07,Delhi,Diesel,96.67
2022-05-07,Delhi,Petrol,105.41
2022-05-07,Kolkata,Diesel,99.83
2022-05-07,Kolkata,Petrol,115.12
2022-05-07,Mumbai,Diesel,104.77
2022-05-07,Mumbai,Petrol,120.51
2022-05-08,Chennai,Diesel,100.94
2022-05-08,Chennai,Petrol,110.85
2022-05-08,Delhi,Diesel,96.67
2022-05-08,Delhi,Petrol,105.41
2022-05-08,Kolkata,Diesel,99.83
2022-05-08,Kolkata,Petrol,115.12
2022-05-08,Mumbai,Diesel,104.77
2022-05-08,Mumbai,Petrol,120.51
2022-05-09,Chennai,Diesel,100.94
2022-05-09,Chennai,Petrol,110.85
2022-05-09,Delhi,Diesel,96.67
2022-05-09,Delhi,Petrol,105.41
2022-05-09,Kolkata,Diesel,99.83
2022-05-09,Kolkata,Petrol,115.12
2022-05-09,Mumbai,Diesel,104.77
2022-05-09,Mumbai,Petrol,120.51
2022-05-10,Chennai,Diesel,100.94
2022-05-10,Chennai,Petrol,110.85
2022-05-10,Delhi,Diesel,96.67
2022-05-10,Delhi,Petrol,105.41
2022-05-10,Kolkata,Diesel,99.83
2022-05-10,Kolkata,Petrol,115.12
2022-05-10,Mumbai,Diesel,104.77
2022-05-10,Mumbai,Petrol,120.51
2022-05-11,Chennai,Diesel,100.94
2022-05-11,Chennai,Petrol,110.85
2022-05-11,Delhi,Diesel,96.67
2022-05-11,Delhi,Petrol,105.41
2022-05-11,Kolkata,Diesel,99.83
2022-05-11,Kolkata,Petrol,115.12
2022-05-11,Mumbai,Diesel,104.77
2022-05-11,Mumbai,Petrol,120.51
2022-05-12,Chennai,Diesel,100.94
2022-05-12,Chennai,Petrol,110.85
2022-05-12,Delhi,Diesel,96.67
2022-05-12,Delhi,Petrol,105.41
2022-05-12,Kolkata,Diesel,99.83
2022-05-12,Kolkata,Petrol,115.12
2022-05-12,Mumbai,Diesel,104.77
2022-05-12,Mumbai,Petrol,120.51
2022-05-13,Chennai,Diesel,100.94
2022-05-13,Chennai,Petrol,110.85
2022-05-13,Delhi,Diesel,96.67
2022-05-13,Delhi,Petrol,105.41
2022-05-13,Kolkata,Diesel,99.83
2022-05-13,Kolkata,Petrol,115.12
2022-05-13,Mumbai,Diesel,104.77
2022-05-13,Mumbai,Petrol,120.51
2022-05-14,Chennai,Diesel,100.94
2022-05-14,Chennai,Petrol,110.85
2022-05-14,Delhi,Diesel,96.67
2022-05-14,Delhi,Petrol,105.41
2022-05-14,Kolkata,Diesel,99.83
2022-05-14,Kolkata,Petrol,115.12
2022-05-14,Mumbai,Diesel,104.77
2022-05-14,Mumbai,Petrol,120.51
2022-05-15,Chennai,Diesel,100.94
2022-05-15,Chennai,Petrol,110.85
2022-05-15,Delhi,Diesel,96.67
2022-05-15,Delhi,Petrol,105.41
2022-05-15,Kolkata,Diesel,99.83
2022-05-15,Kolkata,Petrol,115.12
2022-05-15,Mumbai,Diesel,104.77
2022-05-15,Mumbai,Petrol,120.51
2022-05-16,Chennai,Diesel,100.94
2022-05-16,Chennai,Petrol,110.85
2022-05-16,Delhi,Diesel,96.67
2022-05-16,Delhi,Petrol,105.41
2022-05-16,Kolkata,Diesel,99.83
2022-05-16,Kolkata,Petrol,115.12
2022-05-16,Mumbai,Diesel,104.77
2022-05-16,Mumbai,Petrol,120.51
2022-05-17,Chennai,Diesel,100.94
2022-05-17,Chennai,Petrol,110.85
2022-05-17,Delhi,Diesel,96.67
2022-05-17,Delhi,Petrol,105.41
2022-05-17,Kolkata,Diesel,99.83
2022-05-17,Kolkata,Petrol,115.12
2022-05-17,Mumbai,Diesel,104.77
2022-05-17,Mumbai,Petrol,120.51
2022-05-18,Chennai,Diesel,100.94
2022-05-18,Chennai,Petrol,110.85
2022-05-18,Delhi,Diesel,96.67
2022-05-18,Delhi,Petrol,105.41
2022-05-18,Kolkata,Diesel,99.83
2022-05-18,Kolkata,Petrol,115.12
2022-05-18,Mumbai,Diesel,104.77
2022-05-18,Mumbai,Petrol,120.51
2022-05-19,Chennai,Diesel,100.94
2022-05-19,Chennai,Petrol,110.85
2022-05-19,Delhi,Diesel,96.67
2022-05-19,Delhi,Petrol,105.41
2022-05-19,Kolkata,Diesel,99.83
2022-05-19,Kolkata,Petrol,115.12
2022-05-19,Mumbai,Diesel,104.77
2022-05-19,Mumbai,Petrol,120.51
2022-05-20,Chennai,Diesel,100.94
2022-05-20,Chennai,Petrol,110.85
2022-05-20,Delhi,Diesel,96.67
2022-05-20,Delhi,Petrol,105.41
2022-05-20,Kolkata,Diesel,99.83
2022-05-20,Kolkata,Petrol,115.12
2022-05-20,Mumbai,Diesel,104.77
2022-05-20,Mumbai,Petrol,120.51
2022-05-21,Chennai,Diesel,100.94
2022-05-21,Chennai,Petrol,110.85
2022-05-21,Delhi,Diesel,96.67
2022-05-21,Delhi,Petrol,105.41
2022-05-21,Kolkata,Diesel,99.83
2022-05-21,Kolkata,Petrol,115.12
2022-05-21,Mumbai,Diesel,104.77
2022-05-21,Mumbai,Petrol,120.51
2022-05-22,Chennai,Diesel,94.24
2022-05-22,Chennai,Petrol,102.63
2022-05-22,Delhi,Diesel,89.62
2022-05-22,Delhi,Petrol,96.72
2022-05-22,Kolkata,Diesel,92.76
2022-05-22,Kolkata,Petrol,106.03
2022-05-22,Mumbai,Diesel,97.28
2022-05-22,Mumbai,Petrol,111.35
2022-05-23,Chennai,Diesel,94.24
2022-05-23,Chennai,Petrol,102.63
2022-05-23,Delhi,Diesel,89.62
2022-05-23,Delhi,Petrol,96.72
2022-05-23,Kolkata,Diesel,92.76
2022-05-23,Kolkata,Petrol,106.03
2022-05-23,Mumbai,Diesel,97.28
2022-05-23,Mumbai,Petrol,111.35
2022-05-24,Chennai,Diesel,94.24
2022-05-24,Chennai,Petrol,102.63
2022-05-24,Delhi,Diesel,89.62
2022-05-24,Delhi,Petrol,96.72
2022-05-24,Kolkata,Diesel,92.76
2022-05-24,Kolkata,Petrol,106.03
2022-05-24,Mumbai,Diesel,97.28
2022-05-24,Mumbai,Petrol,111.35
2022-05-25,Chennai,Diesel,94.24
2022-05-25,Chennai,Petrol,102.63
2022-05-25,Delhi,Diesel,89.62
2022-05-25,Delhi,Petrol,96.72
2022-05-25,Kolkata,Diesel,92.76
2022-05-25,Kolkata,Petrol,106.03
2022-05-25,Mumbai,Diesel,97.28
2022-05-25,Mumbai,Petrol,111.35
2022-05-26,Chennai,Diesel,94.24
2022-05-26,Chennai,Petrol,102.63
2022-05-26,Delhi,Diesel,89.62
2022-05-26,Delhi,Petrol,96.72
2022-05-26,Kolkata,Diesel,92.76
2022-05-26,Kolkata,Petrol,106.03
2022-05-26,Mumbai,Diesel,97.28
2022-05-26,Mumbai,Petrol,111.35
2022-05-27,Chennai,Diesel,94.24
2022-05-27,Chennai,Petrol,102.63
2022-05-27,Delhi,Diesel,89.62
2022-05-27,Delhi,Petrol,96.72
2022-05-27,Kolkata,Diesel,92.76
2022-05-27,Kolkata,Petrol,106.03
2022-05-27,Mumbai,Diesel,97.28
2022-05-27,Mumbai,Petrol,111.35
2022-05-28,Chennai,Diesel,94.24
2022-05-28,Chennai,Petrol,102.63
2022-05-28,Delhi,Diesel,89.62
2022-05-28,Delhi,Petrol,96.72
2022-05-28,Kolkata,Diesel,92.76
2022-05-28,Kolkata,Petrol,106.03
2022-05-28,Mumbai,Diesel,97.28
2022-05-28,Mumbai,Petrol,111.35
2022-05-29,Chennai,Diesel,94.24
2022-05-29,Chennai,Petrol,102.63
2022-05-29,Delhi,Diesel,89.62
2022-05-29,Delhi,Petrol,96.72
2022-05-29,Kolkata,Diesel,92.76
2022-05-29,Kolkata,Petrol,106.03
2022-05-29,Mumbai,Diesel,97.28
2022-05-29,Mumbai,Petrol,111.35
2022-05-30,Chennai,Diesel,94.24
2022-05-30,Chennai,Petrol,102.63
2022-05-30,Delhi,Diesel,89.62
2022-05-30,Delhi,Petrol,96.72
2022-05-30,Kolkata,Diesel,92.76
2022-05-30,Kolkata,Petrol,106.03
2022-05-30,Mumbai,Diesel,97.28
2022-05-30,Mumbai,Petrol,111.35
2022-05-31,Chennai,Diesel,94.24
2022-05-31,Chennai,Petrol,102.63
2022-05-31,Delhi,Diesel,89.62
2022-05-31,Delhi,Petrol,96.72
2022-05-31,Kolkata,Diesel,92.76
2022-05-31,Kolkata,Petrol,106.03
2022-05-31,Mumbai,Diesel,97.28
2022-05-31,Mumbai,Petrol,111.35
2022-06-01,Chennai,Diesel,94.24
2022-06-01,Chennai,Petrol,102.63
2022-06-01,Delhi,Diesel,89.62
2022-06-01,Delhi,Petrol,96.72
2022-06-01,Kolkata,Diesel,92.76
2022-06-01,Kolkata,Petrol,106.03
2022-06-01,Mumbai,Diesel,97.28
2022-06-01,Mumbai,Petrol,111.35
2022-06-02,Chennai,Diesel,94.24
2022-06-02,Chennai,Petrol,102.63
2022-06-02,Delhi,Diesel,89.62
2022-06-02,Delhi,Petrol,96.72
2022-06-02,Kolkata,Diesel,92.76
2022-06-02,Kolkata,Petrol,106.03
2022-06-02,Mumbai,Diesel,97.28
2022-06-02,Mumbai,Petrol,111.35
2022-06-03,Chennai,Diesel,94.24
2022-06-03,Chennai,Petrol,102.63
2022-06-03,Delhi,Diesel,89.62
2022-06-03,Delhi,Petrol,96.72
2022-06-03,Kolkata,Diesel,92.76
2022-06-03,Kolkata,Petrol,106.03
2022-06-03,Mumbai,Diesel,97.28
2022-06-03,Mumbai,Petrol,111.35
2022-06-04,Chennai,Diesel,94.24
2022-06-04,Chennai,Petrol,102.63
2022-06-04,Delhi,Diesel,89.62
2022-06-04,Delhi,Petrol,96.72
2022-06-04,Kolkata,Diesel,92.76
2022-06-04,Kolkata,Petrol,106.03
2022-06-04,Mumbai,Diesel,97.28
2022-06-04,Mumbai,Petrol,111.35
2022-06-05,Chennai,Diesel,94.24
2022-06-05,Chennai,Petrol,102.63
2022-06-05,Delhi,Diesel,89.62
2022-06-05,Delhi,Petrol,96.72
2022-06-05,Kolkata,Diesel,92.76
2022-06-05,Kolkata,Petrol,106.03
2022-06-05,Mumbai,Diesel,97.28
2022-06-05,Mumbai,Petrol,111.35
2022-06-06,Chennai,Diesel,94.24
2022-06-06,Chennai,Petrol,102.63
2022-06-06,Delhi,Diesel,89.62
2022-06-06,Delhi,Petrol,96.72
2022-06-06,Kolkata,Diesel,92.76
2022-06-06,Kolkata,Petrol,106.03
2022-06-06,Mumbai,Diesel,97.28
2022-06-06,Mumbai,Petrol,111.35
2022-06-07,Chennai,Diesel,94.24
2022-06-07,Chennai,Petrol,102.63
2022-06-07,Delhi,Diesel,89.62
2022-06-07,Delhi,Petrol,96.72
2022-06-07,Kolkata,Diesel,92.76
2022-06-07,Kolkata,Petrol,106.03
2022-06-07,Mumbai,Diesel,97.28
2022-06-07,Mumbai,Petrol,111.35
2022-06-08,Chennai,Diesel,94.24
2022-06-08,Chennai,Petrol,102.63
2022-06-08,Delhi,Diesel,89.62
2022-06-08,Delhi,Petrol,96.72
2022-06-08,Kolkata,Diesel,92.76
2022-06-08,Kolkata,Petrol,106.03
2022-06-08,Mumbai,Diesel,97.28
2022-06-08,Mumbai,Petrol,111.35
2022-06-09,Chennai,Diesel,94.24
2022-06-09,Chennai,Petrol,102.63
2022-06-09,Delhi,Diesel,89.62
2022-06-09,Delhi,Petrol,96.72
2022-06-09,Kolkata,Diesel,92.76
2022-06-09,Kolkata,Petrol,106.03
2022-06-09,Mumbai,Diesel,97.28
2022-06-09,Mumbai,Petrol,111.35
2022-06-10,Chennai,Diesel,94.24
2022-06-10,Chennai,Petrol,102.63
2022-06-10,Delhi,Diesel,89.62
2022-06-10,Delhi,Petrol,96.72
2022-06-10,Kolkata,Diesel,92.76
2022-06-10,Kolkata,Petrol,106.03
2022-06-10,Mumbai,Diesel,97.28
2022-06-10,Mumbai,Petrol,111.35
2022-06-11,Chennai,Diesel,94.24
2022-06-11,Chennai,Petrol,102.63
2022-06-11,Delhi,Diesel,89.62
2022-06-11,Delhi,Petrol,96.72
2022-06-11,Kolkata,Diesel,92.76
2022-06-11,Kolkata,Petrol,106.03
2022-06-11,Mumbai,Diesel,97.28
2022-06-11,Mumbai,Petrol,111.35
2022-06-12,Chennai,Diesel,94.24
2022-06-12,Chennai,Petrol,102.63
2022-06-12,Delhi,Diesel,89.62
2022-06-12,Delhi,Petrol,96.72
2022-06-12,Kolkata,Diesel,92.76
2022-06-12,Kolkata,Petrol,106.03
2022-06-12,Mumbai,Diesel,97.28
2022-06-12,Mumbai,Petrol,111.35
2022-06-13,Chennai,Diesel,94.24
2022-06-13,Chennai,Petrol,102.63
2022-06-13,Delhi,Diesel,89.62
2022-06-13,Delhi,Petrol,96.72
2022-06-13,Kolkata,Diesel,92.76
2022-06-13,Kolkata,Petrol,106.03
2022-06-13,Mumbai,Diesel,97.28
2022-06-13,Mumbai,Petrol,111.35
2022-06-14,Chennai,Diesel,94.24
2022-06-14,Chennai,Petrol,102.63
2022-06-14,Delhi,Diesel,89.62
2022-06-14,Delhi,Petrol,96.72
2022-06-14,Kolkata,Diesel,92.76
2022-06-14,Kolkata,Petrol,106.03
2022-06-14,Mumbai,Diesel,97.28
2022-06-14,Mumbai,Petrol,111.35
2022-06-15,Chennai,Diesel,94.24
2022-06-15,Chennai,Petrol,102.63
2022-06-15,Delhi,Diesel,89.62
2022-06-15,Delhi,Petrol,96.72
2022-06-15,Kolkata,Diesel,92.76
2022-06-15,Kolkata,Petrol,106.03
2022-06-15,Mumbai,Diesel,97.28
2022-06-15,Mumbai,Petrol,111.35
2022-06-16,Chennai,Diesel,94.24
2022-06-16,Chennai,Petrol,102.63
2022-06-16,Delhi,Diesel,89.62
2022-06-16,Delhi,Petrol,96.72
2022-06-16,Kolkata,Diesel,92.76
2022-06-16,Kolkata,Petrol,106.03
2022-06-16,Mumbai,Diesel,97.28
2022-06-16,Mumbai,Petrol,111.35
2022-06-17,Chennai,Diesel,94.24
2022-06-17,Chennai,Petrol,102.63
2022-06-17,Delhi,Diesel,89.62
2022-06-17,Delhi,Petrol,96.72
2022-06-17,Kolkata,Diesel,92.76
2022-06-17,Kolkata,Petrol,106.03
2022-06-17,Mumbai,Diesel,97.28
2022-06-17,Mumbai,Petrol,111.35
2022-06-18,Chennai,Diesel,94.24
2022-06-18,Chennai,Petrol,102.63
2022-06-18,Delhi,Diesel,89.62
2022-06-18,Delhi,Petrol,96.72
2022-06-18,Kolkata,Diesel,92.76
2022-06-18,Kolkata,Petrol,106.03
2022-06-18,Mumbai,Diesel,97.28
2022-06-18,Mumbai,Petrol,111.35
2022-06-19,Chennai,Diesel,94.24
2022-06-19,Chennai,Petrol,102.63
2022-06-19,Delhi,Diesel,89.62
2022-06-19,Delhi,Petrol,96.72
2022-06-19,Kolkata,Diesel,92.76
2022-06-19,Kolkata,Petrol,106.03
2022-06-19,Mumbai,Diesel,97.28
2022-06-19,Mumbai,Petrol,111.35
2022-06-20,Chennai,Diesel,94.24
2022-06-20,Chennai,Petrol,102.63
2022-06-20,Delhi,Diesel,89.62
2022-06-20,Delhi,Petrol,96.72
2022-06-20,Kolkata,Diesel,92.76
2022-06-20,Kolkata,Petrol,106.03
2022-06-20,Mumbai,Diesel,97.28
2022-06-20,Mumbai,Petrol,111.35
2022-06-21,Chennai,Diesel,94.24
2022-06-21,Chennai,Petrol,102.63
2022-06-21,Delhi,Diesel,89.62
2022-06-21,Delhi,Petrol,96.72
2022-06-21,Kolkata,Diesel,92.76
2022-06-21,Kolkata,Petrol,106.03
2022-06-21,Mumbai,Diesel,97.28
2022-06-21,Mumbai,Petrol,111.35
2022-06-22,Chennai,Diesel,94.24
2022-06-22,Chennai,Petrol,102.63
2022-06-22,Delhi,Diesel,89.62
2022-06-22,Delhi,Petrol,96.72
2022-06-22,Kolkata,Diesel,92.76
2022-06-22,Kolkata,Petrol,106.03
2022-06-22,Mumbai,Diesel,97.28
2022-06-22,Mumbai,Petrol,111.35
2022-06-23,Chennai,Diesel,94.24
2022-06-23,Chennai,Petrol,102.63
2022-06-23,Delhi,Diesel,89.62
2022-06-23,Delhi,Petrol,96.72
2022-06-23,Kolkata,Diesel,92.76
2022-06-23,Kolkata,Petrol,106.03
2022-06-23,Mumbai,Diesel,97.28
2022-06-23,Mumbai,Petrol,111.35
2022-06-24,Chennai,Diesel,94.24
2022-06-24,Chennai,Petrol,102.63
2022-06-24,Delhi,Diesel,89.62
2022-06-24,Delhi,Petrol,96.72
2022-06-24,Kolkata,Diesel,92.76
2022-06-24,Kolkata,Petrol,106.03
2022-06-24,Mumbai,Diesel,97.28
2022-06-24,Mumbai,Petrol,111.35
2022-06-25,Chennai,Diesel,94.24
2022-06-25,Chennai,Petrol,102.63
2022-06-25,Delhi,Diesel,89.62
2022-06-25,Delhi,Petrol,96.72
2022-06-25,Kolkata,Diesel,92.76
2022-06-25,Kolkata,Petrol,106.03
2022-06-25,Mumbai,Diesel,97.28
2022-06-25,Mumbai,Petrol,111.35
2022-06-26,Chennai,Diesel,94.24
2022-06-26,Chennai,Petrol,102.63
2022-06-26,Delhi,Diesel,89.62
2022-06-26,Delhi,Petrol,96.72
2022-06-26,Kolkata,Diesel,92.76
2022-06-26,Kolkata,Petrol,106.03
2022-06-26,Mumbai,Diesel,97.28
2022-06-26,Mumbai,Petrol,111.35
2022-06-27,Chennai,Diesel,94.24
2022-06-27,Chennai,Petrol,102.63
2022-06-27,Delhi,Diesel,89.62
2022-06-27,Delhi,Petrol,96.72
2022-06-27,Kolkata,Diesel,92.76
2022-06-27,Kolkata,Petrol,106.03
2022-06-27,Mumbai,Diesel,97.28
2022-06-27,Mumbai,Petrol,111.35
2022-06-28,Chennai,Diesel,94.24
2022-06-28,Chennai,Petrol,102.63
2022-06-28,Delhi,Diesel,89.62
2022-06-28,Delhi,Petrol,96.72
2022-06-28,Kolkata,Diesel,92.76
2022-06-28,Kolkata,Petrol,106.03
2022-06-28,Mumbai,Diesel,97.28
2022-06-28,Mumbai,Petrol,111.35
2022-06-29,Chennai,Diesel,94.24
2022-06-29,Chennai,Petrol,102.63
2022-06-29,Delhi,Diesel,89.62
2022-06-29,Delhi,Petrol,96.72
2022-06-29,Kolkata,Diesel,92.76
2022-06-29,Kolkata,Petrol,106.03
2022-06-29,Mumbai,Diesel,97.28
2022-06-29,Mumbai,Petrol,111.35
2022-06-30,Chennai,Diesel,94.24
2022-06-30,Chennai,Petrol,102.63
2022-06-30,Delhi,Diesel,89.62
2022-06-30,Delhi,Petrol,96.72
2022-06-30,Kolkata,Diesel,92.76
2022-06-30,Kolkata,Petrol,106.03
2022-06-30,Mumbai,Diesel,97.28
2022-06-30,Mumbai,Petrol,111.35
2022-07-01,Chennai,Diesel,94.24
2022-07-01,Chennai,Petrol,102.63
2022-07-01,Delhi,Diesel,89.62
2022-07-01,Delhi,Petrol,96.72
2022-07-01,Kolkata,Diesel,92.76
2022-07-01,Kolkata,Petrol,106.03
2022-07-01,Mumbai,Diesel,97.28
2022-07-01,Mumbai,Petrol,111.35
2022-07-02,Chennai,Diesel,94.24
2022-07-02,Chennai,Petrol,102.63
2022-07-02,Delhi,Diesel,89.62
2022-07-02,Delhi,Petrol,96.72
2022-07-02,Kolkata,Diesel,92.76
2022-07-02,Kolkata,Petrol,106.03
2022-07-02,Mumbai,Diesel,97.28
2022-07-02,Mumbai,Petrol,111.35
2022-07-03,Chennai,Diesel,94.24
2022-07-03,Chennai,Petrol,102.63
2022-07-03,Delhi,Diesel,89.62
2022-07-03,Delhi,Petrol,96.72
2022-07-03,Kolkata,Diesel,92.76
2022-07-03,Kolkata,Petrol,106.03
2022-07-03,Mumbai,Diesel,97.28
2022-07-03,Mumbai,Petrol,111.35
2022-07-04,Chennai,Diesel,94.24
2022-07-04,Chennai,Petrol,102.63
2022-07-04,Delhi,Diesel,89.62
2022-07-04,Delhi,Petrol,96.72
2022-07-04,Kolkata,Diesel,92.76
2022-07-04,Kolkata,Petrol,106.03
2022-07-04,Mumbai,Diesel,97.28
2022-07-04,Mumbai,Petrol,111.35
2022-07-05,Chennai,Diesel,94.24
2022-07-05,Chennai,Petrol,102.63
2022-07-05,Delhi,Diesel,89.62
2022-07-05,Delhi,Petrol,96.72
2022-07-05,Kolkata,Diesel,92.76
2022-07-05,Kolkata,Petrol,106.03
2022-07-05,Mumbai,Diesel,97.28
2022-07-05,Mumbai,Petrol,111.35
2022-07-06,Chennai,Diesel,94.24
2022-07-06,Chennai,Petrol,102.63
2022-07-06,Delhi,Diesel,89.62
2022-07-06,Delhi,Petrol,96.72
2022-07-06,Kolkata,Diesel,92.76
2022-07-06,Kolkata,Petrol,106.03
2022-07-06,Mumbai,Diesel,97.28
2022-07-06,Mumbai,Petrol,111.35
2022-07-07,Chennai,Diesel,94.24
2022-07-07,Chennai,Petrol,102.63
2022-07-07,Delhi,Diesel,89.62
2022-07-07,Delhi,Petrol,96.72
2022-07-07,Kolkata,Diesel,92.76
2022-07-07,Kolkata,Petrol,106.03
2022-07-07,Mumbai,Diesel,97.28
2022-07-07,Mumbai,Petrol,111.35
2022-07-08,Chennai,Diesel,94.24
2022-07-08,Chennai,Petrol,102.63
2022-07-08,Delhi,Diesel,89.62
2022-07-08,Delhi,Petrol,96.72
2022-07-08,Kolkata,Diesel,92.76
2022-07-08,Kolkata,Petrol,106.03
2022-07-08,Mumbai,Diesel,97.28
2022-07-08,Mumbai,Petrol,111.35
2022-07-09,Chennai,Diesel,94.24
2022-07-09,Chennai,Petrol,102.63
2022-07-09,Delhi,Diesel,89.62
2022-07-09,Delhi,Petrol,96.72
2022-07-09,Kolkata,Diesel,92.76
2022-07-09,Kolkata,Petrol,106.03
2022-07-09,Mumbai,Diesel,97.28
2022-07-09,Mumbai,Petrol,111.35
2022-07-10,Chennai,Diesel,94.24
2022-07-10,Chennai,Petrol,102.63
2022-07-10,Delhi,Diesel,89.62
2022-07-10,Delhi,Petrol,96.72
2022-07-10,Kolkata,Diesel,92.76
2022-07-10,Kolkata,Petrol,106.03
2022-07-10,Mumbai,Diesel,97.28
2022-07-10,Mumbai,Petrol,111.35
2022-07-11,Chennai,Diesel,94.24
2022-07-11,Chennai,Petrol,102.63
2022-07-11,Delhi,Diesel,89.62
2022-07-11,Delhi,Petrol,96.72
2022-07-11,Kolkata,Diesel,92.76
2022-07-11,Kolkata,Petrol,106.03
2022-07-11,Mumbai,Diesel,97.28
2022-07-11,Mumbai,Petrol,111.35
2022-07-12,Chennai,Diesel,94.24
2022-07-12,Chennai,Petrol,102.63
2022-07-12,Delhi,Diesel,89.62
2022-07-12,Delhi,Petrol,96.72
2022-07-12,Kolkata,Diesel,92.76
2022-07-12,Kolkata,Petrol,106.03
2022-07-12,Mumbai,Diesel,97.28
2022-07-12,Mumbai,Petrol,111.35
2022-07-13,Chennai,Diesel,94.24
2022-07-13,Chennai,Petrol,102.63
2022-07-13,Delhi,Diesel,89.62
2022-07-13,Delhi,Petrol,96.72
2022-07-13,Kolkata,Diesel,92.76
2022-07-13,Kolkata,Petrol,106.03
2022-07-13,Mumbai,Diesel,97.28
2022-07-13,Mumbai,Petrol,111.35
2022-07-14,Chennai,Diesel,94.24
2022-07-14,Chennai,Petrol,102.63
2022-07-14,Delhi,Diesel,89.62
2022-07-14,Delhi,Petrol,96.72
2022-07-14,Kolkata,Diesel,92.76
2022-07-14,Kolkata,Petrol,106.03
2022-07-14,Mumbai,Diesel,97.28
2022-07-14,Mumbai,Petrol,111.35
2022-07-15,Chennai,Diesel,94.24
2022-07-15,Chennai,Petrol,102.63
2022-07-15,Delhi,Diesel,89.62
2022-07-15,Delhi,Petrol,96.72
2022-07-15,Kolkata,Diesel,92.76
2022-07-15,Kolkata,Petrol,106.03
2022-07-15,Mumbai,Diesel,94.27
2022-07-15,Mumbai,Petrol,106.31
2022-07-16,Chennai,Diesel,94.24
2022-07-16,Chennai,Petrol,102.63
2022-07-16,Delhi,Diesel,89.62
2022-07-16,Delhi,Petrol,96.72
2022-07-16,Kolkata,Diesel,92.76
2022-07-16,Kolkata,Petrol,106.03
2022-07-16,Mumbai,Diesel,94.27
2022-07-16,Mumbai,Petrol,106.31
2022-07-17,Chennai,Diesel,94.24
2022-07-17,Chennai,Petrol,102.63
2022-07-17,Delhi,Diesel,89.62
2022-07-17,Delhi,Petrol,96.72
2022-07-17,Kolkata,Diesel,92.76
2022-07-17,Kolkata,Petrol,106.03
2022-07-17,Mumbai,Diesel,94.27
2022-07-17,Mumbai,Petrol,106.31
2022-07-18,Chennai,Diesel,94.24
2022-07-18,Chennai,Petrol,102.63
2022-07-18,Delhi,Diesel,89.62
2022-07-18,Delhi,Petrol,96.72
2022-07-18,Kolkata,Diesel,92.76
2022-07-18,Kolkata,Petrol,106.03
2022-07-18,Mumbai,Diesel,94.27
2022-07-18,Mumbai,Petrol,106.31
2022-07-19,Chennai,Diesel,94.24
2022-07-19,Chennai,Petrol,102.63
2022-07-19,Delhi,Diesel,89.62
2022-07-19,Delhi,Petrol,96.72
2022-07-19,Kolkata,Diesel,92.76
2022-07-19,Kolkata,Petrol,106.03
2022-07-19,Mumbai,Diesel,94.27
2022-07-19,Mumbai,Petrol,106.31
2022-07-20,Chennai,Diesel,94.24
2022-07-20,Chennai,Petrol,102.63
2022-07-20,Delhi,Diesel,89.62
2022-07-20,Delhi,Petrol,96.72
2022-07-20,Kolkata,Diesel,92.76
2022-07-20,Kolkata,Petrol,106.03
2022-07-20,Mumbai,Diesel,94.27
2022-07-20,Mumbai,Petrol,106.31
2022-07-21,Chennai,Diesel,94.24
2022-07-21,Chennai,Petrol,102.63
2022-07-21,Delhi,Diesel,89.62
2022-07-21,Delhi,Petrol,96.72
2022-07-21,Kolkata,Diesel,92.76
2022-07-21,Kolkata,Petrol,106.03
2022-07-21,Mumbai,Diesel,94.27
2022-07-21,Mumbai,Petrol,106.31
2022-07-22,Chennai,Diesel,94.24
2022-07-22,Chennai,Petrol,102.63
2022-07-22,Delhi,Diesel,89.62
2022-07-22,Delhi,Petrol,96.72
2022-07-22,Kolkata,Diesel,92.76
2022-07-22,Kolkata,Petrol,106.03
2022-07-22,Mumbai,Diesel,94.27
2022-07-22,Mumbai,Petrol,106.31
2022-07-23,Chennai,Diesel,94.24
2022-07-23,Chennai,Petrol,102.63
2022-07-23,Delhi,Diesel,89.62
2022-07-23,Delhi,Petrol,96.72
2022-07-23,Kolkata,Diesel,92.76
2022-07-23,Kolkata,Petrol,106.03
2022-07-23,Mumbai,Diesel,94.27
2022-07-23,Mumbai,Petrol,106.31
2022-07-24,Chennai,Diesel,94.24
2022-07-24,Chennai,Petrol,102.63
2022-07-24,Delhi,Diesel,89.62
2022-07-24,Delhi,Petrol,96.72
2022-07-24,Kolkata,Diesel,92.76
2022-07-24,Kolkata,Petrol,106.03
2022-07-24,Mumbai,Diesel,94.27
2022-07-24,Mumbai,Petrol,106.31
2022-07-25,Chennai,Diesel,94.24
2022-07-25,Chennai,Petrol,102.63
2022-07-25,Delhi,Diesel,89.62
2022-07-25,Delhi,Petrol,96.72
2022-07-25,Kolkata,Diesel,92.76
2022-07-25,Kolkata,Petrol,106.03
2022-07-25,Mumbai,Diesel,94.27
2022-07-25,Mumbai,Petrol,106.31
2022-07-26,Chennai,Diesel,94.24
2022-07-26,Chennai,Petrol,102.63
2022-07-26,Delhi,Diesel,89.62
2022-07-26,Delhi,Petrol,96.72
2022-07-26,Kolkata,Diesel,92.76
2022-07-26,Kolkata,Petrol,106.03
2022-07-26,Mumbai,Diesel,94.27
2022-07-26,Mumbai,Petrol,106.31
2022-07-27,Chennai,Diesel,94.24
2022-07-27,Chennai,Petrol,102.63
2022-07-27,Delhi,Diesel,89.62
2022-07-27,Delhi,Petrol,96.72
2022-07-27,Kolkata,Diesel,92.76
2022-07-27,Kolkata,Petrol,106.03
2022-07-27,Mumbai,Diesel,94.27
2022-07-27,Mumbai,Petrol,106.31
2022-07-28,Chennai,Diesel,94.24
2022-07-28,Chennai,Petrol,102.63
2022-07-28,Delhi,Diesel,89.62
2022-07-28,Delhi,Petrol,96.72
2022-07-28,Kolkata,Diesel,92.76
2022-07-28,Kolkata,Petrol,106.03
2022-07-28,Mumbai,Diesel,94.27
2022-07-28,Mumbai,Petrol,106.31
2022-07-29,Chennai,Diesel,94.24
2022-07-29,Chennai,Petrol,102.63
2022-07-29,Delhi,Diesel,89.62
2022-07-29,Delhi,Petrol,96.72
2022-07-29,Kolkata,Diesel,92.76
2022-07-29,Kolkata,Petrol,106.03
2022-07-29,Mumbai,Diesel,94.27
2022-07-29,Mumbai,Petrol,106.31
2022-07-30,Chennai,Diesel,94.24
2022-07-30,Chennai,Petrol,102.63
2022-07-30,Delhi,Diesel,89.62
2022-07-30,Delhi,Petrol,96.72
2022-07-30,Kolkata,Diesel,92.76
2022-07-30,Kolkata,Petrol,106.03
2022-07-30,Mumbai,Diesel,94.27
2022-07-30,Mumbai,Petrol,106.31
2022-07-31,Chennai,Diesel,94.24
2022-07-31,Chennai,Petrol,102.63
2022-07-31,Delhi,Diesel,89.62
2022-07-31,Delhi,Petrol,96.72
2022-07-31,Kolkata,Diesel,92.76
2022-07-31,Kolkata,Petrol,106.03
2022-07-31,Mumbai,Diesel,94.27
2022-07-31,Mumbai,Petrol,106.31
2022-08-01,Chennai,Diesel,94.24
2022-08-01,Chennai,Petrol,102.63
2022-08-01,Delhi,Diesel,89.62
2022-08-01,Delhi,Petrol,96.72
2022-08-01,Kolkata,Diesel,92.76
2022-08-01,Kolkata,Petrol,106.03
2022-08-01,Mumbai,Diesel,94.27
2022-08-01,Mumbai,Petrol,106.31
2022-08-02,Chennai,Diesel,94.24
2022-08-02,Chennai,Petrol,102.63
2022-08-02,Delhi,Diesel,89.62
2022-08-02,Delhi,Petrol,96.72
2022-08-02,Kolkata,Diesel,92.76
2022-08-02,Kolkata,Petrol,106.03
2022-08-02,Mumbai,Diesel,94.27
2022-08-02,Mumbai,Petrol,106.31
2022-08-03,Chennai,Diesel,94.24
2022-08-03,Chennai,Petrol,102.63
2022-08-03,Delhi,Diesel,89.62
2022-08-03,Delhi,Petrol,96.72
2022-08-03,Kolkata,Diesel,92.76
2022-08-03,Kolkata,Petrol,106.03
2022-08-03,Mumbai,Diesel,94.27
2022-08-03,Mumbai,Petrol,106.31
2022-08-04,Chennai,Diesel,94.24
2022-08-04,Chennai,Petrol,102.63
2022-08-04,Delhi,Diesel,89.62
2022-08-04,Delhi,Petrol,96.72
2022-08-04,Kolkata,Diesel,92.76
2022-08-04,Kolkata,Petrol,106.03
2022-08-04,Mumbai,Diesel,94.27
2022-08-04,Mumbai,Petrol,106.31
2022-08-05,Chennai,Diesel,94.24
2022-08-05,Chennai,Petrol,102.63
2022-08-05,Delhi,Diesel,89.62
2022-08-05,Delhi,Petrol,96.72
2022-08-05,Kolkata,Diesel,92.76
2022-08-05,Kolkata,Petrol,106.03
2022-08-05,Mumbai,Diesel,94.27
2022-08-05,Mumbai,Petrol,106.31
2022-08-06,Chennai,Diesel,94.24
2022-08-06,Chennai,Petrol,102.63
2022-08-06,Delhi,Diesel,89.62
2022-08-06,Delhi,Petrol,96.72
2022-08-06,Kolkata,Diesel,92.76
2022-08-06,Kolkata,Petrol,106.03
2022-08-06,Mumbai,Diesel,94.27
2022-08-06,Mumbai,Petrol,106.31
2022-08-07,Chennai,Diesel,94.24
2022-08-07,Chennai,Petrol,102.63
2022-08-07,Delhi,Diesel,89.62
2022-08-07,Delhi,Petrol,96.72
2022-08-07,Kolkata,Diesel,92.76
2022-08-07,Kolkata,Petrol,106.03
2022-08-07,Mumbai,Diesel,94.27
2022-08-07,Mumbai,Petrol,106.31
2022-08-08,Chennai,Diesel,94.24
2022-08-08,Chennai,Petrol,102.63
2022-08-08,Delhi,Diesel,89.62
2022-08-08,Delhi,Petrol,96.72
2022-08-08,Kolkata,Diesel,92.76
2022-08-08,Kolkata,Petrol,106.03
2022-08-08,Mumbai,Diesel,94.27
2022-08-08,Mumbai,Petrol,106.31
2022-08-09,Chennai,Diesel,94.24
2022-08-09,Chennai,Petrol,102.63
2022-08-09,Delhi,Diesel,89.62
2022-08-09,Delhi,Petrol,96.72
2022-08-09,Kolkata,Diesel,92.76
2022-08-09,Kolkata,Petrol,106.03
2022-08-09,Mumbai,Diesel,94.27
2022-08-09,Mumbai,Petrol,106.31
2022-08-10,Chennai,Diesel,94.24
2022-08-10,Chennai,Petrol,102.63
2022-08-10,Delhi,Diesel,89.62
2022-08-10,Delhi,Petrol,96.72
2022-08-10,Kolkata,Diesel,92.76
2022-08-10,Kolkata,Petrol,106.03
2022-08-10,Mumbai,Diesel,94.27
2022-08-10,Mumbai,Petrol,106.31
2022-08-11,Chennai,Diesel,94.24
2022-08-11,Chennai,Petrol,102.63
2022-08-11,Delhi,Diesel,89.62
2022-08-11,Delhi,Petrol,96.72
2022-08-11,Kolkata,Diesel,92.76
2022-08-11,Kolkata,Petrol,106.03
2022-08-11,Mumbai,Diesel,94.27
2022-08-11,Mumbai,Petrol,106.31
2022-08-12,Chennai,Diesel,94.24
2022-08-12,Chennai,Petrol,102.63
2022-08-12,Delhi,Diesel,89.62
2022-08-12,Delhi,Petrol,96.72
2022-08-12,Kolkata,Diesel,92.76
2022-08-12,Kolkata,Petrol,106.03
2022-08-12,Mumbai,Diesel,94.27
2022-08-12,Mumbai,Petrol,106.31
2022-08-13,Chennai,Diesel,94.24
2022-08-13,Chennai,Petrol,102.63
2022-08-13,Delhi,Diesel,89.62
2022-08-13,Delhi,Petrol,96.72
2022-08-13,Kolkata,Diesel,92.76
2022-08-13,Kolkata,Petrol,106.03
2022-08-13,Mumbai,Diesel,94.27
2022-08-13,Mumbai,Petrol,106.31
2022-08-14,Chennai,Diesel,94.24
2022-08-14,Chennai,Petrol,102.63
2022-08-14,Delhi,Diesel,89.62
2022-08-14,Delhi,Petrol,96.72
2022-08-14,Kolkata,Diesel,92.76
2022-08-14,Kolkata,Petrol,106.03
2022-08-14,Mumbai,Diesel,94.27
2022-08-14,Mumbai,Petrol,106.31
2022-08-15,Chennai,Diesel,94.24
2022-08-15,Chennai,Petrol,102.63
2022-08-15,Delhi,Diesel,89.62
2022-08-15,Delhi,Petrol,96.72
2022-08-15,Kolkata,Diesel,92.76
2022-08-15,Kolkata,Petrol,106.03
2022-08-15,Mumbai,Diesel,94.27
2022-08-15,Mumbai,Petrol,106.31
2022-08-16,Chennai,Diesel,94.24
2022-08-16,Chennai,Petrol,102.63
2022-08-16,Delhi,Diesel,89.62
2022-08-16,Delhi,Petrol,96.72
2022-08-16,Kolkata,Diesel,92.76
2022-08-16,Kolkata,Petrol,106.03
2022-08-16,Mumbai,Diesel,94.27
2022-08-16,Mumbai,Petrol,106.31
2022-08-17,Chennai,Diesel,94.24
2022-08-17,Chennai,Petrol,102.63
2022-08-17,Delhi,Diesel,89.62
2022-08-17,Delhi,Petrol,96.72
2022-08-17,Kolkata,Diesel,92.76
2022-08-17,Kolkata,Petrol,106.03
2022-08-17,Mumbai,Diesel,94.27
2022-08-17,Mumbai,Petrol,106.31
2022-08-18,Chennai,Diesel,94.24
2022-08-18,Chennai,Petrol,102.63
2022-08-18,Delhi,Diesel,89.62
2022-08-18,Delhi,Petrol,96.72
2022-08-18,Kolkata,Diesel,92.76
2022-08-18,Kolkata,Petrol,106.03
2022-08-18,Mumbai,Diesel,94.27
2022-08-18,Mumbai,Petrol,106.31
2022-08-19,Chennai,Diesel,94.24
2022-08-19,Chennai,Petrol,102.63
2022-08-19,Delhi,Diesel,89.62
2022-08-19,Delhi,Petrol,96.72
2022-08-19,Kolkata,Diesel,92.76
2022-08-19,Kolkata,Petrol,106.03
2022-08-19,Mumbai,Diesel,94.27
2022-08-19,Mumbai,Petrol,106.31
2022-08-20,Chennai,Diesel,94.24
2022-08-20,Chennai,Petrol,102.63
2022-08-20,Delhi,Diesel,89.62
2022-08-20,Delhi,Petrol,96.72
2022-08-20,Kolkata,Diesel,92.76
2022-08-20,Kolkata,Petrol,106.03
2022-08-20,Mumbai,Diesel,94.27
2022-08-20,Mumbai,Petrol,106.31
2022-08-21,Chennai,Diesel,94.24
2022-08-21,Chennai,Petrol,102.63
2022-08-21,Delhi,Diesel,89.62
2022-08-21,Delhi,Petrol,96.72
2022-08-21,Kolkata,Diesel,92.76
2022-08-21,Kolkata,Petrol,106.03
2022-08-21,Mumbai,Diesel,94.27
2022-08-21,Mumbai,Petrol,106.31
2022-08-22,Chennai,Diesel,94.24
2022-08-22,Chennai,Petrol,102.63
2022-08-22,Delhi,Diesel,89.62
2022-08-22,Delhi,Petrol,96.72
2022-08-22,Kolkata,Diesel,92.76
2022-08-22,Kolkata,Petrol,106.03
2022-08-22,Mumbai,Diesel,94.27
2022-08-22,Mumbai,Petrol,106.31
2022-08-23,Chennai,Diesel,94.24
2022-08-23,Chennai,Petrol,102.63
2022-08-23,Delhi,Diesel,89.62
2022-08-23,Delhi,Petrol,96.72
2022-08-23,Kolkata,Diesel,92.76
2022-08-23,Kolkata,Petrol,106.03
2022-08-23,Mumbai,Diesel,94.27
2022-08-23,Mumbai,Petrol,106.31
2022-08-24,Chennai,Diesel,94.24
2022-08-24,Chennai,Petrol,102.63
2022-08-24,Delhi,Diesel,89.62
2022-08-24,Delhi,Petrol,96.72
2022-08-24,Kolkata,Diesel,92.76
2022-08-24,Kolkata,Petrol,106.03
2022-08-24,Mumbai,Diesel,94.27
2022-08-24,Mumbai,Petrol,106.31
2022-08-25,Chennai,Diesel,94.24
2022-08-25,Chennai,Petrol,102.63
2022-08-25,Delhi,Diesel,89.62
2022-08-25,Delhi,Petrol,96.72
2022-08-25,Kolkata,Diesel,92.76
2022-08-25,Kolkata,Petrol,106.03
2022-08-25,Mumbai,Diesel,94.27
2022-08-25,Mumbai,Petrol,106.31
2022-08-26,Chennai,Diesel,94.24
2022-08-26,Chennai,Petrol,102.63
2022-08-26,Delhi,Diesel,89.62
2022-08-26,Delhi,Petrol,96.72
2022-08-26,Kolkata,Diesel,92.76
2022-08-26,Kolkata,Petrol,106.03
2022-08-26,Mumbai,Diesel,94.27
2022-08-26,Mumbai,Petrol,106.31
2022-08-27,Chennai,Diesel,94.24
2022-08-27,Chennai,Petrol,102.63
2022-08-27,Delhi,Diesel,89.62
2022-08-27,Delhi,Petrol,96.72
2022-08-27,Kolkata,Diesel,92.76
2022-08-27,Kolkata,Petrol,106.03
2022-08-27,Mumbai,Diesel,94.27
2022-08-27,Mumbai,Petrol,106.31
2022-08-28,Chennai,Diesel,94.24
2022-08-28,Chennai,Petrol,102.63
2022-08-28,Delhi,Diesel,89.62
2022-08-28,Delhi,Petrol,96.72
2022-08-28,Kolkata,Diesel,92.76
2022-08-28,Kolkata,Petrol,106.03
2022-08-28,Mumbai,Diesel,94.27
2022-08-28,Mumbai,Petrol,106.31
2022-08-29,Chennai,Diesel,94.24
2022-08-29,Chennai,Petrol,102.63
2022-08-29,Delhi,Diesel,89.62
2022-08-29,Delhi,Petrol,96.72
2022-08-29,Kolkata,Diesel,92.76
2022-08-29,Kolkata,Petrol,106.03
2022-08-29,Mumbai,Diesel,94.27
2022-08-29,Mumbai,Petrol,106.31
2022-08-30,Chennai,Diesel,94.24
2022-08-30,Chennai,Petrol,102.63
2022-08-30,Delhi,Diesel,89.62
2022-08-30,Delhi,Petrol,96.72
2022-08-30,Kolkata,Diesel,92.76
2022-08-30,Kolkata,Petrol,106.03
2022-08-30,Mumbai,Diesel,94.27
2022-08-30,Mumbai,Petrol,106.31
2022-08-31,Chennai,Diesel,94.24
2022-08-31,Chennai,Petrol,102.63
2022-08-31,Delhi,Diesel,89.62
2022-08-31,Delhi,Petrol,96.72
2022-08-31,Kolkata,Diesel,92.76
2022-08-31,Kolkata,Petrol,106.03
2022-08-31,Mumbai,Diesel,94.27
2022-08-31,Mumbai,Petrol,106.31
2022-09-01,Chennai,Diesel,94.24
2022-09-01,Chennai,Petrol,102.63
2022-09-01,Delhi,Diesel,89.62
2022-09-01,Delhi,Petrol,96.72
2022-09-01,Kolkata,Diesel,92.76
2022-09-01,Kolkata,Petrol,106.03
2022-09-01,Mumbai,Diesel,94.27
2022-09-01,Mumbai,Petrol,106.31
2022-09-02,Chennai,Diesel,94.24
2022-09-02,Chennai,Petrol,102.63
2022-09-02,Delhi,Diesel,89.62
2022-09-02,Delhi,Petrol,96.72
2022-09-02,Kolkata,Diesel,92.76
2022-09-02,Kolkata,Petrol,106.03
2022-09-02,Mumbai,Diesel,94.27
2022-09-02,Mumbai,Petrol,106.31
2022-09-03,Chennai,Diesel,94.24
2022-09-03,Chennai,Petrol,102.63
2022-09-03,Delhi,Diesel,89.62
2022-09-03,Delhi,Petrol,96.72
2022-09-03,Kolkata,Diesel,92.76
2022-09-03,Kolkata,Petrol,106.03
2022-09-03,Mumbai,Diesel,94.27
2022-09-03,Mumbai,Petrol,106.31
2022-09-04,Chennai,Diesel,94.24
2022-09-04,Chennai,Petrol,102.63
2022-09-04,Delhi,Diesel,89.62
2022-09-04,Delhi,Petrol,96.72
2022-09-04,Kolkata,Diesel,92.76
2022-09-04,Kolkata,Petrol,106.03
2022-09-04,Mumbai,Diesel,94.27
2022-09-04,Mumbai,Petrol,106.31
2022-09-05,Chennai,Diesel,94.24
2022-09-05,Chennai,Petrol,102.63
2022-09-05,Delhi,Diesel,89.62
2022-09-05,Delhi,Petrol,96.72
2022-09-05,Kolkata,Diesel,92.76
2022-09-05,Kolkata,Petrol,106.03
2022-09-05,Mumbai,Diesel,94.27
2022-09-05,Mumbai,Petrol,106.31
2022-09-06,Chennai,Diesel,94.24
2022-09-06,Chennai,Petrol,102.63
2022-09-06,Delhi,Diesel,89.62
2022-09-06,Delhi,Petrol,96.72
2022-09-06,Kolkata,Diesel,92.76
2022-09-06,Kolkata,Petrol,106.03
2022-09-06,Mumbai,Diesel,94.27
2022-09-06,Mumbai,Petrol,106.31
2022-09-07,Chennai,Diesel,94.24
2022-09-07,Chennai,Petrol,102.63
2022-09-07,Delhi,Diesel,89.62
2022-09-07,Delhi,Petrol,96.72
2022-09-07,Kolkata,Diesel,92.76
2022-09-07,Kolkata,Petrol,106.03
2022-09-07,Mumbai,Diesel,94.27
2022-09-07,Mumbai,Petrol,106.31
2022-09-08,Chennai,Diesel,94.24
2022-09-08,Chennai,Petrol,102.63
2022-09-08,Delhi,Diesel,89.62
2022-09-08,Delhi,Petrol,96.72
2022-09-08,Kolkata,Diesel,92.76
2022-09-08,Kolkata,Petrol,106.03
2022-09-08,Mumbai,Diesel,94.27
2022-09-08,Mumbai,Petrol,106.31
2022-09-09,Chennai,Diesel,94.24
2022-09-09,Chennai,Petrol,102.63
2022-09-09,Delhi,Diesel,89.62
2022-09-09,Delhi,Petrol,96.72
2022-09-09,Kolkata,Diesel,92.76
2022-09-09,Kolkata,Petrol,106.03
2022-09-09,Mumbai,Diesel,94.27
2022-09-09,Mumbai,Petrol,106.31
2022-09-10,Chennai,Diesel,94.24
2022-09-10,Chennai,Petrol,102.63
2022-09-10,Delhi,Diesel,89.62
2022-09-10,Delhi,Petrol,96.72
2022-09-10,Kolkata,Diesel,92.76
2022-09-10,Kolkata,Petrol,106.03
2022-09-10,Mumbai,Diesel,94.27
2022-09-10,Mumbai,Petrol,106.31
2022-09-11,Chennai,Diesel,94.24
2022-09-11,Chennai,Petrol,102.63
2022-09-11,Delhi,Diesel,89.62
2022-09-11,Delhi,Petrol,96.72
2022-09-11,Kolkata,Diesel,92.76
2022-09-11,Kolkata,Petrol,106.03
2022-09-11,Mumbai,Diesel,94.27
2022-09-11,Mumbai,Petrol,106.31
2022-09-12,Chennai,Diesel,94.24
2022-09-12,Chennai,Petrol,102.63
2022-09-12,Delhi,Diesel,89.62
2022-09-12,Delhi,Petrol,96.72
2022-09-12,Kolkata,Diesel,92.76
2022-09-12,Kolkata,Petrol,106.03
2022-09-12,Mumbai,Diesel,94.27
2022-09-12,Mumbai,Petrol,106.31
2022-09-13,Chennai,Diesel,94.24
2022-09-13,Chennai,Petrol,102.63
2022-09-13,Delhi,Diesel,89.62
2022-09-13,Delhi,Petrol,96.72
2022-09-13,Kolkata,Diesel,92.76
2022-09-13,Kolkata,Petrol,106.03
2022-09-13,Mumbai,Diesel,94.27
2022-09-13,Mumbai,Petrol,106.31
2022-09-14,Chennai,Diesel,94.24
2022-09-14,Chennai,Petrol,102.63
2022-09-14,Delhi,Diesel,89.62
2022-09-14,Delhi,Petrol,96.72
2022-09-14,Kolkata,Diesel,92.76
2022-09-14,Kolkata,Petrol,106.03
2022-09-14,Mumbai,Diesel,94.27
2022-09-14,Mumbai,Petrol,106.31
2022-09-15,Chennai,Diesel,94.24
2022-09-15,Chennai,Petrol,102.63
2022-09-15,Delhi,Diesel,89.62
2022-09-15,Delhi,Petrol,96.72
2022-09-15,Kolkata,Diesel,92.76
2022-09-15,Kolkata,Petrol,106.03
2022-09-15,Mumbai,Diesel,94.27
2022-09-15,Mumbai,Petrol,106.31
2022-09-16,Chennai,Diesel,94.24
2022-09-16,Chennai,Petrol,102.63
2022-09-16,Delhi,Diesel,89.62
2022-09-16,Delhi,Petrol,96.72
2022-09-16,Kolkata,Diesel,92.76
2022-09-16,Kolkata,Petrol,106.03
2022-09-16,Mumbai,Diesel,94.27
2022-09-16,Mumbai,Petrol,106.31
2022-09-17,Chennai,Diesel,94.24
2022-09-17,Chennai,Petrol,102.63
2022-09-17,Delhi,Diesel,89.62
2022-09-17,Delhi,Petrol,96.72
2022-09-17,Kolkata,Diesel,92.76
2022-09-17,Kolkata,Petrol,106.03
2022-09-17,Mumbai,Diesel,94.27
2022-09-17,Mumbai,Petrol,106.31
2022-09-18,Chennai,Diesel,94.24
2022-09-18,Chennai,Petrol,102.63
2022-09-18,Delhi,Diesel,89.62
2022-09-18,Delhi,Petrol,96.72
2022-09-18,Kolkata,Diesel,92.76
2022-09-18,Kolkata,Petrol,106.03
2022-09-18,Mumbai,Diesel,94.27
2022-09-18,Mumbai,Petrol,106.31
2022-09-19,Chennai,Diesel,94.24
2022-09-19,Chennai,Petrol,102.63
2022-09-19,Delhi,Diesel,89.62
2022-09-19,Delhi,Petrol,96.72
2022-09-19,Kolkata,Diesel,92.76
2022-09-19,Kolkata,Petrol,106.03
2022-09-19,Mumbai,Diesel,94.27
2022-09-19,Mumbai,Petrol,106.31
2022-09-20,Chennai,Diesel,94.24
2022-09-20,Chennai,Petrol,102.63
2022-09-20,Delhi,Diesel,89.62
2022-09-20,Delhi,Petrol,96.72
2022-09-20,Kolkata,Diesel,92.76
2022-09-20,Kolkata,Petrol,106.03
2022-09-20,Mumbai,Diesel,94.27
2022-09-20,Mumbai,Petrol,106.31
2022-09-21,Chennai,Diesel,94.24
2022-09-21,Chennai,Petrol,102.63
2022-09-21,Delhi,Diesel,89.62
2022-09-21,Delhi,Petrol,96.72
2022-09-21,Kolkata,Diesel,92.76
2022-09-21,Kolkata,Petrol,106.03
2022-09-21,Mumbai,Diesel,94.27
2022-09-21,Mumbai,Petrol,106.31
2022-09-22,Chennai,Diesel,94.24
2022-09-22,Chennai,Petrol,102.63
2022-09-22,Delhi,Diesel,89.62
2022-09-22,Delhi,Petrol,96.72
2022-09-22,Kolkata,Diesel,92.76
2022-09-22,Kolkata,Petrol,106.03
2022-09-22,Mumbai,Diesel,94.27
2022-09-22,Mumbai,Petrol,106.31
2022-09-23,Chennai,Diesel,94.24
2022-09-23,Chennai,Petrol,102.63
2022-09-23,Delhi,Diesel,89.62
2022-09-23,Delhi,Petrol,96.72
2022-09-23,Kolkata,Diesel,92.76
2022-09-23,Kolkata,Petrol,106.03
2022-09-23,Mumbai,Diesel,94.27
2022-09-23,Mumbai,Petrol,106.31
2022-09-24,Chennai,Diesel,94.24
2022-09-24,Chennai,Petrol,102.63
2022-09-24,Delhi,Diesel,89.62
2022-09-24,Delhi,Petrol,96.72
2022-09-24,Kolkata,Diesel,92.76
2022-09-24,Kolkata,Petrol,106.03
2022-09-24,Mumbai,Diesel,94.27
2022-09-24,Mumbai,Petrol,106.31
2022-09-25,Chennai,Diesel,94.24
2022-09-25,Chennai,Petrol,102.63
2022-09-25,Delhi,Diesel,89.62
2022-09-25,Delhi,Petrol,96.72
2022-09-25,Kolkata,Diesel,92.76
2022-09-25,Kolkata,Petrol,106.03
2022-09-25,Mumbai,Diesel,94.27
2022-09-25,Mumbai,Petrol,106.31
2022-09-26,Chennai,Diesel,94.24
2022-09-26,Chennai,Petrol,102.63
2022-09-26,Delhi,Diesel,89.62
2022-09-26,Delhi,Petrol,96.72
2022-09-26,Kolkata,Diesel,92.76
2022-09-26,Kolkata,Petrol,106.03
2022-09-26,Mumbai,Diesel,94.27
2022-09-26,Mumbai,Petrol,106.31
2022-09-27,Chennai,Diesel,94.24
2022-09-27,Chennai,Petrol,102.63
2022-09-27,Delhi,Diesel,89.62
2022-09-27,Delhi,Petrol,96.72
2022-09-27,Kolkata,Diesel,92.76
2022-09-27,Kolkata,Petrol,106.03
2022-09-27,Mumbai,Diesel,94.27
2022-09-27,Mumbai,Petrol,106.31
2022-09-28,Chennai,Diesel,94.24
2022-09-28,Chennai,Petrol,102.63
2022-09-28,Delhi,Diesel,89.62
2022-09-28,Delhi,Petrol,96.72
2022-09-28,Kolkata,Diesel,92.76
2022-09-28,Kolkata,Petrol,106.03
2022-09-28,Mumbai,Diesel,94.27
2022-09-28,Mumbai,Petrol,106.31
2022-09-29,Chennai,Diesel,94.24
2022-09-29,Chennai,Petrol,102.63
2022-09-29,Delhi,Diesel,89.62
2022-09-29,Delhi,Petrol,96.72
2022-09-29,Kolkata,Diesel,92.76
2022-09-29,Kolkata,Petrol,106.03
2022-09-29,Mumbai,Diesel,94.27
2022-09-29,Mumbai,Petrol,106.31
2022-09-30,Chennai,Diesel,94.24
2022-09-30,Chennai,Petrol,102.63
2022-09-30,Delhi,Diesel,89.62
2022-09-30,Delhi,Petrol,96.72
2022-09-30,Kolkata,Diesel,92.76
2022-09-30,Kolkata,Petrol,106.03
2022-09-30,Mumbai,Diesel,94.27
2022-09-30,Mumbai,Petrol,106.31
2022-10-01,Chennai,Diesel,94.24
2022-10-01,Chennai,Petrol,102.63
2022-10-01,Delhi,Diesel,89.62
2022-10-01,Delhi,Petrol,96.72
2022-10-01,Kolkata,Diesel,92.76
2022-10-01,Kolkata,Petrol,106.03
2022-10-01,Mumbai,Diesel,94.27
2022-10-01,Mumbai,Petrol,106.31
2022-10-02,Chennai,Diesel,94.24
2022-10-02,Chennai,Petrol,102.63
2022-10-02,Delhi,Diesel,89.62
2022-10-02,Delhi,Petrol,96.72
2022-10-02,Kolkata,Diesel,92.76
2022-10-02,Kolkata,Petrol,106.03
2022-10-02,Mumbai,Diesel,94.27
2022-10-02,Mumbai,Petrol,106.31
2022-10-03,Chennai,Diesel,94.24
2022-10-03,Chennai,Petrol,102.63
2022-10-03,Delhi,Diesel,89.62
2022-10-03,Delhi,Petrol,96.72
2022-10-03,Kolkata,Diesel,92.76
2022-10-03,Kolkata,Petrol,106.03
2022-10-03,Mumbai,Diesel,94.27
2022-10-03,Mumbai,Petrol,106.31
2022-10-04,Chennai,Diesel,94.24
2022-10-04,Chennai,Petrol,102.63
2022-10-04,Delhi,Diesel,89.62
2022-10-04,Delhi,Petrol,96.72
2022-10-04,Kolkata,Diesel,92.76
2022-10-04,Kolkata,Petrol,106.03
2022-10-04,Mumbai,Diesel,94.27
2022-10-04,Mumbai,Petrol,106.31
2022-10-05,Chennai,Diesel,94.24
2022-10-05,Chennai,Petrol,102.63
2022-10-05,Delhi,Diesel,89.62
2022-10-05,Delhi,Petrol,96.72
2022-10-05,Kolkata,Diesel,92.76
2022-10-05,Kolkata,Petrol,106.03
2022-10-05,Mumbai,Diesel,94.27
2022-10-05,Mumbai,Petrol,106.31
2022-10-06,Chennai,Diesel,94.24
2022-10-06,Chennai,Petrol,102.63
2022-10-06,Delhi,Diesel,89.62
2022-10-06,Delhi,Petrol,96.72
2022-10-06,Kolkata,Diesel,92.76
2022-10-06,Kolkata,Petrol,106.03
2022-10-06,Mumbai,Diesel,94.27
2022-10-06,Mumbai,Petrol,106.31
2022-10-07,Chennai,Diesel,94.24
2022-10-07,Chennai,Petrol,102.63
2022-10-07,Delhi,Diesel,89.62
2022-10-07,Delhi,Petrol,96.72
2022-10-07,Kolkata,Diesel,92.76
2022-10-07,Kolkata,Petrol,106.03
2022-10-07,Mumbai,Diesel,94.27
2022-10-07,Mumbai,Petrol,106.31
2022-10-08,Chennai,Diesel,94.24
2022-10-08,Chennai,Petrol,102.63
2022-10-08,Delhi,Diesel,89.62
2022-10-08,Delhi,Petrol,96.72
2022-10-08,Kolkata,Diesel,92.76
2022-10-08,Kolkata,Petrol,106.03
2022-10-08,Mumbai,Diesel,94.27
2022-10-08,Mumbai,Petrol,106.31
2022-10-09,Chennai,Diesel,94.24
2022-10-09,Chennai,Petrol,102.63
2022-10-09,Delhi,Diesel,89.62
2022-10-09,Delhi,Petrol,96.72
2022-10-09,Kolkata,Diesel,92.76
2022-10-09,Kolkata,Petrol,106.03
2022-10-09,Mumbai,Diesel,94.27
2022-10-09,Mumbai,Petrol,106.31
2022-10-10,Chennai,Diesel,94.24
2022-10-10,Chennai,Petrol,102.63
2022-10-10,Delhi,Diesel,89.62
2022-10-10,Delhi,Petrol,96.72
2022-10-10,Kolkata,Diesel,92.76
2022-10-10,Kolkata,Petrol,106.03
2022-10-10,Mumbai,Diesel,94.27
2022-10-10,Mumbai,Petrol,106.31
2022-10-11,Chennai,Diesel,94.24
2022-10-11,Chennai,Petrol,102.63
2022-10-11,Delhi,Diesel,89.62
2022-10-11,Delhi,Petrol,96.72
2022-10-11,Kolkata,Diesel,92.76
2022-10-11,Kolkata,Petrol,106.03
2022-10-11,Mumbai,Diesel,94.27
2022-10-11,Mumbai,Petrol,106.31
2022-10-12,Chennai,Diesel,94.24
2022-10-12,Chennai,Petrol,102.63
2022-10-12,Delhi,Diesel,89.62
2022-10-12,Delhi,Petrol,96.72
2022-10-12,Kolkata,Diesel,92.76
2022-10-12,Kolkata,Petrol,106.03
2022-10-12,Mumbai,Diesel,94.27
2022-10-12,Mumbai,Petrol,106.31
2022-10-13,Chennai,Diesel,94.24
2022-10-13,Chennai,Petrol,102.63
2022-10-13,Delhi,Diesel,89.62
2022-10-13,Delhi,Petrol,96.72
2022-10-13,Kolkata,Diesel,92.76
2022-10-13,Kolkata,Petrol,106.03
2022-10-13,Mumbai,Diesel,94.27
2022-10-13,Mumbai,Petrol,106.31
2022-10-14,Chennai,Diesel,94.24
2022-10-14,Chennai,Petrol,102.63
2022-10-14,Delhi,Diesel,89.62
2022-10-14,Delhi,Petrol,96.72
2022-10-14,Kolkata,Diesel,92.76
2022-10-14,Kolkata,Petrol,106.03
2022-10-14,Mumbai,Diesel,94.27
2022-10-14,Mumbai,Petrol,106.31
2022-10-15,Chennai,Diesel,94.24
2022-10-15,Chennai,Petrol,102.63
2022-10-15,Delhi,Diesel,89.62
2022-10-15,Delhi,Petrol,96.72
2022-10-15,Kolkata,Diesel,92.76
2022-10-15,Kolkata,Petrol,106.03
2022-10-15,Mumbai,Diesel,94.27
2022-10-15,Mumbai,Petrol,106.31
2022-10-16,Chennai,Diesel,94.24
2022-10-16,Chennai,Petrol,102.63
2022-10-16,Delhi,Diesel,89.62
2022-10-16,Delhi,Petrol,96.72
2022-10-16,Kolkata,Diesel,92.76
2022-10-16,Kolkata,Petrol,106.03
2022-10-16,Mumbai,Diesel,94.27
2022-10-16,Mumbai,Petrol,106.31
2022-10-17,Chennai,Diesel,94.24
2022-10-17,Chennai,Petrol,102.63
2022-10-17,Delhi,Diesel,89.62
2022-10-17,Delhi,Petrol,96.72
2022-10-17,Kolkata,Diesel,92.76
2022-10-17,Kolkata,Petrol,106.03
2022-10-17,Mumbai,Diesel,94.27
2022-10-17,Mumbai,Petrol,106.31
2022-10-18,Chennai,Diesel,94.24
2022-10-18,Chennai,Petrol,102.63
2022-10-18,Delhi,Diesel,89.62
2022-10-18,Delhi,Petrol,96.72
2022-10-18,Kolkata,Diesel,92.76
2022-10-18,Kolkata,Petrol,106.03
2022-10-18,Mumbai,Diesel,94.27
2022-10-18,Mumbai,Petrol,106.31
2022-10-19,Chennai,Diesel,94.24
2022-10-19,Chennai,Petrol,102.63
2022-10-19,Delhi,Diesel,89.62
2022-10-19,Delhi,Petrol,96.72
2022-10-19,Kolkata,Diesel,92.76
2022-10-19,Kolkata,Petrol,106.03
2022-10-19,Mumbai,Diesel,94.27
2022-10-19,Mumbai,Petrol,106.31
2022-10-20,Chennai,Diesel,94.24
2022-10-20,Chennai,Petrol,102.63
2022-10-20,Delhi,Diesel,89.62
2022-10-20,Delhi,Petrol,96.72
2022-10-20,Kolkata,Diesel,92.76
2022-10-20,Kolkata,Petrol,106.03
2022-10-20,Mumbai,Diesel,94.27
2022-10-20,Mumbai,Petrol,106.31
2022-10-21,Chennai,Diesel,94.24
2022-10-21,Chennai,Petrol,102.63
2022-10-21,Delhi,Diesel,89.62
2022-10-21,Delhi,Petrol,96.72
2022-10-21,Kolkata,Diesel,92.76
2022-10-21,Kolkata,Petrol,106.03
2022-10-21,Mumbai,Diesel,94.27
2022-10-21,Mumbai,Petrol,106.31
2022-10-22,Chennai,Diesel,94.24
2022-10-22,Chennai,Petrol,102.63
2022-10-22,Delhi,Diesel,89.62
2022-10-22,Delhi,Petrol,96.72
2022-10-22,Kolkata,Diesel,92.76
2022-10-22,Kolkata,Petrol,106.03
2022-10-22,Mumbai,Diesel,94.27
2022-10-22,Mumbai,Petrol,106.31
2022-10-23,Chennai,Diesel,94.24
2022-10-23,Chennai,Petrol,102.63
2022-10-23,Delhi,Diesel,89.62
2022-10-23,Delhi,Petrol,96.72
2022-10-23,Kolkata,Diesel,92.76
2022-10-23,Kolkata,Petrol,106.03
2022-10-23,Mumbai,Diesel,94.27
2022-10-23,Mumbai,Petrol,106.31
2022-10-24,Chennai,Diesel,94.24
2022-10-24,Chennai,Petrol,102.63
2022-10-24,Delhi,Diesel,89.62
2022-10-24,Delhi,Petrol,96.72
2022-10-24,Kolkata,Diesel,92.76
2022-10-24,Kolkata,Petrol,106.03
2022-10-24,Mumbai,Diesel,94.27
2022-10-24,Mumbai,Petrol,106.31
2022-10-25,Chennai,Diesel,94.24
2022-10-25,Chennai,Petrol,102.63
2022-10-25,Delhi,Diesel,89.62
2022-10-25,Delhi,Petrol,96.72
2022-10-25,Kolkata,Diesel,92.76
2022-10-25,Kolkata,Petrol,106.03
2022-10-25,Mumbai,Diesel,94.27
2022-10-25,Mumbai,Petrol,106.31
2022-10-26,Chennai,Diesel,94.24
2022-10-26,Chennai,Petrol,102.63
2022-10-26,Delhi,Diesel,89.62
2022-10-26,Delhi,Petrol,96.72
2022-10-26,Kolkata,Diesel,92.76
2022-10-26,Kolkata,Petrol,106.03
2022-10-26,Mumbai,Diesel,94.27
2022-10-26,Mumbai,Petrol,106.31
2022-10-27,Chennai,Diesel,94.24
2022-10-27,Chennai,Petrol,102.63
2022-10-27,Delhi,Diesel,89.62
2022-10-27,Delhi,Petrol,96.72
2022-10-27,Kolkata,Diesel,92.76
2022-10-27,Kolkata,Petrol,106.03
2022-10-27,Mumbai,Diesel,94.27
2022-10-27,Mumbai,Petrol,106.31
2022-10-28,Chennai,Diesel,94.24
2022-10-28,Chennai,Petrol,102.63
2022-10-28,Delhi,Diesel,89.62
2022-10-28,Delhi,Petrol,96.72
2022-10-28,Kolkata,Diesel,92.76
2022-10-28,Kolkata,Petrol,106.03
2022-10-28,Mumbai,Diesel,94.27
2022-10-28,Mumbai,Petrol,106.31
2022-10-29,Chennai,Diesel,94.24
2022-10-29,Chennai,Petrol,102.63
2022-10-29,Delhi,Diesel,89.62
2022-10-29,Delhi,Petrol,96.72
2022-10-29,Kolkata,Diesel,92.76
2022-10-29,Kolkata,Petrol,106.03
2022-10-29,Mumbai,Diesel,94.27
2022-10-29,Mumbai,Petrol,106.31
2022-10-30,Chennai,Diesel,94.24
2022-10-30,Chennai,Petrol,102.63
2022-10-30,Delhi,Diesel,89.62
2022-10-30,Delhi,Petrol,96.72
2022-10-30,Kolkata,Diesel,92.76
2022-10-30,Kolkata,Petrol,106.03
2022-10-30,Mumbai,Diesel,94.27
2022-10-30,Mumbai,Petrol,106.31
2022-10-31,Chennai,Diesel,94.24
2022-10-31,Chennai,Petrol,102.63
2022-10-31,Delhi,Diesel,89.62
2022-10-31,Delhi,Petrol,96.72
2022-10-31,Kolkata,Diesel,92.76
2022-10-31,Kolkata,Petrol,106.03
2022-10-31,Mumbai,Diesel,94.27
2022-10-31,Mumbai,Petrol,106.31
2022-11-01,Chennai,Diesel,94.24
2022-11-01,Chennai,Petrol,102.63
2022-11-01,Delhi,Diesel,89.62
2022-11-01,Delhi,Petrol,96.72
2022-11-01,Kolkata,Diesel,92.76
2022-11-01,Kolkata,Petrol,106.03
2022-11-01,Mumbai,Diesel,94.27
2022-11-01,Mumbai,Petrol,106.31
2022-11-02,Chennai,Diesel,94.24
2022-11-02,Chennai,Petrol,102.63
2022-11-02,Delhi,Diesel,89.62
2022-11-02,Delhi,Petrol,96.72
2022-11-02,Kolkata,Diesel,92.76
2022-11-02,Kolkata,Petrol,106.03
2022-11-02,Mumbai,Diesel,94.27
2022-11-02,Mumbai,Petrol,106.31
2022-11-03,Chennai,Diesel,94.24
2022-11-03,Chennai,Petrol,102.63
2022-11-03,Delhi,Diesel,89.62
2022-11-03,Delhi,Petrol,96.72
2022-11-03,Kolkata,Diesel,92.76
2022-11-03,Kolkata,Petrol,106.03
2022-11-03,Mumbai,Diesel,94.27
2022-11-03,Mumbai,Petrol,106.31
2022-11-04,Chennai,Diesel,94.24
2022-11-04,Chennai,Petrol,102.63
2022-11-04,Delhi,Diesel,89.62
2022-11-04,Delhi,Petrol,96.72
2022-11-04,Kolkata,Diesel,92.76
2022-11-04,Kolkata,Petrol,106.03
2022-11-04,Mumbai,Diesel,94.27
2022-11-04,Mumbai,Petrol,106.31
2022-11-05,Chennai,Diesel,94.24
2022-11-05,Chennai,Petrol,102.63
2022-11-05,Delhi,Diesel,89.62
2022-11-05,Delhi,Petrol,96.72
2022-11-05,Kolkata,Diesel,92.76
2022-11-05,Kolkata,Petrol,106.03
2022-11-05,Mumbai,Diesel,94.27
2022-11-05,Mumbai,Petrol,106.31
2022-11-06,Chennai,Diesel,94.24
2022-11-06,Chennai,Petrol,102.63
2022-11-06,Delhi,Diesel,89.62
2022-11-06,Delhi,Petrol,96.72
2022-11-06,Kolkata,Diesel,92.76
2022-11-06,Kolkata,Petrol,106.03
2022-11-06,Mumbai,Diesel,94.27
2022-11-06,Mumbai,Petrol,106.31
2022-11-07,Chennai,Diesel,94.24
2022-11-07,Chennai,Petrol,102.63
2022-11-07,Delhi,Diesel,89.62
2022-11-07,Delhi,Petrol,96.72
2022-11-07,Kolkata,Diesel,92.76
2022-11-07,Kolkata,Petrol,106.03
2022-11-07,Mumbai,Diesel,94.27
2022-11-07,Mumbai,Petrol,106.31
2022-11-08,Chennai,Diesel,94.24
2022-11-08,Chennai,Petrol,102.63
2022-11-08,Delhi,Diesel,89.62
2022-11-08,Delhi,Petrol,96.72
2022-11-08,Kolkata,Diesel,92.76
2022-11-08,Kolkata,Petrol,106.03
2022-11-08,Mumbai,Diesel,94.27
2022-11-08,Mumbai,Petrol,106.31
2022-11-09,Chennai,Diesel,94.24
2022-11-09,Chennai,Petrol,102.63
2022-11-09,Delhi,Diesel,89.62
2022-11-09,Delhi,Petrol,96.72
2022-11-09,Kolkata,Diesel,92.76
2022-11-09,Kolkata,Petrol,106.03
2022-11-09,Mumbai,Diesel,94.27
2022-11-09,Mumbai,Petrol,106.31
2022-11-10,Chennai,Diesel,94.24
2022-11-10,Chennai,Petrol,102.63
2022-11-10,Delhi,Diesel,89.62
2022-11-10,Delhi,Petrol,96.72
2022-11-10,Kolkata,Diesel,92.76
2022-11-10,Kolkata,Petrol,106.03
2022-11-10,Mumbai,Diesel,94.27
2022-11-10,Mumbai,Petrol,106.31
2022-11-11,Chennai,Diesel,94.24
2022-11-11,Chennai,Petrol,102.63
2022-11-11,Delhi,Diesel,89.62
2022-11-11,Delhi,Petrol,96.72
2022-11-11,Kolkata,Diesel,92.76
2022-11-11,Kolkata,Petrol,106.03
2022-11-11,Mumbai,Diesel,94.27
2022-11-11,Mumbai,Petrol,106.31
2022-11-12,Chennai,Diesel,94.24
2022-11-12,Chennai,Petrol,102.63
2022-11-12,Delhi,Diesel,89.62
2022-11-12,Delhi,Petrol,96.72
2022-11-12,Kolkata,Diesel,92.76
2022-11-12,Kolkata,Petrol,106.03
2022-11-12,Mumbai,Diesel,94.27
2022-11-12,Mumbai,Petrol,106.31
2022-11-13,Chennai,Diesel,94.24
2022-11-13,Chennai,Petrol,102.63
2022-11-13,Delhi,Diesel,89.62
2022-11-13,Delhi,Petrol,96.72
2022-11-13,Kolkata,Diesel,92.76
2022-11-13,Kolkata,Petrol,106.03
2022-11-13,Mumbai,Diesel,94.27
2022-11-13,Mumbai,Petrol,106.31
2022-11-14,Chennai,Diesel,94.24
2022-11-14,Chennai,Petrol,102.63
2022-11-14,Delhi,Diesel,89.62
2022-11-14,Delhi,Petrol,96.72
2022-11-14,Kolkata,Diesel,92.76
2022-11-14,Kolkata,Petrol,106.03
2022-11-14,Mumbai,Diesel,94.27
2022-11-14,Mumbai,Petrol,106.31
2022-11-15,Chennai,Diesel,94.24
2022-11-15,Chennai,Petrol,102.63
2022-11-15,Delhi,Diesel,89.62
2022-11-15,Delhi,Petrol,96.72
2022-11-15,Kolkata,Diesel,92.76
2022-11-15,Kolkata,Petrol,106.03
2022-11-15,Mumbai,Diesel,94.27
2022-11-15,Mumbai,Petrol,106.31
2022-11-16,Chennai,Diesel,94.24
2022-11-16,Chennai,Petrol,102.63
2022-11-16,Delhi,Diesel,89.62
2022-11-16,Delhi,Petrol,96.72
2022-11-16,Kolkata,Diesel,92.76
2022-11-16,Kolkata,Petrol,106.03
2022-11-16,Mumbai,Diesel,94.27
2022-11-16,Mumbai,Petrol,106.31
2022-11-17,Chennai,Diesel,94.24
2022-11-17,Chennai,Petrol,102.63
2022-11-17,Delhi,Diesel,89.62
2022-11-17,Delhi,Petrol,96.72
2022-11-17,Kolkata,Diesel,92.76
2022-11-17,Kolkata,Petrol,106.03
2022-11-17,Mumbai,Diesel,94.27
2022-11-17,Mumbai,Petrol,106.31
2022-11-18,Chennai,Diesel,94.24
2022-11-18,Chennai,Petrol,102.63
2022-11-18,Delhi,Diesel,89.62
2022-11-18,Delhi,Petrol,96.72
2022-11-18,Kolkata,Diesel,92.76
2022-11-18,Kolkata,Petrol,106.03
2022-11-18,Mumbai,Diesel,94.27
2022-11-18,Mumbai,Petrol,106.31
2022-11-19,Chennai,Diesel,94.24
2022-11-19,Chennai,Petrol,102.63
2022-11-19,Delhi,Diesel,89.62
2022-11-19,Delhi,Petrol,96.72
2022-11-19,Kolkata,Diesel,92.76
2022-11-19,Kolkata,Petrol,106.03
2022-11-19,Mumbai,Diesel,94.27
2022-11-19,Mumbai,Petrol,106.31
2022-11-20,Chennai,Diesel,94.24
2022-11-20,Chennai,Petrol,102.63
2022-11-20,Delhi,Diesel,89.62
2022-11-20,Delhi,Petrol,96.72
2022-11-20,Kolkata,Diesel,92.76
2022-11-20,Kolkata,Petrol,106.03
2022-11-20,Mumbai,Diesel,94.27
2022-11-20,Mumbai,Petrol,106.31
2022-11-21,Chennai,Diesel,94.24
2022-11-21,Chennai,Petrol,102.63
2022-11-21,Delhi,Diesel,89.62
2022-11-21,Delhi,Petrol,96.72
2022-11-21,Kolkata,Diesel,92.76
2022-11-21,Kolkata,Petrol,106.03
2022-11-21,Mumbai,Diesel,94.27
2022-11-21,Mumbai,Petrol,106.31
2022-11-22,Chennai,Diesel,94.24
2022-11-22,Chennai,Petrol,102.63
2022-11-22,Delhi,Diesel,89.62
2022-11-22,Delhi,Petrol,96.72
2022-11-22,Kolkata,Diesel,92.76
2022-11-22,Kolkata,Petrol,106.03
2022-11-22,Mumbai,Diesel,94.27
2022-11-22,Mumbai,Petrol,106.31
2022-11-23,Chennai,Diesel,94.24
2022-11-23,Chennai,Petrol,102.63
2022-11-23,Delhi,Diesel,89.62
2022-11-23,Delhi,Petrol,96.72
2022-11-23,Kolkata,Diesel,92.76
2022-11-23,Kolkata,Petrol,106.03
2022-11-23,Mumbai,Diesel,94.27
2022-11-23,Mumbai,Petrol,106.31
2022-11-24,Chennai,Diesel,94.24
2022-11-24,Chennai,Petrol,102.63
2022-11-24,Delhi,Diesel,89.62
2022-11-24,Delhi,Petrol,96.72
2022-11-24,Kolkata,Diesel,92.76
2022-11-24,Kolkata,Petrol,106.03
2022-11-24,Mumbai,Diesel,94.27
2022-11-24,Mumbai,Petrol,106.31
2022-11-25,Chennai,Diesel,94.24
2022-11-25,Chennai,Petrol,102.63
2022-11-25,Delhi,Diesel,89.62
2022-11-25,Delhi,Petrol,96.72
2022-11-25,Kolkata,Diesel,92.76
2022-11-25,Kolkata,Petrol,106.03
2022-11-25,Mumbai,Diesel,94.27
2022-11-25,Mumbai,Petrol,106.31
2022-11-26,Chennai,Diesel,94.24
2022-11-26,Chennai,Petrol,102.63
2022-11-26,Delhi,Diesel,89.62
2022-11-26,Delhi,Petrol,96.72
2022-11-26,Kolkata,Diesel,92.76
2022-11-26,Kolkata,Petrol,106.03
2022-11-26,Mumbai,Diesel,94.27
2022-11-26,Mumbai,Petrol,106.31
2022-11-27,Chennai,Diesel,94.24
2022-11-27,Chennai,Petrol,102.63
2022-11-27,Delhi,Diesel,89.62
2022-11-27,Delhi,Petrol,96.72
2022-11-27,Kolkata,Diesel,92.76
2022-11-27,Kolkata,Petrol,106.03
2022-11-27,Mumbai,Diesel,94.27
2022-11-27,Mumbai,Petrol,106.31
2022-11-28,Chennai,Diesel,94.24
2022-11-28,Chennai,Petrol,102.63
2022-11-28,Delhi,Diesel,89.62
2022-11-28,Delhi,Petrol,96.72
2022-11-28,Kolkata,Diesel,92.76
2022-11-28,Kolkata,Petrol,106.03
2022-11-28,Mumbai,Diesel,94.27
2022-11-28,Mumbai,Petrol,106.31
2022-11-29,Chennai,Diesel,94.24
2022-11-29,Chennai,Petrol,102.63
2022-11-29,Delhi,Diesel,89.62
2022-11-29,Delhi,Petrol,96.72
2022-11-29,Kolkata,Diesel,92.76
2022-11-29,Kolkata,Petrol,106.03
2022-11-29,Mumbai,Diesel,94.27
2022-11-29,Mumbai,Petrol,106.31
2022-11-30,Chennai,Diesel,94.24
2022-11-30,Chennai,Petrol,102.63
2022-11-30,Delhi,Diesel,89.62
2022-11-30,Delhi,Petrol,96.72
2022-11-30,Kolkata,Diesel,92.76
2022-11-30,Kolkata,Petrol,106.03
2022-11-30,Mumbai,Diesel,94.27
2022-11-30,Mumbai,Petrol,106.31
2022-12-01,Chennai,Diesel,94.24
2022-12-01,Chennai,Petrol,102.63
2022-12-01,Delhi,Diesel,89.62
2022-12-01,Delhi,Petrol,96.72
2022-12-01,Kolkata,Diesel,92.76
2022-12-01,Kolkata,Petrol,106.03
2022-12-01,Mumbai,Diesel,94.27
2022-12-01,Mumbai,Petrol,106.31
2022-12-02,Chennai,Diesel,94.24
2022-12-02,Chennai,Petrol,102.63
2022-12-02,Delhi,Diesel,89.62
2022-12-02,Delhi,Petrol,96.72
2022-12-02,Kolkata,Diesel,92.76
2022-12-02,Kolkata,Petrol,106.03
2022-12-02,Mumbai,Diesel,94.27
2022-12-02,Mumbai,Petrol,106.31
2022-12-03,Chennai,Diesel,94.24
2022-12-03,Chennai,Petrol,102.63
2022-12-03,Delhi,Diesel,89.62
2022-12-03,Delhi,Petrol,96.72
2022-12-03,Kolkata,Diesel,92.76
2022-12-03,Kolkata,Petrol,106.03
2022-12-03,Mumbai,Diesel,94.27
2022-12-03,Mumbai,Petrol,106.31
2022-12-04,Chennai,Diesel,94.24
2022-12-04,Chennai,Petrol,102.63
2022-12-04,Delhi,Diesel,89.62
2022-12-04,Delhi,Petrol,96.72
2022-12-04,Kolkata,Diesel,92.76
2022-12-04,Kolkata,Petrol,106.03
2022-12-04,Mumbai,Diesel,94.27
2022-12-04,Mumbai,Petrol,106.31
2022-12-05,Chennai,Diesel,94.24
2022-12-05,Chennai,Petrol,102.63
2022-12-05,Delhi,Diesel,89.62
2022-12-05,Delhi,Petrol,96.72
2022-12-05,Kolkata,Diesel,92.76
2022-12-05,Kolkata,Petrol,106.03
2022-12-05,Mumbai,Diesel,94.27
2022-12-05,Mumbai,Petrol,106.31
2022-12-06,Chennai,Diesel,94.24
2022-12-06,Chennai,Petrol,102.63
2022-12-06,Delhi,Diesel,89.62
2022-12-06,Delhi,Petrol,96.72
2022-12-06,Kolkata,Diesel,92.76
2022-12-06,Kolkata,Petrol,106.03
2022-12-06,Mumbai,Diesel,94.27
2022-12-06,Mumbai,Petrol,106.31
2022-12-07,Chennai,Diesel,94.24
2022-12-07,Chennai,Petrol,102.63
2022-12-07,Delhi,Diesel,89.62
2022-12-07,Delhi,Petrol,96.72
2022-12-07,Kolkata,Diesel,92.76
2022-12-07,Kolkata,Petrol,106.03
2022-12-07,Mumbai,Diesel,94.27
2022-12-07,Mumbai,Petrol,106.31
2022-12-08,Chennai,Diesel,94.24
2022-12-08,Chennai,Petrol,102.63
2022-12-08,Delhi,Diesel,89.62
2022-12-08,Delhi,Petrol,96.72
2022-12-08,Kolkata,Diesel,92.76
2022-12-08,Kolkata,Petrol,106.03
2022-12-08,Mumbai,Diesel,94.27
2022-12-08,Mumbai,Petrol,106.31
2022-12-09,Chennai,Diesel,94.24
2022-12-09,Chennai,Petrol,102.63
2022-12-09,Delhi,Diesel,89.62
2022-12-09,Delhi,Petrol,96.72
2022-12-09,Kolkata,Diesel,92.76
2022-12-09,Kolkata,Petrol,106.03
2022-12-09,Mumbai,Diesel,94.27
2022-12-09,Mumbai,Petrol,106.31
2022-12-10,Chennai,Diesel,94.24
2022-12-10,Chennai,Petrol,102.63
2022-12-10,Delhi,Diesel,89.62
2022-12-10,Delhi,Petrol,96.72
2022-12-10,Kolkata,Diesel,92.76
2022-12-10,Kolkata,Petrol,106.03
2022-12-10,Mumbai,Diesel,94.27
2022-12-10,Mumbai,Petrol,106.31
2022-12-11,Chennai,Diesel,94.24
2022-12-11,Chennai,Petrol,102.63
2022-12-11,Delhi,Diesel,89.62
2022-12-11,Delhi,Petrol,96.72
2022-12-11,Kolkata,Diesel,92.76
2022-12-11,Kolkata,Petrol,106.03
2022-12-11,Mumbai,Diesel,94.27
2022-12-11,Mumbai,Petrol,106.31
2022-12-12,Chennai,Diesel,94.24
2022-12-12,Chennai,Petrol,102.63
2022-12-12,Delhi,Diesel,89.62
2022-12-12,Delhi,Petrol,96.72
2022-12-12,Kolkata,Diesel,92.76
2022-12-12,Kolkata,Petrol,106.03
2022-12-12,Mumbai,Diesel,94.27
2022-12-12,Mumbai,Petrol,106.31
2022-12-13,Chennai,Diesel,94.24
2022-12-13,Chennai,Petrol,102.63
2022-12-13,Delhi,Diesel,89.62
2022-12-13,Delhi,Petrol,96.72
2022-12-13,Kolkata,Diesel,92.76
2022-12-13,Kolkata,Petrol,106.03
2022-12-13,Mumbai,Diesel,94.27
2022-12-13,Mumbai,Petrol,106.31
2022-12-14,Chennai,Diesel,94.24
2022-12-14,Chennai,Petrol,102.63
2022-12-14,Delhi,Diesel,89.62
2022-12-14,Delhi,Petrol,96.72
2022-12-14,Kolkata,Diesel,92.76
2022-12-14,Kolkata,Petrol,106.03
2022-12-14,Mumbai,Diesel,94.27
2022-12-14,Mumbai,Petrol,106.31
2022-12-15,Chennai,Diesel,94.24
2022-12-15,Chennai,Petrol,102.63
2022-12-15,Delhi,Diesel,89.62
2022-12-15,Delhi,Petrol,96.72
2022-12-15,Kolkata,Diesel,92.76
2022-12-15,Kolkata,Petrol,106.03
2022-12-15,Mumbai,Diesel,94.27
2022-12-15,Mumbai,Petrol,106.31
2022-12-16,Chennai,Diesel,94.24
2022-12-16,Chennai,Petrol,102.63
2022-12-16,Delhi,Diesel,89.62
2022-12-16,Delhi,Petrol,96.72
2022-12-16,Kolkata,Diesel,92.76
2022-12-16,Kolkata,Petrol,106.03
2022-12-16,Mumbai,Diesel,94.27
2022-12-16,Mumbai,Petrol,106.31
2022-12-17,Chennai,Diesel,94.24
2022-12-17,Chennai,Petrol,102.63
2022-12-17,Delhi,Diesel,89.62
2022-12-17,Delhi,Petrol,96.72
2022-12-17,Kolkata,Diesel,92.76
2022-12-17,Kolkata,Petrol,106.03
2022-12-17,Mumbai,Diesel,94.27
2022-12-17,Mumbai,Petrol,106.31
2022-12-18,Chennai,Diesel,94.24
2022-12-18,Chennai,Petrol,102.63
2022-12-18,Delhi,Diesel,89.62
2022-12-18,Delhi,Petrol,96.72
2022-12-18,Kolkata,Diesel,92.76
2022-12-18,Kolkata,Petrol,106.03
2022-12-18,Mumbai,Diesel,94.27
2022-12-18,Mumbai,Petrol,106.31
2022-12-19,Chennai,Diesel,94.24
2022-12-19,Chennai,Petrol,102.63
2022-12-19,Delhi,Diesel,89.62
2022-12-19,Delhi,Petrol,96.72
2022-12-19,Kolkata,Diesel,92.76
2022-12-19,Kolkata,Petrol,106.03
2022-12-19,Mumbai,Diesel,94.27
2022-12-19,Mumbai,Petrol,106.31
2022-12-20,Chennai,Diesel,94.24
2022-12-20,Chennai,Petrol,102.63
2022-12-20,Delhi,Diesel,89.62
2022-12-20,Delhi,Petrol,96.72
2022-12-20,Kolkata,Diesel,92.76
2022-12-20,Kolkata,Petrol,106.03
2022-12-20,Mumbai,Diesel,94.27
2022-12-20,Mumbai,Petrol,106.31
2022-12-21,Chennai,Diesel,94.24
2022-12-21,Chennai,Petrol,102.63
2022-12-21,Delhi,Diesel,89.62
2022-12-21,Delhi,Petrol,96.72
2022-12-21,Kolkata,Diesel,92.76
2022-12-21,Kolkata,Petrol,106.03
2022-12-21,Mumbai,Diesel,94.27
2022-12-21,Mumbai,Petrol,106.31
2022-12-22,Chennai,Diesel,94.24
2022-12-22,Chennai,Petrol,102.63
2022-12-22,Delhi,Diesel,89.62
2022-12-22,Delhi,Petrol,96.72
2022-12-22,Kolkata,Diesel,92.76
2022-12-22,Kolkata,Petrol,106.03
2022-12-22,Mumbai,Diesel,94.27
2022-12-22,Mumbai,Petrol,106.31
2022-12-23,Chennai,Diesel,94.24
2022-12-23,Chennai,Petrol,102.63
2022-12-23,Delhi,Diesel,89.62
2022-12-23,Delhi,Petrol,96.72
2022-12-23,Kolkata,Diesel,92.76
2022-12-23,Kolkata,Petrol,106.03
2022-12-23,Mumbai,Diesel,94.27
2022-12-23,Mumbai,Petrol,106.31
2022-12-24,Chennai,Diesel,94.24
2022-12-24,Chennai,Petrol,102.63
2022-12-24,Delhi,Diesel,89.62
2022-12-24,Delhi,Petrol,96.72
2022-12-24,Kolkata,Diesel,92.76
2022-12-24,Kolkata,Petrol,106.03
2022-12-24,Mumbai,Diesel,94.27
2022-12-24,Mumbai,Petrol,106.31
2022-12-25,Chennai,Diesel,94.24
2022-12-25,Chennai,Petrol,102.63
2022-12-25,Delhi,Diesel,89.62
2022-12-25,Delhi,Petrol,96.72
2022-12-25,Kolkata,Diesel,92.76
2022-12-25,Kolkata,Petrol,106.03
2022-12-25,Mumbai,Diesel,94.27
2022-12-25,Mumbai,Petrol,106.31
2022-12-26,Chennai,Diesel,94.24
2022-12-26,Chennai,Petrol,102.63
2022-12-26,Delhi,Diesel,89.62
2022-12-26,Delhi,Petrol,96.72
2022-12-26,Kolkata,Diesel,92.76
2022-12-26,Kolkata,Petrol,106.03
2022-12-26,Mumbai,Diesel,94.27
2022-12-26,Mumbai,Petrol,106.31
2022-12-27,Chennai,Diesel,94.24
2022-12-27,Chennai,Petrol,102.63
2022-12-27,Delhi,Diesel,89.62
2022-12-27,Delhi,Petrol,96.72
2022-12-27,Kolkata,Diesel,92.76
2022-12-27,Kolkata,Petrol,106.03
2022-12-27,Mumbai,Diesel,94.27
2022-12-27,Mumbai,Petrol,106.31
2022-12-28,Chennai,Diesel,94.24
2022-12-28,Chennai,Petrol,102.63
2022-12-28,Delhi,Diesel,89.62
2022-12-28,Delhi,Petrol,96.72
2022-12-28,Kolkata,Diesel,92.76
2022-12-28,Kolkata,Petrol,106.03
2022-12-28,Mumbai,Diesel,94.27
2022-12-28,Mumbai,Petrol,106.31
2022-12-29,Chennai,Diesel,94.24
2022-12-29,Chennai,Petrol,102.63
2022-12-29,Delhi,Diesel,89.62
2022-12-29,Delhi,Petrol,96.72
2022-12-29,Kolkata,Diesel,92.76
2022-12-29,Kolkata,Petrol,106.03
2022-12-29,Mumbai,Diesel,94.27
2022-12-29,Mumbai,Petrol,106.31
2022-12-30,Chennai,Diesel,94.24
2022-12-30,Chennai,Petrol,102.63
2022-12-30,Delhi,Diesel,89.62
2022-12-30,Delhi,Petrol,96.72
2022-12-30,Kolkata,Diesel,92.76
2022-12-30,Kolkata,Petrol,106.03
2022-12-30,Mumbai,Diesel,94.27
2022-12-30,Mumbai,Petrol,106.31
2022-12-31,Chennai,Diesel,94.24
2022-12-31,Chennai,Petrol,102.63
2022-12-31,Delhi,Diesel,89.62
2022-12-31,Delhi,Petrol,96.72
2022-12-31,Kolkata,Diesel,92.76
2022-12-31,Kolkata,Petrol,106.03
2022-12-31,Mumbai,Diesel,94.27
2022-12-31,Mumbai,Petrol,106.31
2023-01-01,Chennai,Diesel,94.24
2023-01-01,Chennai,Petrol,102.63
2023-01-01,Delhi,Diesel,89.62
2023-01-01,Delhi,Petrol,96.72
2023-01-01,Kolkata,Diesel,92.76
2023-01-01,Kolkata,Petrol,106.03
2023-01-01,Mumbai,Diesel,94.27
2023-01-01,Mumbai,Petrol,106.31
2023-01-02,Chennai,Diesel,94.24
2023-01-02,Chennai,Petrol,102.63
2023-01-02,Delhi,Diesel,89.62
2023-01-02,Delhi,Petrol,96.72
2023-01-02,Kolkata,Diesel,92.76
2023-01-02,Kolkata,Petrol,106.03
2023-01-02,Mumbai,Diesel,94.27
2023-01-02,Mumbai,Petrol,106.31
2023-01-03,Chennai,Diesel,94.24
2023-01-03,Chennai,Petrol,102.63
2023-01-03,Delhi,Diesel,89.62
2023-01-03,Delhi,Petrol,96.72
2023-01-03,Kolkata,Diesel,92.76
2023-01-03,Kolkata,Petrol,106.03
2023-01-03,Mumbai,Diesel,94.27
2023-01-03,Mumbai,Petrol,106.31
2023-01-04,Chennai,Diesel,94.24
2023-01-04,Chennai,Petrol,102.63
2023-01-04,Delhi,Diesel,89.62
2023-01-04,Delhi,Petrol,96.72
2023-01-04,Kolkata,Diesel,92.76
2023-01-04,Kolkata,Petrol,106.03
2023-01-04,Mumbai,Diesel,94.27
2023-01-04,Mumbai,Petrol,106.31
2023-01-05,Chennai,Diesel,94.24
2023-01-05,Chennai,Petrol,102.63
2023-01-05,Delhi,Diesel,89.62
2023-01-05,Delhi,Petrol,96.72
2023-01-05,Kolkata,Diesel,92.76
2023-01-05,Kolkata,Petrol,106.03
2023-01-05,Mumbai,Diesel,94.27
2023-01-05,Mumbai,Petrol,106.31
2023-01-06,Chennai,Diesel,94.24
2023-01-06,Chennai,Petrol,102.63
2023-01-06,Delhi,Diesel,89.62
2023-01-06,Delhi,Petrol,96.72
2023-01-06,Kolkata,Diesel,92.76
2023-01-06,Kolkata,Petrol,106.03
2023-01-06,Mumbai,Diesel,94.27
2023-01-06,Mumbai,Petrol,106.31
2023-01-07,Chennai,Diesel,94.24
2023-01-07,Chennai,Petrol,102.63
2023-01-07,Delhi,Diesel,89.62
2023-01-07,Delhi,Petrol,96.72
2023-01-07,Kolkata,Diesel,92.76
2023-01-07,Kolkata,Petrol,106.03
2023-01-07,Mumbai,Diesel,94.27
2023-01-07,Mumbai,Petrol,106.31
2023-01-08,Chennai,Diesel,94.24
2023-01-08,Chennai,Petrol,102.63
2023-01-08,Delhi,Diesel,89.62
2023-01-08,Delhi,Petrol,96.72
2023-01-08,Kolkata,Diesel,92.76
2023-01-08,Kolkata,Petrol,106.03
2023-01-08,Mumbai,Diesel,94.27
2023-01-08,Mumbai,Petrol,106.31
2023-01-09,Chennai,Diesel,94.24
2023-01-09,Chennai,Petrol,102.63
2023-01-09,Delhi,Diesel,89.62
2023-01-09,Delhi,Petrol,96.72
2023-01-09,Kolkata,Diesel,92.76
2023-01-09,Kolkata,Petrol,106.03
2023-01-09,Mumbai,Diesel,94.27
2023-01-09,Mumbai,Petrol,106.31
2023-01-10,Chennai,Diesel,94.24
2023-01-10,Chennai,Petrol,102.63
2023-01-10,Delhi,Diesel,89.62
2023-01-10,Delhi,Petrol,96.72
2023-01-10,Kolkata,Diesel,92.76
2023-01-10,Kolkata,Petrol,106.03
2023-01-10,Mumbai,Diesel,94.27
2023-01-10,Mumbai,Petrol,106.31
2023-01-11,Chennai,Diesel,94.24
2023-01-11,Chennai,Petrol,102.63
2023-01-11,Delhi,Diesel,89.62
2023-01-11,Delhi,Petrol,96.72
2023-01-11,Kolkata,Diesel,92.76
2023-01-11,Kolkata,Petrol,106.03
2023-01-11,Mumbai,Diesel,94.27
2023-01-11,Mumbai,Petrol,106.31
2023-01-12,Chennai,Diesel,94.24
2023-01-12,Chennai,Petrol,102.63
2023-01-12,Delhi,Diesel,89.62
2023-01-12,Delhi,Petrol,96.72
2023-01-12,Kolkata,Diesel,92.76
2023-01-12,Kolkata,Petrol,106.03
2023-01-12,Mumbai,Diesel,94.27
2023-01-12,Mumbai,Petrol,106.31
2023-01-13,Chennai,Diesel,94.24
2023-01-13,Chennai,Petrol,102.63
2023-01-13,Delhi,Diesel,89.62
2023-01-13,Delhi,Petrol,96.72
2023-01-13,Kolkata,Diesel,92.76
2023-01-13,Kolkata,Petrol,106.03
2023-01-13,Mumbai,Diesel,94.27
2023-01-13,Mumbai,Petrol,106.31
2023-01-14,Chennai,Diesel,94.24
2023-01-14,Chennai,Petrol,102.63
2023-01-14,Delhi,Diesel,89.62
2023-01-14,Delhi,Petrol,96.72
2023-01-14,Kolkata,Diesel,92.76
2023-01-14,Kolkata,Petrol,106.03
2023-01-14,Mumbai,Diesel,94.27
2023-01-14,Mumbai,Petrol,106.31
2023-01-15,Chennai,Diesel,94.24
2023-01-15,Chennai,Petrol,102.63
2023-01-15,Delhi,Diesel,89.62
2023-01-15,Delhi,Petrol,96.72
2023-01-15,Kolkata,Diesel,92.76
2023-01-15,Kolkata,Petrol,106.03
2023-01-15,Mumbai,Diesel,94.27
2023-01-15,Mumbai,Petrol,106.31
2023-01-16,Chennai,Diesel,94.24
2023-01-16,Chennai,Petrol,102.63
2023-01-16,Delhi,Diesel,89.62
2023-01-16,Delhi,Petrol,96.72
2023-01-16,Kolkata,Diesel,92.76
2023-01-16,Kolkata,Petrol,106.03
2023-01-16,Mumbai,Diesel,94.27
2023-01-16,Mumbai,Petrol,106.31
2023-01-17,Chennai,Diesel,94.24
2023-01-17,Chennai,Petrol,102.63
2023-01-17,Delhi,Diesel,89.62
2023-01-17,Delhi,Petrol,96.72
2023-01-17,Kolkata,Diesel,92.76
2023-01-17,Kolkata,Petrol,106.03
2023-01-17,Mumbai,Diesel,94.27
2023-01-17,Mumbai,Petrol,106.31
2023-01-18,Chennai,Diesel,94.24
2023-01-18,Chennai,Petrol,102.63
2023-01-18,Delhi,Diesel,89.62
2023-01-18,Delhi,Petrol,96.72
2023-01-18,Kolkata,Diesel,92.76
2023-01-18,Kolkata,Petrol,106.03
2023-01-18,Mumbai,Diesel,94.27
2023-01-18,Mumbai,Petrol,106.31
2023-01-19,Chennai,Diesel,94.24
2023-01-19,Chennai,Petrol,102.63
2023-01-19,Delhi,Diesel,89.62
2023-01-19,Delhi,Petrol,96.72
2023-01-19,Kolkata,Diesel,92.76
2023-01-19,Kolkata,Petrol,106.03
2023-01-19,Mumbai,Diesel,94.27
2023-01-19,Mumbai,Petrol,106.31
2023-01-20,Chennai,Diesel,94.24
2023-01-20,Chennai,Petrol,102.63
2023-01-20,Delhi,Diesel,89.62
2023-01-20,Delhi,Petrol,96.72
2023-01-20,Kolkata,Diesel,92.76
2023-01-20,Kolkata,Petrol,106.03
2023-01-20,Mumbai,Diesel,94.27
2023-01-20,Mumbai,Petrol,106.31
2023-01-21,Chennai,Diesel,94.24
2023-01-21,Chennai,Petrol,102.63
2023-01-21,Delhi,Diesel,89.62
2023-01-21,Delhi,Petrol,96.72
2023-01-21,Kolkata,Diesel,92.76
2023-01-21,Kolkata,Petrol,106.03
2023-01-21,Mumbai,Diesel,94.27
2023-01-21,Mumbai,Petrol,106.31
2023-01-22,Chennai,Diesel,94.24
2023-01-22,Chennai,Petrol,102.63
2023-01-22,Delhi,Diesel,89.62
2023-01-22,Delhi,Petrol,96.72
2023-01-22,Kolkata,Diesel,92.76
2023-01-22,Kolkata,Petrol,106.03
2023-01-22,Mumbai,Diesel,94.27
2023-01-22,Mumbai,Petrol,106.31
2023-01-23,Chennai,Diesel,94.24
2023-01-23,Chennai,Petrol,102.63
2023-01-23,Delhi,Diesel,89.62
2023-01-23,Delhi,Petrol,96.72
2023-01-23,Kolkata,Diesel,92.76
2023-01-23,Kolkata,Petrol,106.03
2023-01-23,Mumbai,Diesel,94.27
2023-01-23,Mumbai,Petrol,106.31
2023-01-24,Chennai,Diesel,94.24
2023-01-24,Chennai,Petrol,102.63
2023-01-24,Delhi,Diesel,89.62
2023-01-24,Delhi,Petrol,96.72
2023-01-24,Kolkata,Diesel,92.76
2023-01-24,Kolkata,Petrol,106.03
2023-01-24,Mumbai,Diesel,94.27
2023-01-24,Mumbai,Petrol,106.31
2023-01-25,Chennai,Diesel,94.24
2023-01-25,Chennai,Petrol,102.63
2023-01-25,Delhi,Diesel,89.62
2023-01-25,Delhi,Petrol,96.72
2023-01-25,Kolkata,Diesel,92.76
2023-01-25,Kolkata,Petrol,106.03
2023-01-25,Mumbai,Diesel,94.27
2023-01-25,Mumbai,Petrol,106.31
2023-01-26,Chennai,Diesel,94.24
2023-01-26,Chennai,Petrol,102.63
2023-01-26,Delhi,Diesel,89.62
2023-01-26,Delhi,Petrol,96.72
2023-01-26,Kolkata,Diesel,92.76
2023-01-26,Kolkata,Petrol,106.03
2023-01-26,Mumbai,Diesel,94.27
2023-01-26,Mumbai,Petrol,106.31
2023-01-27,Chennai,Diesel,94.24
2023-01-27,Chennai,Petrol,102.63
2023-01-27,Delhi,Diesel,89.62
2023-01-27,Delhi,Petrol,96.72
2023-01-27,Kolkata,Diesel,92.76
2023-01-27,Kolkata,Petrol,106.03
2023-01-27,Mumbai,Diesel,94.27
2023-01-27,Mumbai,Petrol,106.31
2023-01-28,Chennai,Diesel,94.24
2023-01-28,Chennai,Petrol,102.63
2023-01-28,Delhi,Diesel,89.62
2023-01-28,Delhi,Petrol,96.72
2023-01-28,Kolkata,Diesel,92.76
2023-01-28,Kolkata,Petrol,106.03
2023-01-28,Mumbai,Diesel,94.27
2023-01-28,Mumbai,Petrol,106.31
2023-01-29,Chennai,Diesel,94.24
2023-01-29,Chennai,Petrol,102.63
2023-01-29,Delhi,Diesel,89.62
2023-01-29,Delhi,Petrol,96.72
2023-01-29,Kolkata,Diesel,92.76
2023-01-29,Kolkata,Petrol,106.03
2023-01-29,Mumbai,Diesel,94.27
2023-01-29,Mumbai,Petrol,106.31
2023-01-30,Chennai,Diesel,94.24
2023-01-30,Chennai,Petrol,102.63
2023-01-30,Delhi,Diesel,89.62
2023-01-30,Delhi,Petrol,96.72
2023-01-30,Kolkata,Diesel,92.76
2023-01-30,Kolkata,Petrol,106.03
2023-01-30,Mumbai,Diesel,94.27
2023-01-30,Mumbai,Petrol,106.31
2023-01-31,Chennai,Diesel,94.24
2023-01-31,Chennai,Petrol,102.63
2023-01-31,Delhi,Diesel,89.62
2023-01-31,Delhi,Petrol,96.72
2023-01-31,Kolkata,Diesel,92.76
2023-01-31,Kolkata,Petrol,106.03
2023-01-31,Mumbai,Diesel,94.27
2023-01-31,Mumbai,Petrol,106.31
2023-02-01,Chennai,Diesel,94.24
2023-02-01,Chennai,Petrol,102.63
2023-02-01,Delhi,Diesel,89.62
2023-02-01,Delhi,Petrol,96.72
2023-02-01,Kolkata,Diesel,92.76
2023-02-01,Kolkata,Petrol,106.03
2023-02-01,Mumbai,Diesel,94.27
2023-02-01,Mumbai,Petrol,106.31
2023-02-02,Chennai,Diesel,94.24
2023-02-02,Chennai,Petrol,102.63
2023-02-02,Delhi,Diesel,89.62
2023-02-02,Delhi,Petrol,96.72
2023-02-02,Kolkata,Diesel,92.76
2023-02-02,Kolkata,Petrol,106.03
2023-02-02,Mumbai,Diesel,94.27
2023-02-02,Mumbai,Petrol,106.31
2023-02-03,Chennai,Diesel,94.24
2023-02-03,Chennai,Petrol,102.63
2023-02-03,Delhi,Diesel,89.62
2023-02-03,Delhi,Petrol,96.72
2023-02-03,Kolkata,Diesel,92.76
2023-02-03,Kolkata,Petrol,106.03
2023-02-03,Mumbai,Diesel,94.27
2023-02-03,Mumbai,Petrol,106.31
2023-02-04,Chennai,Diesel,94.24
2023-02-04,Chennai,Petrol,102.63
2023-02-04,Delhi,Diesel,89.62
2023-02-04,Delhi,Petrol,96.72
2023-02-04,Kolkata,Diesel,92.76
2023-02-04,Kolkata,Petrol,106.03
2023-02-04,Mumbai,Diesel,94.27
2023-02-04,Mumbai,Petrol,106.31
2023-02-05,Chennai,Diesel,94.24
2023-02-05,Chennai,Petrol,102.63
2023-02-05,Delhi,Diesel,89.62
2023-02-05,Delhi,Petrol,96.72
2023-02-05,Kolkata,Diesel,92.76
2023-02-05,Kolkata,Petrol,106.03
2023-02-05,Mumbai,Diesel,94.27
2023-02-05,Mumbai,Petrol,106.31
2023-02-06,Chennai,Diesel,94.24
2023-02-06,Chennai,Petrol,102.63
2023-02-06,Delhi,Diesel,89.62
2023-02-06,Delhi,Petrol,96.72
2023-02-06,Kolkata,Diesel,92.76
2023-02-06,Kolkata,Petrol,106.03
2023-02-06,Mumbai,Diesel,94.27
2023-02-06,Mumbai,Petrol,106.31
2023-02-07,Chennai,Diesel,94.24
2023-02-07,Chennai,Petrol,102.63
2023-02-07,Delhi,Diesel,89.62
2023-02-07,Delhi,Petrol,96.72
2023-02-07,Kolkata,Diesel,92.76
2023-02-07,Kolkata,Petrol,106.03
2023-02-07,Mumbai,Diesel,94.27
2023-02-07,Mumbai,Petrol,106.31
2023-02-08,Chennai,Diesel,94.24
2023-02-08,Chennai,Petrol,102.63
2023-02-08,Delhi,Diesel,89.62
2023-02-08,Delhi,Petrol,96.72
2023-02-08,Kolkata,Diesel,92.76
2023-02-08,Kolkata,Petrol,106.03
2023-02-08,Mumbai,Diesel,94.27
2023-02-08,Mumbai,Petrol,106.31
2023-02-09,Chennai,Diesel,94.24
2023-02-09,Chennai,Petrol,102.63
2023-02-09,Delhi,Diesel,89.62
2023-02-09,Delhi,Petrol,96.72
2023-02-09,Kolkata,Diesel,92.76
2023-02-09,Kolkata,Petrol,106.03
2023-02-09,Mumbai,Diesel,94.27
2023-02-09,Mumbai,Petrol,106.31
2023-02-10,Chennai,Diesel,94.24
2023-02-10,Chennai,Petrol,102.63
2023-02-10,Delhi,Diesel,89.62
2023-02-10,Delhi,Petrol,96.72
2023-02-10,Kolkata,Diesel,92.76
2023-02-10,Kolkata,Petrol,106.03
2023-02-10,Mumbai,Diesel,94.27
2023-02-10,Mumbai,Petrol,106.31
2023-02-11,Chennai,Diesel,94.24
2023-02-11,Chennai,Petrol,102.63
2023-02-11,Delhi,Diesel,89.62
2023-02-11,Delhi,Petrol,96.72
2023-02-11,Kolkata,Diesel,92.76
2023-02-11,Kolkata,Petrol,106.03
2023-02-11,Mumbai,Diesel,94.27
2023-02-11,Mumbai,Petrol,106.31
2023-02-12,Chennai,Diesel,94.24
2023-02-12,Chennai,Petrol,102.63
2023-02-12,Delhi,Diesel,89.62
2023-02-12,Delhi,Petrol,96.72
2023-02-12,Kolkata,Diesel,92.76
2023-02-12,Kolkata,Petrol,106.03
2023-02-12,Mumbai,Diesel,94.27
2023-02-12,Mumbai,Petrol,106.31
2023-02-13,Chennai,Diesel,94.24
2023-02-13,Chennai,Petrol,102.63
2023-02-13,Delhi,Diesel,89.62
2023-02-13,Delhi,Petrol,96.72
2023-02-13,Kolkata,Diesel,92.76
2023-02-13,Kolkata,Petrol,106.03
2023-02-13,Mumbai,Diesel,94.27
2023-02-13,Mumbai,Petrol,106.31
2023-02-14,Chennai,Diesel,94.24
2023-02-14,Chennai,Petrol,102.63
2023-02-14,Delhi,Diesel,89.62
2023-02-14,Delhi,Petrol,96.72
2023-02-14,Kolkata,Diesel,92.76
2023-02-14,Kolkata,Petrol,106.03
2023-02-14,Mumbai,Diesel,94.27
2023-02-14,Mumbai,Petrol,106.31
2023-02-15,Chennai,Diesel,94.24
2023-02-15,Chennai,Petrol,102.63
2023-02-15,Delhi,Diesel,89.62
2023-02-15,Delhi,Petrol,96.72
2023-02-15,Kolkata,Diesel,92.76
2023-02-15,Kolkata,Petrol,106.03
2023-02-15,Mumbai,Diesel,94.27
2023-02-15,Mumbai,Petrol,106.31
2023-02-16,Chennai,Diesel,94.24
2023-02-16,Chennai,Petrol,102.63
2023-02-16,Delhi,Diesel,89.62
2023-02-16,Delhi,Petrol,96.72
2023-02-16,Kolkata,Diesel,92.76
2023-02-16,Kolkata,Petrol,106.03
2023-02-16,Mumbai,Diesel,94.27
2023-02-16,Mumbai,Petrol,106.31
2023-02-17,Chennai,Diesel,94.24
2023-02-17,Chennai,Petrol,102.63
2023-02-17,Delhi,Diesel,89.62
2023-02-17,Delhi,Petrol,96.72
2023-02-17,Kolkata,Diesel,92.76
2023-02-17,Kolkata,Petrol,106.03
2023-02-17,Mumbai,Diesel,94.27
2023-02-17,Mumbai,Petrol,106.31
2023-02-18,Chennai,Diesel,94.24
2023-02-18,Chennai,Petrol,102.63
2023-02-18,Delhi,Diesel,89.62
2023-02-18,Delhi,Petrol,96.72
2023-02-18,Kolkata,Diesel,92.76
2023-02-18,Kolkata,Petrol,106.03
2023-02-18,Mumbai,Diesel,94.27
2023-02-18,Mumbai,Petrol,106.31
2023-02-19,Chennai,Diesel,94.24
2023-02-19,Chennai,Petrol,102.63
2023-02-19,Delhi,Diesel,89.62
2023-02-19,Delhi,Petrol,96.72
2023-02-19,Kolkata,Diesel,92.76
2023-02-19,Kolkata,Petrol,106.03
2023-02-19,Mumbai,Diesel,94.27
2023-02-19,Mumbai,Petrol,106.31
2023-02-20,Chennai,Diesel,94.24
2023-02-20,Chennai,Petrol,102.63
2023-02-20,Delhi,Diesel,89.62
2023-02-20,Delhi,Petrol,96.72
2023-02-20,Kolkata,Diesel,92.76
2023-02-20,Kolkata,Petrol,106.03
2023-02-20,Mumbai,Diesel,94.27
2023-02-20,Mumbai,Petrol,106.31
2023-02-21,Chennai,Diesel,94.24
2023-02-21,Chennai,Petrol,102.63
2023-02-21,Delhi,Diesel,89.62
2023-02-21,Delhi,Petrol,96.72
2023-02-21,Kolkata,Diesel,92.76
2023-02-21,Kolkata,Petrol,106.03
2023-02-21,Mumbai,Diesel,94.27
2023-02-21,Mumbai,Petrol,106.31
2023-02-22,Chennai,Diesel,94.24
2023-02-22,Chennai,Petrol,102.63
2023-02-22,Delhi,Diesel,89.62
2023-02-22,Delhi,Petrol,96.72
2023-02-22,Kolkata,Diesel,92.76
2023-02-22,Kolkata,Petrol,106.03
2023-02-22,Mumbai,Diesel,94.27
2023-02-22,Mumbai,Petrol,106.31
2023-02-23,Chennai,Diesel,94.24
2023-02-23,Chennai,Petrol,102.63
2023-02-23,Delhi,Diesel,89.62
2023-02-23,Delhi,Petrol,96.72
2023-02-23,Kolkata,Diesel,92.76
2023-02-23,Kolkata,Petrol,106.03
2023-02-23,Mumbai,Diesel,94.27
2023-02-23,Mumbai,Petrol,106.31
2023-02-24,Chennai,Diesel,94.24
2023-02-24,Chennai,Petrol,102.63
2023-02-24,Delhi,Diesel,89.62
2023-02-24,Delhi,Petrol,96.72
2023-02-24,Kolkata,Diesel,92.76
2023-02-24,Kolkata,Petrol,106.03
2023-02-24,Mumbai,Diesel,94.27
2023-02-24,Mumbai,Petrol,106.31
2023-02-25,Chennai,Diesel,94.24
2023-02-25,Chennai,Petrol,102.63
2023-02-25,Delhi,Diesel,89.62
2023-02-25,Delhi,Petrol,96.72
2023-02-25,Kolkata,Diesel,92.76
2023-02-25,Kolkata,Petrol,106.03
2023-02-25,Mumbai,Diesel,94.27
2023-02-25,Mumbai,Petrol,106.31
2023-02-26,Chennai,Diesel,94.24
2023-02-26,Chennai,Petrol,102.63
2023-02-26,Delhi,Diesel,89.62
2023-02-26,Delhi,Petrol,96.72
2023-02-26,Kolkata,Diesel,92.76
2023-02-26,Kolkata,Petrol,106.03
2023-02-26,Mumbai,Diesel,94.27
2023-02-26,Mumbai,Petrol,106.31
2023-02-27,Chennai,Diesel,94.24
2023-02-27,Chennai,Petrol,102.63
2023-02-27,Delhi,Diesel,89.62
2023-02-27,Delhi,Petrol,96.72
2023-02-27,Kolkata,Diesel,92.76
2023-02-27,Kolkata,Petrol,106.03
2023-02-27,Mumbai,Diesel,94.27
2023-02-27,Mumbai,Petrol,106.31
2023-02-28,Chennai,Diesel,94.24
2023-02-28,Chennai,Petrol,102.63
2023-02-28,Delhi,Diesel,89.62
2023-02-28,Delhi,Petrol,96.72
2023-02-28,Kolkata,Diesel,92.76
2023-02-28,Kolkata,Petrol,106.03
2023-02-28,Mumbai,Diesel,94.27
2023-02-28,Mumbai,Petrol,106.31
2023-03-01,Chennai,Diesel,94.24
2023-03-01,Chennai,Petrol,102.63
2023-03-01,Delhi,Diesel,89.62
2023-03-01,Delhi,Petrol,96.72
2023-03-01,Kolkata,Diesel,92.76
2023-03-01,Kolkata,Petrol,106.03
2023-03-01,Mumbai,Diesel,94.27
2023-03-01,Mumbai,Petrol,106.31
2023-03-02,Chennai,Diesel,94.24
2023-03-02,Chennai,Petrol,102.63
2023-03-02,Delhi,Diesel,89.62
2023-03-02,Delhi,Petrol,96.72
2023-03-02,Kolkata,Diesel,92.76
2023-03-02,Kolkata,Petrol,106.03
2023-03-02,Mumbai,Diesel,94.27
2023-03-02,Mumbai,Petrol,106.31
2023-03-03,Chennai,Diesel,94.24
2023-03-03,Chennai,Petrol,102.63
2023-03-03,Delhi,Diesel,89.62
2023-03-03,Delhi,Petrol,96.72
2023-03-03,Kolkata,Diesel,92.76
2023-03-03,Kolkata,Petrol,106.03
2023-03-03,Mumbai,Diesel,94.27
2023-03-03,Mumbai,Petrol,106.31
2023-03-04,Chennai,Diesel,94.24
2023-03-04,Chennai,Petrol,102.63
2023-03-04,Delhi,Diesel,89.62
2023-03-04,Delhi,Petrol,96.72
2023-03-04,Kolkata,Diesel,92.76
2023-03-04,Kolkata,Petrol,106.03
2023-03-04,Mumbai,Diesel,94.27
2023-03-04,Mumbai,Petrol,106.31
2023-03-05,Chennai,Diesel,94.24
2023-03-05,Chennai,Petrol,102.63
2023-03-05,Delhi,Diesel,89.62
2023-03-05,Delhi,Petrol,96.72
2023-03-05,Kolkata,Diesel,92.76
2023-03-05,Kolkata,Petrol,106.03
2023-03-05,Mumbai,Diesel,94.27
2023-03-05,Mumbai,Petrol,106.31
2023-03-06,Chennai,Diesel,94.24
2023-03-06,Chennai,Petrol,102.63
2023-03-06,Delhi,Diesel,89.62
2023-03-06,Delhi,Petrol,96.72
2023-03-06,Kolkata,Diesel,92.76
2023-03-06,Kolkata,Petrol,106.03
2023-03-06,Mumbai,Diesel,94.27
2023-03-06,Mumbai,Petrol,106.31
2023-03-07,Chennai,Diesel,94.24
2023-03-07,Chennai,Petrol,102.63
2023-03-07,Delhi,Diesel,89.62
2023-03-07,Delhi,Petrol,96.72
2023-03-07,Kolkata,Diesel,92.76
2023-03-07,Kolkata,Petrol,106.03
2023-03-07,Mumbai,Diesel,94.27
2023-03-07,Mumbai,Petrol,106.31
2023-03-08,Chennai,Diesel,94.24
2023-03-08,Chennai,Petrol,102.63
2023-03-08,Delhi,Diesel,89.62
2023-03-08,Delhi,Petrol,96.72
2023-03-08,Kolkata,Diesel,92.76
2023-03-08,Kolkata,Petrol,106.03
2023-03-08,Mumbai,Diesel,94.27
2023-03-08,Mumbai,Petrol,106.31
2023-03-09,Chennai,Diesel,94.24
2023-03-09,Chennai,Petrol,102.63
2023-03-09,Delhi,Diesel,89.62
2023-03-09,Delhi,Petrol,96.72
2023-03-09,Kolkata,Diesel,92.76
2023-03-09,Kolkata,Petrol,106.03
2023-03-09,Mumbai,Diesel,94.27
2023-03-09,Mumbai,Petrol,106.31
2023-03-10,Chennai,Diesel,94.24
2023-03-10,Chennai,Petrol,102.63
2023-03-10,Delhi,Diesel,89.62
2023-03-10,Delhi,Petrol,96.72
2023-03-10,Kolkata,Diesel,92.76
2023-03-10,Kolkata,Petrol,106.03
2023-03-10,Mumbai,Diesel,94.27
2023-03-10,Mumbai,Petrol,106.31
2023-03-11,Chennai,Diesel,94.24
2023-03-11,Chennai,Petrol,102.63
2023-03-11,Delhi,Diesel,89.62
2023-03-11,Delhi,Petrol,96.72
2023-03-11,Kolkata,Diesel,92.76
2023-03-11,Kolkata,Petrol,106.03
2023-03-11,Mumbai,Diesel,94.27
2023-03-11,Mumbai,Petrol,106.31
2023-03-12,Chennai,Diesel,94.24
2023-03-12,Chennai,Petrol,102.63
2023-03-12,Delhi,Diesel,89.62
2023-03-12,Delhi,Petrol,96.72
2023-03-12,Kolkata,Diesel,92.76
2023-03-12,Kolkata,Petrol,106.03
2023-03-12,Mumbai,Diesel,94.27
2023-03-12,Mumbai,Petrol,106.31
2023-03-13,Chennai,Diesel,94.24
2023-03-13,Chennai,Petrol,102.63
2023-03-13,Delhi,Diesel,89.62
2023-03-13,Delhi,Petrol,96.72
2023-03-13,Kolkata,Diesel,92.76
2023-03-13,Kolkata,Petrol,106.03
2023-03-13,Mumbai,Diesel,94.27
2023-03-13,Mumbai,Petrol,106.31
2023-03-14,Chennai,Diesel,94.24
2023-03-14,Chennai,Petrol,102.63
2023-03-14,Delhi,Diesel,89.62
2023-03-14,Delhi,Petrol,96.72
2023-03-14,Kolkata,Diesel,92.76
2023-03-14,Kolkata,Petrol,106.03
2023-03-14,Mumbai,Diesel,94.27
2023-03-14,Mumbai,Petrol,106.31
2023-03-15,Chennai,Diesel,94.24
2023-03-15,Chennai,Petrol,102.63
2023-03-15,Delhi,Diesel,89.62
2023-03-15,Delhi,Petrol,96.72
2023-03-15,Kolkata,Diesel,92.76
2023-03-15,Kolkata,Petrol,106.03
2023-03-15,Mumbai,Diesel,94.27
2023-03-15,Mumbai,Petrol,106.31
2023-03-16,Chennai,Diesel,94.24
2023-03-16,Chennai,Petrol,102.63
2023-03-16,Delhi,Diesel,89.62
2023-03-16,Delhi,Petrol,96.72
2023-03-16,Kolkata,Diesel,92.76
2023-03-16,Kolkata,Petrol,106.03
2023-03-16,Mumbai,Diesel,94.27
2023-03-16,Mumbai,Petrol,106.31
2023-03-17,Chennai,Diesel,94.24
2023-03-17,Chennai,Petrol,102.63
2023-03-17,Delhi,Diesel,89.62
2023-03-17,Delhi,Petrol,96.72
2023-03-17,Kolkata,Diesel,92.76
2023-03-17,Kolkata,Petrol,106.03
2023-03-17,Mumbai,Diesel,94.27
2023-03-17,Mumbai,Petrol,106.31
2023-03-18,Chennai,Diesel,94.24
2023-03-18,Chennai,Petrol,102.63
2023-03-18,Delhi,Diesel,89.62
2023-03-18,Delhi,Petrol,96.72
2023-03-18,Kolkata,Diesel,92.76
2023-03-18,Kolkata,Petrol,106.03
2023-03-18,Mumbai,Diesel,94.27
2023-03-18,Mumbai,Petrol,106.31
2023-03-19,Chennai,Diesel,94.24
2023-03-19,Chennai,Petrol,102.63
2023-03-19,Delhi,Diesel,89.62
2023-03-19,Delhi,Petrol,96.72
2023-03-19,Kolkata,Diesel,92.76
2023-03-19,Kolkata,Petrol,106.03
2023-03-19,Mumbai,Diesel,94.27
2023-03-19,Mumbai,Petrol,106.31
2023-03-20,Chennai,Diesel,94.24
2023-03-20,Chennai,Petrol,102.63
2023-03-20,Delhi,Diesel,89.62
2023-03-20,Delhi,Petrol,96.72
2023-03-20,Kolkata,Diesel,92.76
2023-03-20,Kolkata,Petrol,106.03
2023-03-20,Mumbai,Diesel,94.27
2023-03-20,Mumbai,Petrol,106.31
2023-03-21,Chennai,Diesel,94.24
2023-03-21,Chennai,Petrol,102.63
2023-03-21,Delhi,Diesel,89.62
2023-03-21,Delhi,Petrol,96.72
2023-03-21,Kolkata,Diesel,92.76
2023-03-21,Kolkata,Petrol,106.03
2023-03-21,Mumbai,Diesel,94.27
2023-03-21,Mumbai,Petrol,106.31
2023-03-22,Chennai,Diesel,94.24
2023-03-22,Chennai,Petrol,102.63
2023-03-22,Delhi,Diesel,89.62
2023-03-22,Delhi,Petrol,96.72
2023-03-22,Kolkata,Diesel,92.76
2023-03-22,Kolkata,Petrol,106.03
2023-03-22,Mumbai,Diesel,94.27
2023-03-22,Mumbai,Petrol,106.31
2023-03-23,Chennai,Diesel,94.24
2023-03-23,Chennai,Petrol,102.63
2023-03-23,Delhi,Diesel,89.62
2023-03-23,Delhi,Petrol,96.72
2023-03-23,Kolkata,Diesel,92.76
2023-03-23,Kolkata,Petrol,106.03
2023-03-23,Mumbai,Diesel,94.27
2023-03-23,Mumbai,Petrol,106.31
2023-03-24,Chennai,Diesel,94.24
2023-03-24,Chennai,Petrol,102.63
2023-03-24,Delhi,Diesel,89.62
2023-03-24,Delhi,Petrol,96.72
2023-03-24,Kolkata,Diesel,92.76
2023-03-24,Kolkata,Petrol,106.03
2023-03-24,Mumbai,Diesel,94.27
2023-03-24,Mumbai,Petrol,106.31
2023-03-25,Chennai,Diesel,94.24
2023-03-25,Chennai,Petrol,102.63
2023-03-25,Delhi,Diesel,89.62
2023-03-25,Delhi,Petrol,96.72
2023-03-25,Kolkata,Diesel,92.76
2023-03-25,Kolkata,Petrol,106.03
2023-03-25,Mumbai,Diesel,94.27
2023-03-25,Mumbai,Petrol,106.31
2023-03-26,Chennai,Diesel,94.24
2023-03-26,Chennai,Petrol,102.63
2023-03-26,Delhi,Diesel,89.62
2023-03-26,Delhi,Petrol,96.72
2023-03-26,Kolkata,Diesel,92.76
2023-03-26,Kolkata,Petrol,106.03
2023-03-26,Mumbai,Diesel,94.27
2023-03-26,Mumbai,Petrol,106.31
2023-03-27,Chennai,Diesel,94.24
2023-03-27,Chennai,Petrol,102.63
2023-03-27,Delhi,Diesel,89.62
2023-03-27,Delhi,Petrol,96.72
2023-03-27,Kolkata,Diesel,92.76
2023-03-27,Kolkata,Petrol,106.03
2023-03-27,Mumbai,Diesel,94.27
2023-03-27,Mumbai,Petrol,106.31
2023-03-28,Chennai,Diesel,94.24
2023-03-28,Chennai,Petrol,102.63
2023-03-28,Delhi,Diesel,89.62
2023-03-28,Delhi,Petrol,96.72
2023-03-28,Kolkata,Diesel,92.76
2023-03-28,Kolkata,Petrol,106.03
2023-03-28,Mumbai,Diesel,94.27
2023-03-28,Mumbai,Petrol,106.31
2023-03-29,Chennai,Diesel,94.24
2023-03-29,Chennai,Petrol,102.63
2023-03-29,Delhi,Diesel,89.62
2023-03-29,Delhi,Petrol,96.72
2023-03-29,Kolkata,Diesel,92.76
2023-03-29,Kolkata,Petrol,106.03
2023-03-29,Mumbai,Diesel,94.27
2023-03-29,Mumbai,Petrol,106.31
2023-03-30,Chennai,Diesel,94.24
2023-03-30,Chennai,Petrol,102.63
2023-03-30,Delhi,Diesel,89.62
2023-03-30,Delhi,Petrol,96.72
2023-03-30,Kolkata,Diesel,92.76
2023-03-30,Kolkata,Petrol,106.03
2023-03-30,Mumbai,Diesel,94.27
2023-03-30,Mumbai,Petrol,106.31
2023-03-31,Chennai,Diesel,94.24
2023-03-31,Chennai,Petrol,102.63
2023-03-31,Delhi,Diesel,89.62
2023-03-31,Delhi,Petrol,96.72
2023-03-31,Kolkata,Diesel,92.76
2023-03-31,Kolkata,Petrol,106.03
2023-03-31,Mumbai,Diesel,94.27
2023-03-31,Mumbai,Petrol,106.31
2023-04-01,Chennai,Diesel,94.24
2023-04-01,Chennai,Petrol,102.63
2023-04-01,Delhi,Diesel,89.62
2023-04-01,Delhi,Petrol,96.72
2023-04-01,Kolkata,Diesel,92.76
2023-04-01,Kolkata,Petrol,106.03
2023-04-01,Mumbai,Diesel,94.27
2023-04-01,Mumbai,Petrol,106.31
2023-04-02,Chennai,Diesel,94.24
2023-04-02,Chennai,Petrol,102.63
2023-04-02,Delhi,Diesel,89.62
2023-04-02,Delhi,Petrol,96.72
2023-04-02,Kolkata,Diesel,92.76
2023-04-02,Kolkata,Petrol,106.03
2023-04-02,Mumbai,Diesel,94.27
2023-04-02,Mumbai,Petrol,106.31
2023-04-03,Chennai,Diesel,94.24
2023-04-03,Chennai,Petrol,102.63
2023-04-03,Delhi,Diesel,89.62
2023-04-03,Delhi,Petrol,96.72
2023-04-03,Kolkata,Diesel,92.76
2023-04-03,Kolkata,Petrol,106.03
2023-04-03,Mumbai,Diesel,94.27
2023-04-03,Mumbai,Petrol,106.31
2023-04-04,Chennai,Diesel,94.24
2023-04-04,Chennai,Petrol,102.63
2023-04-04,Delhi,Diesel,89.62
2023-04-04,Delhi,Petrol,96.72
2023-04-04,Kolkata,Diesel,92.76
2023-04-04,Kolkata,Petrol,106.03
2023-04-04,Mumbai,Diesel,94.27
2023-04-04,Mumbai,Petrol,106.31
2023-04-05,Chennai,Diesel,94.24
2023-04-05,Chennai,Petrol,102.63
2023-04-05,Delhi,Diesel,89.62
2023-04-05,Delhi,Petrol,96.72
2023-04-05,Kolkata,Diesel,92.76
2023-04-05,Kolkata,Petrol,106.03
2023-04-05,Mumbai,Diesel,94.27
2023-04-05,Mumbai,Petrol,106.31
2023-04-06,Chennai,Diesel,94.24
2023-04-06,Chennai,Petrol,102.63
2023-04-06,Delhi,Diesel,89.62
2023-04-06,Delhi,Petrol,96.72
2023-04-06,Kolkata,Diesel,92.76
2023-04-06,Kolkata,Petrol,106.03
2023-04-06,Mumbai,Diesel,94.27
2023-04-06,Mumbai,Petrol,106.31
2023-04-07,Chennai,Diesel,94.24
2023-04-07,Chennai,Petrol,102.63
2023-04-07,Delhi,Diesel,89.62
2023-04-07,Delhi,Petrol,96.72
2023-04-07,Kolkata,Diesel,92.76
2023-04-07,Kolkata,Petrol,106.03
2023-04-07,Mumbai,Diesel,94.27
2023-04-07,Mumbai,Petrol,106.31
2023-04-08,Chennai,Diesel,94.24
2023-04-08,Chennai,Petrol,102.63
2023-04-08,Delhi,Diesel,89.62
2023-04-08,Delhi,Petrol,96.72
2023-04-08,Kolkata,Diesel,92.76
2023-04-08,Kolkata,Petrol,106.03
2023-04-08,Mumbai,Diesel,94.27
2023-04-08,Mumbai,Petrol,106.31
2023-04-09,Chennai,Diesel,94.24
2023-04-09,Chennai,Petrol,102.63
2023-04-09,Delhi,Diesel,89.62
2023-04-09,Delhi,Petrol,96.72
2023-04-09,Kolkata,Diesel,92.76
2023-04-09,Kolkata,Petrol,106.03
2023-04-09,Mumbai,Diesel,94.27
2023-04-09,Mumbai,Petrol,106.31
2023-04-10,Chennai,Diesel,94.24
2023-04-10,Chennai,Petrol,102.63
2023-04-10,Delhi,Diesel,89.62
2023-04-10,Delhi,Petrol,96.72
2023-04-10,Kolkata,Diesel,92.76
2023-04-10,Kolkata,Petrol,106.03
2023-04-10,Mumbai,Diesel,94.27
2023-04-10,Mumbai,Petrol,106.31
2023-04-11,Chennai,Diesel,94.24
2023-04-11,Chennai,Petrol,102.63
2023-04-11,Delhi,Diesel,89.62
2023-04-11,Delhi,Petrol,96.72
2023-04-11,Kolkata,Diesel,92.76
2023-04-11,Kolkata,Petrol,106.03
2023-04-11,Mumbai,Diesel,94.27
2023-04-11,Mumbai,Petrol,106.31
2023-04-12,Chennai,Diesel,94.24
2023-04-12,Chennai,Petrol,102.63
2023-04-12,Delhi,Diesel,89.62
2023-04-12,Delhi,Petrol,96.72
2023-04-12,Kolkata,Diesel,92.76
2023-04-12,Kolkata,Petrol,106.03
2023-04-12,Mumbai,Diesel,94.27
2023-04-12,Mumbai,Petrol,106.31
2023-04-13,Chennai,Diesel,94.24
2023-04-13,Chennai,Petrol,102.63
2023-04-13,Delhi,Diesel,89.62
2023-04-13,Delhi,Petrol,96.72
2023-04-13,Kolkata,Diesel,92.76
2023-04-13,Kolkata,Petrol,106.03
2023-04-13,Mumbai,Diesel,94.27
2023-04-13,Mumbai,Petrol,106.31
2023-04-14,Chennai,Diesel,94.24
2023-04-14,Chennai,Petrol,102.63
2023-04-14,Delhi,Diesel,89.62
2023-04-14,Delhi,Petrol,96.72
2023-04-14,Kolkata,Diesel,92.76
2023-04-14,Kolkata,Petrol,106.03
2023-04-14,Mumbai,Diesel,94.27
2023-04-14,Mumbai,Petrol,106.31
2023-04-15,Chennai,Diesel,94.24
2023-04-15,Chennai,Petrol,102.63
2023-04-15,Delhi,Diesel,89.62
2023-04-15,Delhi,Petrol,96.72
2023-04-15,Kolkata,Diesel,92.76
2023-04-15,Kolkata,Petrol,106.03
2023-04-15,Mumbai,Diesel,94.27
2023-04-15,Mumbai,Petrol,106.31
2023-04-16,Chennai,Diesel,94.24
2023-04-16,Chennai,Petrol,102.63
2023-04-16,Delhi,Diesel,89.62
2023-04-16,Delhi,Petrol,96.72
2023-04-16,Kolkata,Diesel,92.76
2023-04-16,Kolkata,Petrol,106.03
2023-04-16,Mumbai,Diesel,94.27
2023-04-16,Mumbai,Petrol,106.31
2023-04-17,Chennai,Diesel,94.24
2023-04-17,Chennai,Petrol,102.63
2023-04-17,Delhi,Diesel,89.62
2023-04-17,Delhi,Petrol,96.72
2023-04-17,Kolkata,Diesel,92.76
2023-04-17,Kolkata,Petrol,106.03
2023-04-17,Mumbai,Diesel,94.27
2023-04-17,Mumbai,Petrol,106.31
2023-04-18,Chennai,Diesel,94.24
2023-04-18,Chennai,Petrol,102.63
2023-04-18,Delhi,Diesel,89.62
2023-04-18,Delhi,Petrol,96.72
2023-04-18,Kolkata,Diesel,92.76
2023-04-18,Kolkata,Petrol,106.03
2023-04-18,Mumbai,Diesel,94.27
2023-04-18,Mumbai,Petrol,106.31
2023-04-19,Chennai,Diesel,94.24
2023-04-19,Chennai,Petrol,102.63
2023-04-19,Delhi,Diesel,89.62
2023-04-19,Delhi,Petrol,96.72
2023-04-19,Kolkata,Diesel,92.76
2023-04-19,Kolkata,Petrol,106.03
2023-04-19,Mumbai,Diesel,94.27
2023-04-19,Mumbai,Petrol,106.31
2023-04-20,Chennai,Diesel,94.24
2023-04-20,Chennai,Petrol,102.63
2023-04-20,Delhi,Diesel,89.62
2023-04-20,Delhi,Petrol,96.72
2023-04-20,Kolkata,Diesel,92.76
2023-04-20,Kolkata,Petrol,106.03
2023-04-20,Mumbai,Diesel,94.27
2023-04-20,Mumbai,Petrol,106.31
2023-04-21,Chennai,Diesel,94.24
2023-04-21,Chennai,Petrol,102.63
2023-04-21,Delhi,Diesel,89.62
2023-04-21,Delhi,Petrol,96.72
2023-04-21,Kolkata,Diesel,92.76
2023-04-21,Kolkata,Petrol,106.03
2023-04-21,Mumbai,Diesel,94.27
2023-04-21,Mumbai,Petrol,106.31
2023-04-22,Chennai,Diesel,94.24
2023-04-22,Chennai,Petrol,102.63
2023-04-22,Delhi,Diesel,89.62
2023-04-22,Delhi,Petrol,96.72
2023-04-22,Kolkata,Diesel,92.76
2023-04-22,Kolkata,Petrol,106.03
2023-04-22,Mumbai,Diesel,94.27
2023-04-22,Mumbai,Petrol,106.31
2023-04-23,Chennai,Diesel,94.24
2023-04-23,Chennai,Petrol,102.63
2023-04-23,Delhi,Diesel,89.62
2023-04-23,Delhi,Petrol,96.72
2023-04-23,Kolkata,Diesel,92.76
2023-04-23,Kolkata,Petrol,106.03
2023-04-23,Mumbai,Diesel,94.27
2023-04-23,Mumbai,Petrol,106.31
2023-04-24,Chennai,Diesel,94.24
2023-04-24,Chennai,Petrol,102.63
2023-04-24,Delhi,Diesel,89.62
2023-04-24,Delhi,Petrol,96.72
2023-04-24,Kolkata,Diesel,92.76
2023-04-24,Kolkata,Petrol,106.03
2023-04-24,Mumbai,Diesel,94.27
2023-04-24,Mumbai,Petrol,106.31
2023-04-25,Chennai,Diesel,94.24
2023-04-25,Chennai,Petrol,102.63
2023-04-25,Delhi,Diesel,89.62
2023-04-25,Delhi,Petrol,96.72
2023-04-25,Kolkata,Diesel,92.76
2023-04-25,Kolkata,Petrol,106.03
2023-04-25,Mumbai,Diesel,94.27
2023-04-25,Mumbai,Petrol,106.31
2023-04-26,Chennai,Diesel,94.24
2023-04-26,Chennai,Petrol,102.63
2023-04-26,Delhi,Diesel,89.62
2023-04-26,Delhi,Petrol,96.72
2023-04-26,Kolkata,Diesel,92.76
2023-04-26,Kolkata,Petrol,106.03
2023-04-26,Mumbai,Diesel,94.27
2023-04-26,Mumbai,Petrol,106.31
2023-04-27,Chennai,Diesel,94.24
2023-04-27,Chennai,Petrol,102.63
2023-04-27,Delhi,Diesel,89.62
2023-04-27,Delhi,Petrol,96.72
2023-04-27,Kolkata,Diesel,92.76
2023-04-27,Kolkata,Petrol,106.03
2023-04-27,Mumbai,Diesel,94.27
2023-04-27,Mumbai,Petrol,106.31
2023-04-28,Chennai,Diesel,94.24
2023-04-28,Chennai,Petrol,102.63
2023-04-28,Delhi,Diesel,89.62
2023-04-28,Delhi,Petrol,96.72
2023-04-28,Kolkata,Diesel,92.76
2023-04-28,Kolkata,Petrol,106.03
2023-04-28,Mumbai,Diesel,94.27
2023-04-28,Mumbai,Petrol,106.31
2023-04-29,Chennai,Diesel,94.24
2023-04-29,Chennai,Petrol,102.63
2023-04-29,Delhi,Diesel,89.62
2023-04-29,Delhi,Petrol,96.72
2023-04-29,Kolkata,Diesel,92.76
2023-04-29,Kolkata,Petrol,106.03
2023-04-29,Mumbai,Diesel,94.27
2023-04-29,Mumbai,Petrol,106.31
2023-04-30,Chennai,Diesel,94.24
2023-04-30,Chennai,Petrol,102.63
2023-04-30,Delhi,Diesel,89.62
2023-04-30,Delhi,Petrol,96.72
2023-04-30,Kolkata,Diesel,92.76
2023-04-30,Kolkata,Petrol,106.03
2023-04-30,Mumbai,Diesel,94.27
2023-04-30,Mumbai,Petrol,106.31
2023-05-01,Chennai,Diesel,94.24
2023-05-01,Chennai,Petrol,102.63
2023-05-01,Delhi,Diesel,89.62
2023-05-01,Delhi,Petrol,96.72
2023-05-01,Kolkata,Diesel,92.76
2023-05-01,Kolkata,Petrol,106.03
2023-05-01,Mumbai,Diesel,94.27
2023-05-01,Mumbai,Petrol,106.31
2023-05-02,Chennai,Diesel,94.24
2023-05-02,Chennai,Petrol,102.63
2023-05-02,Delhi,Diesel,89.62
2023-05-02,Delhi,Petrol,96.72
2023-05-02,Kolkata,Diesel,92.76
2023-05-02,Kolkata,Petrol,106.03
2023-05-02,Mumbai,Diesel,94.27
2023-05-02,Mumbai,Petrol,106.31
2023-05-03,Chennai,Diesel,94.24
2023-05-03,Chennai,Petrol,102.63
2023-05-03,Delhi,Diesel,89.62
2023-05-03,Delhi,Petrol,96.72
2023-05-03,Kolkata,Diesel,92.76
2023-05-03,Kolkata,Petrol,106.03
2023-05-03,Mumbai,Diesel,94.27
2023-05-03,Mumbai,Petrol,106.31
2023-05-04,Chennai,Diesel,94.24
2023-05-04,Chennai,Petrol,102.63
2023-05-04,Delhi,Diesel,89.62
2023-05-04,Delhi,Petrol,96.72
2023-05-04,Kolkata,Diesel,92.76
2023-05-04,Kolkata,Petrol,106.03
2023-05-04,Mumbai,Diesel,94.27
2023-05-04,Mumbai,Petrol,106.31
2023-05-05,Chennai,Diesel,94.24
2023-05-05,Chennai,Petrol,102.63
2023-05-05,Delhi,Diesel,89.62
2023-05-05,Delhi,Petrol,96.72
2023-05-05,Kolkata,Diesel,92.76
2023-05-05,Kolkata,Petrol,106.03
2023-05-05,Mumbai,Diesel,94.27
2023-05-05,Mumbai,Petrol,106.31
2023-05-06,Chennai,Diesel,94.24
2023-05-06,Chennai,Petrol,102.63
2023-05-06,Delhi,Diesel,89.62
2023-05-06,Delhi,Petrol,96.72
2023-05-06,Kolkata,Diesel,92.76
2023-05-06,Kolkata,Petrol,106.03
2023-05-06,Mumbai,Diesel,94.27
2023-05-06,Mumbai,Petrol,106.31
2023-05-07,Chennai,Diesel,94.24
2023-05-07,Chennai,Petrol,102.63
2023-05-07,Delhi,Diesel,89.62
2023-05-07,Delhi,Petrol,96.72
2023-05-07,Kolkata,Diesel,92.76
2023-05-07,Kolkata,Petrol,106.03
2023-05-07,Mumbai,Diesel,94.27
2023-05-07,Mumbai,Petrol,106.31
2023-05-08,Chennai,Diesel,94.24
2023-05-08,Chennai,Petrol,102.63
2023-05-08,Delhi,Diesel,89.62
2023-05-08,Delhi,Petrol,96.72
2023-05-08,Kolkata,Diesel,92.76
2023-05-08,Kolkata,Petrol,106.03
2023-05-08,Mumbai,Diesel,94.27
2023-05-08,Mumbai,Petrol,106.31
2023-05-09,Chennai,Diesel,94.24
2023-05-09,Chennai,Petrol,102.63
2023-05-09,Delhi,Diesel,89.62
2023-05-09,Delhi,Petrol,96.72
2023-05-09,Kolkata,Diesel,92.76
2023-05-09,Kolkata,Petrol,106.03
2023-05-09,Mumbai,Diesel,94.27
2023-05-09,Mumbai,Petrol,106.31
2023-05-10,Chennai,Diesel,94.24
2023-05-10,Chennai,Petrol,102.63
2023-05-10,Delhi,Diesel,89.62
2023-05-10,Delhi,Petrol,96.72
2023-05-10,Kolkata,Diesel,92.76
2023-05-10,Kolkata,Petrol,106.03
2023-05-10,Mumbai,Diesel,94.27
2023-05-10,Mumbai,Petrol,106.31
2023-05-11,Chennai,Diesel,94.24
2023-05-11,Chennai,Petrol,102.63
2023-05-11,Delhi,Diesel,89.62
2023-05-11,Delhi,Petrol,96.72
2023-05-11,Kolkata,Diesel,92.76
2023-05-11,Kolkata,Petrol,106.03
2023-05-11,Mumbai,Diesel,94.27
2023-05-11,Mumbai,Petrol,106.31
2023-05-12,Chennai,Diesel,94.24
2023-05-12,Chennai,Petrol,102.63
2023-05-12,Delhi,Diesel,89.62
2023-05-12,Delhi,Petrol,96.72
2023-05-12,Kolkata,Diesel,92.76
2023-05-12,Kolkata,Petrol,106.03
2023-05-12,Mumbai,Diesel,94.27
2023-05-12,Mumbai,Petrol,106.31
2023-05-13,Chennai,Diesel,94.24
2023-05-13,Chennai,Petrol,102.63
2023-05-13,Delhi,Diesel,89.62
2023-05-13,Delhi,Petrol,96.72
2023-05-13,Kolkata,Diesel,92.76
2023-05-13,Kolkata,Petrol,106.03
2023-05-13,Mumbai,Diesel,94.27
2023-05-13,Mumbai,Petrol,106.31
2023-05-14,Chennai,Diesel,94.24
2023-05-14,Chennai,Petrol,102.63
2023-05-14,Delhi,Diesel,89.62
2023-05-14,Delhi,Petrol,96.72
2023-05-14,Kolkata,Diesel,92.76
2023-05-14,Kolkata,Petrol,106.03
2023-05-14,Mumbai,Diesel,94.27
2023-05-14,Mumbai,Petrol,106.31
2023-05-15,Chennai,Diesel,94.24
2023-05-15,Chennai,Petrol,102.63
2023-05-15,Delhi,Diesel,89.62
2023-05-15,Delhi,Petrol,96.72
2023-05-15,Kolkata,Diesel,92.76
2023-05-15,Kolkata,Petrol,106.03
2023-05-15,Mumbai,Diesel,94.27
2023-05-15,Mumbai,Petrol,106.31
2023-05-16,Chennai,Diesel,94.24
2023-05-16,Chennai,Petrol,102.63
2023-05-16,Delhi,Diesel,89.62
2023-05-16,Delhi,Petrol,96.72
2023-05-16,Kolkata,Diesel,92.76
2023-05-16,Kolkata,Petrol,106.03
2023-05-16,Mumbai,Diesel,94.27
2023-05-16,Mumbai,Petrol,106.31
2023-05-17,Chennai,Diesel,94.24
2023-05-17,Chennai,Petrol,102.63
2023-05-17,Delhi,Diesel,89.62
2023-05-17,Delhi,Petrol,96.72
2023-05-17,Kolkata,Diesel,92.76
2023-05-17,Kolkata,Petrol,106.03
2023-05-17,Mumbai,Diesel,94.27
2023-05-17,Mumbai,Petrol,106.31
2023-05-18,Chennai,Diesel,94.24
2023-05-18,Chennai,Petrol,102.63
2023-05-18,Delhi,Diesel,89.62
2023-05-18,Delhi,Petrol,96.72
2023-05-18,Kolkata,Diesel,92.76
2023-05-18,Kolkata,Petrol,106.03
2023-05-18,Mumbai,Diesel,94.27
2023-05-18,Mumbai,Petrol,106.31
2023-05-19,Chennai,Diesel,94.24
2023-05-19,Chennai,Petrol,102.63
2023-05-19,Delhi,Diesel,89.62
2023-05-19,Delhi,Petrol,96.72
2023-05-19,Kolkata,Diesel,92.76
2023-05-19,Kolkata,Petrol,106.03
2023-05-19,Mumbai,Diesel,94.27
2023-05-19,Mumbai,Petrol,106.31
2023-05-20,Chennai,Diesel,94.24
2023-05-20,Chennai,Petrol,102.63
2023-05-20,Delhi,Diesel,89.62
2023-05-20,Delhi,Petrol,96.72
2023-05-20,Kolkata,Diesel,92.76
2023-05-20,Kolkata,Petrol,106.03
2023-05-20,Mumbai,Diesel,94.27
2023-05-20,Mumbai,Petrol,106.31
2023-05-21,Chennai,Diesel,94.24
2023-05-21,Chennai,Petrol,102.63
2023-05-21,Delhi,Diesel,89.62
2023-05-21,Delhi,Petrol,96.72
2023-05-21,Kolkata,Diesel,92.76
2023-05-21,Kolkata,Petrol,106.03
2023-05-21,Mumbai,Diesel,94.27
2023-05-21,Mumbai,Petrol,106.31
2023-05-22,Chennai,Diesel,94.24
2023-05-22,Chennai,Petrol,102.63
2023-05-22,Delhi,Diesel,89.62
2023-05-22,Delhi,Petrol,96.72
2023-05-22,Kolkata,Diesel,92.76
2023-05-22,Kolkata,Petrol,106.03
2023-05-22,Mumbai,Diesel,94.27
2023-05-22,Mumbai,Petrol,106.31
2023-05-23,Chennai,Diesel,94.24
2023-05-23,Chennai,Petrol,102.63
2023-05-23,Delhi,Diesel,89.62
2023-05-23,Delhi,Petrol,96.72
2023-05-23,Kolkata,Diesel,92.76
2023-05-23,Kolkata,Petrol,106.03
2023-05-23,Mumbai,Diesel,94.27
2023-05-23,Mumbai,Petrol,106.31
2023-05-24,Chennai,Diesel,94.24
2023-05-24,Chennai,Petrol,102.63
2023-05-24,Delhi,Diesel,89.62
2023-05-24,Delhi,Petrol,96.72
2023-05-24,Kolkata,Diesel,92.76
2023-05-24,Kolkata,Petrol,106.03
2023-05-24,Mumbai,Diesel,94.27
2023-05-24,Mumbai,Petrol,106.31
2023-05-25,Chennai,Diesel,94.24
2023-05-25,Chennai,Petrol,102.63
2023-05-25,Delhi,Diesel,89.62
2023-05-25,Delhi,Petrol,96.72
2023-05-25,Kolkata,Diesel,92.76
2023-05-25,Kolkata,Petrol,106.03
2023-05-25,Mumbai,Diesel,94.27
2023-05-25,Mumbai,Petrol,106.31
2023-05-26,Chennai,Diesel,94.24
2023-05-26,Chennai,Petrol,102.63
2023-05-26,Delhi,Diesel,89.62
2023-05-26,Delhi,Petrol,96.72
2023-05-26,Kolkata,Diesel,92.76
2023-05-26,Kolkata,Petrol,106.03
2023-05-26,Mumbai,Diesel,94.27
2023-05-26,Mumbai,Petrol,106.31
2023-05-27,Chennai,Diesel,94.24
2023-05-27,Chennai,Petrol,102.63
2023-05-27,Delhi,Diesel,89.62
2023-05-27,Delhi,Petrol,96.72
2023-05-27,Kolkata,Diesel,92.76
2023-05-27,Kolkata,Petrol,106.03
2023-05-27,Mumbai,Diesel,94.27
2023-05-27,Mumbai,Petrol,106.31
2023-05-28,Chennai,Diesel,94.24
2023-05-28,Chennai,Petrol,102.63
2023-05-28,Delhi,Diesel,89.62
2023-05-28,Delhi,Petrol,96.72
2023-05-28,Kolkata,Diesel,92.76
2023-05-28,Kolkata,Petrol,106.03
2023-05-28,Mumbai,Diesel,94.27
2023-05-28,Mumbai,Petrol,106.31
2023-05-29,Chennai,Diesel,94.24
2023-05-29,Chennai,Petrol,102.63
2023-05-29,Delhi,Diesel,89.62
2023-05-29,Delhi,Petrol,96.72
2023-05-29,Kolkata,Diesel,92.76
2023-05-29,Kolkata,Petrol,106.03
2023-05-29,Mumbai,Diesel,94.27
2023-05-29,Mumbai,Petrol,106.31
2023-05-30,Chennai,Diesel,94.24
2023-05-30,Chennai,Petrol,102.63
2023-05-30,Delhi,Diesel,89.62
2023-05-30,Delhi,Petrol,96.72
2023-05-30,Kolkata,Diesel,92.76
2023-05-30,Kolkata,Petrol,106.03
2023-05-30,Mumbai,Diesel,94.27
2023-05-30,Mumbai,Petrol,106.31
2023-05-31,Chennai,Diesel,94.24
2023-05-31,Chennai,Petrol,102.63
2023-05-31,Delhi,Diesel,89.62
2023-05-31,Delhi,Petrol,96.72
2023-05-31,Kolkata,Diesel,92.76
2023-05-31,Kolkata,Petrol,106.03
2023-05-31,Mumbai,Diesel,94.27
2023-05-31,Mumbai,Petrol,106.31
2023-06-01,Chennai,Diesel,94.24
2023-06-01,Chennai,Petrol,102.63
2023-06-01,Delhi,Diesel,89.62
2023-06-01,Delhi,Petrol,96.72
2023-06-01,Kolkata,Diesel,92.76
2023-06-01,Kolkata,Petrol,106.03
2023-06-01,Mumbai,Diesel,94.27
2023-06-01,Mumbai,Petrol,106.31
2023-06-02,Chennai,Diesel,94.24
2023-06-02,Chennai,Petrol,102.63
2023-06-02,Delhi,Diesel,89.62
2023-06-02,Delhi,Petrol,96.72
2023-06-02,Kolkata,Diesel,92.76
2023-06-02,Kolkata,Petrol,106.03
2023-06-02,Mumbai,Diesel,94.27
2023-06-02,Mumbai,Petrol,106.31
2023-06-03,Chennai,Diesel,94.24
2023-06-03,Chennai,Petrol,102.63
2023-06-03,Delhi,Diesel,89.62
2023-06-03,Delhi,Petrol,96.72
2023-06-03,Kolkata,Diesel,92.76
2023-06-03,Kolkata,Petrol,106.03
2023-06-03,Mumbai,Diesel,94.27
2023-06-03,Mumbai,Petrol,106.31
2023-06-04,Chennai,Diesel,94.24
2023-06-04,Chennai,Petrol,102.63
2023-06-04,Delhi,Diesel,89.62
2023-06-04,Delhi,Petrol,96.72
2023-06-04,Kolkata,Diesel,92.76
2023-06-04,Kolkata,Petrol,106.03
2023-06-04,Mumbai,Diesel,94.27
2023-06-04,Mumbai,Petrol,106.31
2023-06-05,Chennai,Diesel,94.24
2023-06-05,Chennai,Petrol,102.63
2023-06-05,Delhi,Diesel,89.62
2023-06-05,Delhi,Petrol,96.72
2023-06-05,Kolkata,Diesel,92.76
2023-06-05,Kolkata,Petrol,106.03
2023-06-05,Mumbai,Diesel,94.27
2023-06-05,Mumbai,Petrol,106.31
2023-06-06,Chennai,Diesel,94.24
2023-06-06,Chennai,Petrol,102.63
2023-06-06,Delhi,Diesel,89.62
2023-06-06,Delhi,Petrol,96.72
2023-06-06,Kolkata,Diesel,92.76
2023-06-06,Kolkata,Petrol,106.03
2023-06-06,Mumbai,Diesel,94.27
2023-06-06,Mumbai,Petrol,106.31
2023-06-07,Chennai,Diesel,94.24
2023-06-07,Chennai,Petrol,102.63
2023-06-07,Delhi,Diesel,89.62
2023-06-07,Delhi,Petrol,96.72
2023-06-07,Kolkata,Diesel,92.76
2023-06-07,Kolkata,Petrol,106.03
2023-06-07,Mumbai,Diesel,94.27
2023-06-07,Mumbai,Petrol,106.31
2023-06-08,Chennai,Diesel,94.24
2023-06-08,Chennai,Petrol,102.63
2023-06-08,Delhi,Diesel,89.62
2023-06-08,Delhi,Petrol,96.72
2023-06-08,Kolkata,Diesel,92.76
2023-06-08,Kolkata,Petrol,106.03
2023-06-08,Mumbai,Diesel,94.27
2023-06-08,Mumbai,Petrol,106.31
2023-06-09,Chennai,Diesel,94.24
2023-06-09,Chennai,Petrol,102.63
2023-06-09,Delhi,Diesel,89.62
2023-06-09,Delhi,Petrol,96.72
2023-06-09,Kolkata,Diesel,92.76
2023-06-09,Kolkata,Petrol,106.03
2023-06-09,Mumbai,Diesel,94.27
2023-06-09,Mumbai,Petrol,106.31
2023-06-10,Chennai,Diesel,94.24
2023-06-10,Chennai,Petrol,102.63
2023-06-10,Delhi,Diesel,89.62
2023-06-10,Delhi,Petrol,96.72
2023-06-10,Kolkata,Diesel,92.76
2023-06-10,Kolkata,Petrol,106.03
2023-06-10,Mumbai,Diesel,94.27
2023-06-10,Mumbai,Petrol,106.31
2023-06-11,Chennai,Diesel,94.24
2023-06-11,Chennai,Petrol,102.63
2023-06-11,Delhi,Diesel,89.62
2023-06-11,Delhi,Petrol,96.72
2023-06-11,Kolkata,Diesel,92.76
2023-06-11,Kolkata,Petrol,106.03
2023-06-11,Mumbai,Diesel,94.27
2023-06-11,Mumbai,Petrol,106.31
2023-06-12,Chennai,Diesel,94.24
2023-06-12,Chennai,Petrol,102.63
2023-06-12,Delhi,Diesel,89.62
2023-06-12,Delhi,Petrol,96.72
2023-06-12,Kolkata,Diesel,92.76
2023-06-12,Kolkata,Petrol,106.03
2023-06-12,Mumbai,Diesel,94.27
2023-06-12,Mumbai,Petrol,106.31
2023-06-13,Chennai,Diesel,94.24
2023-06-13,Chennai,Petrol,102.63
2023-06-13,Delhi,Diesel,89.62
2023-06-13,Delhi,Petrol,96.72
2023-06-13,Kolkata,Diesel,92.76
2023-06-13,Kolkata,Petrol,106.03
2023-06-13,Mumbai,Diesel,94.27
2023-06-13,Mumbai,Petrol,106.31
2023-06-14,Chennai,Diesel,94.24
2023-06-14,Chennai,Petrol,102.63
2023-06-14,Delhi,Diesel,89.62
2023-06-14,Delhi,Petrol,96.72
2023-06-14,Kolkata,Diesel,92.76
2023-06-14,Kolkata,Petrol,106.03
2023-06-14,Mumbai,Diesel,94.27
2023-06-14,Mumbai,Petrol,106.31
2023-06-15,Chennai,Diesel,94.24
2023-06-15,Chennai,Petrol,102.63
2023-06-15,Delhi,Diesel,89.62
2023-06-15,Delhi,Petrol,96.72
2023-06-15,Kolkata,Diesel,92.76
2023-06-15,Kolkata,Petrol,106.03
2023-06-15,Mumbai,Diesel,94.27
2023-06-15,Mumbai,Petrol,106.31
2023-06-16,Chennai,Diesel,94.24
2023-06-16,Chennai,Petrol,102.63
2023-06-16,Delhi,Diesel,89.62
2023-06-16,Delhi,Petrol,96.72
2023-06-16,Kolkata,Diesel,92.76
2023-06-16,Kolkata,Petrol,106.03
2023-06-16,Mumbai,Diesel,94.27
2023-06-16,Mumbai,Petrol,106.31
2023-06-17,Chennai,Diesel,94.24
2023-06-17,Chennai,Petrol,102.63
2023-06-17,Delhi,Diesel,89.62
2023-06-17,Delhi,Petrol,96.72
2023-06-17,Kolkata,Diesel,92.76
2023-06-17,Kolkata,Petrol,106.03
2023-06-17,Mumbai,Diesel,94.27
2023-06-17,Mumbai,Petrol,106.31
2023-06-18,Chennai,Diesel,94.24
2023-06-18,Chennai,Petrol,102.63
2023-06-18,Delhi,Diesel,89.62
2023-06-18,Delhi,Petrol,96.72
2023-06-18,Kolkata,Diesel,92.76
2023-06-18,Kolkata,Petrol,106.03
2023-06-18,Mumbai,Diesel,94.27
2023-06-18,Mumbai,Petrol,106.31
2023-06-19,Chennai,Diesel,94.24
2023-06-19,Chennai,Petrol,102.63
2023-06-19,Delhi,Diesel,89.62
2023-06-19,Delhi,Petrol,96.72
2023-06-19,Kolkata,Diesel,92.76
2023-06-19,Kolkata,Petrol,106.03
2023-06-19,Mumbai,Diesel,94.27
2023-06-19,Mumbai,Petrol,106.31
2023-06-20,Chennai,Diesel,94.24
2023-06-20,Chennai,Petrol,102.63
2023-06-20,Delhi,Diesel,89.62
2023-06-20,Delhi,Petrol,96.72
2023-06-20,Kolkata,Diesel,92.76
2023-06-20,Kolkata,Petrol,106.03
2023-06-20,Mumbai,Diesel,94.27
2023-06-20,Mumbai,Petrol,106.31
2023-06-21,Chennai,Diesel,94.24
2023-06-21,Chennai,Petrol,102.63
2023-06-21,Delhi,Diesel,89.62
2023-06-21,Delhi,Petrol,96.72
2023-06-21,Kolkata,Diesel,92.76
2023-06-21,Kolkata,Petrol,106.03
2023-06-21,Mumbai,Diesel,94.27
2023-06-21,Mumbai,Petrol,106.31
2023-06-22,Chennai,Diesel,94.24
2023-06-22,Chennai,Petrol,102.63
2023-06-22,Delhi,Diesel,89.62
2023-06-22,Delhi,Petrol,96.72
2023-06-22,Kolkata,Diesel,92.76
2023-06-22,Kolkata,Petrol,106.03
2023-06-22,Mumbai,Diesel,94.27
2023-06-22,Mumbai,Petrol,106.31
2023-06-23,Chennai,Diesel,94.24
2023-06-23,Chennai,Petrol,102.63
2023-06-23,Delhi,Diesel,89.62
2023-06-23,Delhi,Petrol,96.72
2023-06-23,Kolkata,Diesel,92.76
2023-06-23,Kolkata,Petrol,106.03
2023-06-23,Mumbai,Diesel,94.27
2023-06-23,Mumbai,Petrol,106.31
2023-06-24,Chennai,Diesel,94.24
2023-06-24,Chennai,Petrol,102.63
2023-06-24,Delhi,Diesel,89.62
2023-06-24,Delhi,Petrol,96.72
2023-06-24,Kolkata,Diesel,92.76
2023-06-24,Kolkata,Petrol,106.03
2023-06-24,Mumbai,Diesel,94.27
2023-06-24,Mumbai,Petrol,106.31
2023-06-25,Chennai,Diesel,94.24
2023-06-25,Chennai,Petrol,102.63
2023-06-25,Delhi,Diesel,89.62
2023-06-25,Delhi,Petrol,96.72
2023-06-25,Kolkata,Diesel,92.76
2023-06-25,Kolkata,Petrol,106.03
2023-06-25,Mumbai,Diesel,94.27
2023-06-25,Mumbai,Petrol,106.31
2023-06-26,Chennai,Diesel,94.24
2023-06-26,Chennai,Petrol,102.63
2023-06-26,Delhi,Diesel,89.62
2023-06-26,Delhi,Petrol,96.72
2023-06-26,Kolkata,Diesel,92.76
2023-06-26,Kolkata,Petrol,106.03
2023-06-26,Mumbai,Diesel,94.27
2023-06-26,Mumbai,Petrol,106.31
2023-06-27,Chennai,Diesel,94.24
2023-06-27,Chennai,Petrol,102.63
2023-06-27,Delhi,Diesel,89.62
2023-06-27,Delhi,Petrol,96.72
2023-06-27,Kolkata,Diesel,92.76
2023-06-27,Kolkata,Petrol,106.03
2023-06-27,Mumbai,Diesel,94.27
2023-06-27,Mumbai,Petrol,106.31
2023-06-28,Chennai,Diesel,94.24
2023-06-28,Chennai,Petrol,102.63
2023-06-28,Delhi,Diesel,89.62
2023-06-28,Delhi,Petrol,96.72
2023-06-28,Kolkata,Diesel,92.76
2023-06-28,Kolkata,Petrol,106.03
2023-06-28,Mumbai,Diesel,94.27
2023-06-28,Mumbai,Petrol,106.31
2023-06-29,Chennai,Diesel,94.24
2023-06-29,Chennai,Petrol,102.63
2023-06-29,Delhi,Diesel,89.62
2023-06-29,Delhi,Petrol,96.72
2023-06-29,Kolkata,Diesel,92.76
2023-06-29,Kolkata,Petrol,106.03
2023-06-29,Mumbai,Diesel,94.27
2023-06-29,Mumbai,Petrol,106.31
2023-06-30,Chennai,Diesel,94.24
2023-06-30,Chennai,Petrol,102.63
2023-06-30,Delhi,Diesel,89.62
2023-06-30,Delhi,Petrol,96.72
2023-06-30,Kolkata,Diesel,92.76
2023-06-30,Kolkata,Petrol,106.03
2023-06-30,Mumbai,Diesel,94.27
2023-06-30,Mumbai,Petrol,106.31
2023-07-01,Chennai,Diesel,94.24
2023-07-01,Chennai,Petrol,102.63
2023-07-01,Delhi,Diesel,89.62
2023-07-01,Delhi,Petrol,96.72
2023-07-01,Kolkata,Diesel,92.76
2023-07-01,Kolkata,Petrol,106.03
2023-07-01,Mumbai,Diesel,94.27
2023-07-01,Mumbai,Petrol,106.31
2023-07-02,Chennai,Diesel,94.24
2023-07-02,Chennai,Petrol,102.63
2023-07-02,Delhi,Diesel,89.62
2023-07-02,Delhi,Petrol,96.72
2023-07-02,Kolkata,Diesel,92.76
2023-07-02,Kolkata,Petrol,106.03
2023-07-02,Mumbai,Diesel,94.27
2023-07-02,Mumbai,Petrol,106.31
2023-07-03,Chennai,Diesel,94.24
2023-07-03,Chennai,Petrol,102.63
2023-07-03,Delhi,Diesel,89.62
2023-07-03,Delhi,Petrol,96.72
2023-07-03,Kolkata,Diesel,92.76
2023-07-03,Kolkata,Petrol,106.03
2023-07-03,Mumbai,Diesel,94.27
2023-07-03,Mumbai,Petrol,106.31
2023-07-04,Chennai,Diesel,94.24
2023-07-04,Chennai,Petrol,102.63
2023-07-04,Delhi,Diesel,89.62
2023-07-04,Delhi,Petrol,96.72
2023-07-04,Kolkata,Diesel,92.76
2023-07-04,Kolkata,Petrol,106.03
2023-07-04,Mumbai,Diesel,94.27
2023-07-04,Mumbai,Petrol,106.31
2023-07-05,Chennai,Diesel,94.24
2023-07-05,Chennai,Petrol,102.63
2023-07-05,Delhi,Diesel,89.62
2023-07-05,Delhi,Petrol,96.72
2023-07-05,Kolkata,Diesel,92.76
2023-07-05,Kolkata,Petrol,106.03
2023-07-05,Mumbai,Diesel,94.27
2023-07-05,Mumbai,Petrol,106.31
2023-07-06,Chennai,Diesel,94.24
2023-07-06,Chennai,Petrol,102.63
2023-07-06,Delhi,Diesel,89.62
2023-07-06,Delhi,Petrol,96.72
2023-07-06,Kolkata,Diesel,92.76
2023-07-06,Kolkata,Petrol,106.03
2023-07-06,Mumbai,Diesel,94.27
2023-07-06,Mumbai,Petrol,106.31
2023-07-07,Chennai,Diesel,94.24
2023-07-07,Chennai,Petrol,102.63
2023-07-07,Delhi,Diesel,89.62
2023-07-07,Delhi,Petrol,96.72
2023-07-07,Kolkata,Diesel,92.76
2023-07-07,Kolkata,Petrol,106.03
2023-07-07,Mumbai,Diesel,94.27
2023-07-07,Mumbai,Petrol,106.31
2023-07-08,Chennai,Diesel,94.24
2023-07-08,Chennai,Petrol,102.63
2023-07-08,Delhi,Diesel,89.62
2023-07-08,Delhi,Petrol,96.72
2023-07-08,Kolkata,Diesel,92.76
2023-07-08,Kolkata,Petrol,106.03
2023-07-08,Mumbai,Diesel,94.27
2023-07-08,Mumbai,Petrol,106.31
2023-07-09,Chennai,Diesel,94.24
2023-07-09,Chennai,Petrol,102.63
2023-07-09,Delhi,Diesel,89.62
2023-07-09,Delhi,Petrol,96.72
2023-07-09,Kolkata,Diesel,92.76
2023-07-09,Kolkata,Petrol,106.03
2023-07-09,Mumbai,Diesel,94.27
2023-07-09,Mumbai,Petrol,106.31
2023-07-10,Chennai,Diesel,94.24
2023-07-10,Chennai,Petrol,102.63
2023-07-10,Delhi,Diesel,89.62
2023-07-10,Delhi,Petrol,96.72
2023-07-10,Kolkata,Diesel,92.76
2023-07-10,Kolkata,Petrol,106.03
2023-07-10,Mumbai,Diesel,94.27
2023-07-10,Mumbai,Petrol,106.31
2023-07-11,Chennai,Diesel,94.24
2023-07-11,Chennai,Petrol,102.63
2023-07-11,Delhi,Diesel,89.62
2023-07-11,Delhi,Petrol,96.72
2023-07-11,Kolkata,Diesel,92.76
2023-07-11,Kolkata,Petrol,106.03
2023-07-11,Mumbai,Diesel,94.27
2023-07-11,Mumbai,Petrol,106.31
2023-07-12,Chennai,Diesel,94.24
2023-07-12,Chennai,Petrol,102.63
2023-07-12,Delhi,Diesel,89.62
2023-07-12,Delhi,Petrol,96.72
2023-07-12,Kolkata,Diesel,92.76
2023-07-12,Kolkata,Petrol,106.03
2023-07-12,Mumbai,Diesel,94.27
2023-07-12,Mumbai,Petrol,106.31
2023-07-13,Chennai,Diesel,94.24
2023-07-13,Chennai,Petrol,102.63
2023-07-13,Delhi,Diesel,89.62
2023-07-13,Delhi,Petrol,96.72
2023-07-13,Kolkata,Diesel,92.76
2023-07-13,Kolkata,Petrol,106.03
2023-07-13,Mumbai,Diesel,94.27
2023-07-13,Mumbai,Petrol,106.31
2023-07-14,Chennai,Diesel,94.24
2023-07-14,Chennai,Petrol,102.63
2023-07-14,Delhi,Diesel,89.62
2023-07-14,Delhi,Petrol,96.72
2023-07-14,Kolkata,Diesel,92.76
2023-07-14,Kolkata,Petrol,106.03
2023-07-14,Mumbai,Diesel,94.27
2023-07-14,Mumbai,Petrol,106.31
2023-07-15,Chennai,Diesel,94.24
2023-07-15,Chennai,Petrol,102.63
2023-07-15,Delhi,Diesel,89.62
2023-07-15,Delhi,Petrol,96.72
2023-07-15,Kolkata,Diesel,92.76
2023-07-15,Kolkata,Petrol,106.03
2023-07-15,Mumbai,Diesel,94.27
2023-07-15,Mumbai,Petrol,106.31
2023-07-16,Chennai,Diesel,94.24
2023-07-16,Chennai,Petrol,102.63
2023-07-16,Delhi,Diesel,89.62
2023-07-16,Delhi,Petrol,96.72
2023-07-16,Kolkata,Diesel,92.76
2023-07-16,Kolkata,Petrol,106.03
2023-07-16,Mumbai,Diesel,94.27
2023-07-16,Mumbai,Petrol,106.31
2023-07-17,Chennai,Diesel,94.24
2023-07-17,Chennai,Petrol,102.63
2023-07-17,Delhi,Diesel,89.62
2023-07-17,Delhi,Petrol,96.72
2023-07-17,Kolkata,Diesel,92.76
2023-07-17,Kolkata,Petrol,106.03
2023-07-17,Mumbai,Diesel,94.27
2023-07-17,Mumbai,Petrol,106.31
2023-07-18,Chennai,Diesel,94.24
2023-07-18,Chennai,Petrol,102.63
2023-07-18,Delhi,Diesel,89.62
2023-07-18,Delhi,Petrol,96.72
2023-07-18,Kolkata,Diesel,92.76
2023-07-18,Kolkata,Petrol,106.03
2023-07-18,Mumbai,Diesel,94.27
2023-07-18,Mumbai,Petrol,106.31
2023-07-19,Chennai,Diesel,94.24
2023-07-19,Chennai,Petrol,102.63
2023-07-19,Delhi,Diesel,89.62
2023-07-19,Delhi,Petrol,96.72
2023-07-19,Kolkata,Diesel,92.76
2023-07-19,Kolkata,Petrol,106.03
2023-07-19,Mumbai,Diesel,94.27
2023-07-19,Mumbai,Petrol,106.31
2023-07-20,Chennai,Diesel,94.24
2023-07-20,Chennai,Petrol,102.63
2023-07-20,Delhi,Diesel,89.62
2023-07-20,Delhi,Petrol,96.72
2023-07-20,Kolkata,Diesel,92.76
2023-07-20,Kolkata,Petrol,106.03
2023-07-20,Mumbai,Diesel,94.27
2023-07-20,Mumbai,Petrol,106.31
2023-07-21,Chennai,Diesel,94.24
2023-07-21,Chennai,Petrol,102.63
2023-07-21,Delhi,Diesel,89.62
2023-07-21,Delhi,Petrol,96.72
2023-07-21,Kolkata,Diesel,92.76
2023-07-21,Kolkata,Petrol,106.03
2023-07-21,Mumbai,Diesel,94.27
2023-07-21,Mumbai,Petrol,106.31
2023-07-22,Chennai,Diesel,94.24
2023-07-22,Chennai,Petrol,102.63
2023-07-22,Delhi,Diesel,89.62
2023-07-22,Delhi,Petrol,96.72
2023-07-22,Kolkata,Diesel,92.76
2023-07-22,Kolkata,Petrol,106.03
2023-07-22,Mumbai,Diesel,94.27
2023-07-22,Mumbai,Petrol,106.31
2023-07-23,Chennai,Diesel,94.24
2023-07-23,Chennai,Petrol,102.63
2023-07-23,Delhi,Diesel,89.62
2023-07-23,Delhi,Petrol,96.72
2023-07-23,Kolkata,Diesel,92.76
2023-07-23,Kolkata,Petrol,106.03
2023-07-23,Mumbai,Diesel,94.27
2023-07-23,Mumbai,Petrol,106.31
2023-07-24,Chennai,Diesel,94.24
2023-07-24,Chennai,Petrol,102.63
2023-07-24,Delhi,Diesel,89.62
2023-07-24,Delhi,Petrol,96.72
2023-07-24,Kolkata,Diesel,92.76
2023-07-24,Kolkata,Petrol,106.03
2023-07-24,Mumbai,Diesel,94.27
2023-07-24,Mumbai,Petrol,106.31
2023-07-25,Chennai,Diesel,94.24
2023-07-25,Chennai,Petrol,102.63
2023-07-25,Delhi,Diesel,89.62
2023-07-25,Delhi,Petrol,96.72
2023-07-25,Kolkata,Diesel,92.76
2023-07-25,Kolkata,Petrol,106.03
2023-07-25,Mumbai,Diesel,94.27
2023-07-25,Mumbai,Petrol,106.31
2023-07-26,Chennai,Diesel,94.24
2023-07-26,Chennai,Petrol,102.63
2023-07-26,Delhi,Diesel,89.62
2023-07-26,Delhi,Petrol,96.72
2023-07-26,Kolkata,Diesel,92.76
2023-07-26,Kolkata,Petrol,106.03
2023-07-26,Mumbai,Diesel,94.27
2023-07-26,Mumbai,Petrol,106.31
2023-07-27,Chennai,Diesel,94.24
2023-07-27,Chennai,Petrol,102.63
2023-07-27,Delhi,Diesel,89.62
2023-07-27,Delhi,Petrol,96.72
2023-07-27,Kolkata,Diesel,92.76
2023-07-27,Kolkata,Petrol,106.03
2023-07-27,Mumbai,Diesel,94.27
2023-07-27,Mumbai,Petrol,106.31
2023-07-28,Chennai,Diesel,94.24
2023-07-28,Chennai,Petrol,102.63
2023-07-28,Delhi,Diesel,89.62
2023-07-28,Delhi,Petrol,96.72
2023-07-28,Kolkata,Diesel,92.76
2023-07-28,Kolkata,Petrol,106.03
2023-07-28,Mumbai,Diesel,94.27
2023-07-28,Mumbai,Petrol,106.31
2023-07-29,Chennai,Diesel,94.24
2023-07-29,Chennai,Petrol,102.63
2023-07-29,Delhi,Diesel,89.62
2023-07-29,Delhi,Petrol,96.72
2023-07-29,Kolkata,Diesel,92.76
2023-07-29,Kolkata,Petrol,106.03
2023-07-29,Mumbai,Diesel,94.27
2023-07-29,Mumbai,Petrol,106.31
2023-07-30,Chennai,Diesel,94.24
2023-07-30,Chennai,Petrol,102.63
2023-07-30,Delhi,Diesel,89.62
2023-07-30,Delhi,Petrol,96.72
2023-07-30,Kolkata,Diesel,92.76
2023-07-30,Kolkata,Petrol,106.03
2023-07-30,Mumbai,Diesel,94.27
2023-07-30,Mumbai,Petrol,106.31
2023-07-31,Chennai,Diesel,94.24
2023-07-31,Chennai,Petrol,102.63
2023-07-31,Delhi,Diesel,89.62
2023-07-31,Delhi,Petrol,96.72
2023-07-31,Kolkata,Diesel,92.76
2023-07-31,Kolkata,Petrol,106.03
2023-07-31,Mumbai,Diesel,94.27
2023-07-31,Mumbai,Petrol,106.31
2023-08-01,Chennai,Diesel,94.24
2023-08-01,Chennai,Petrol,102.63
2023-08-01,Delhi,Diesel,89.62
2023-08-01,Delhi,Petrol,96.72
2023-08-01,Kolkata,Diesel,92.76
2023-08-01,Kolkata,Petrol,106.03
2023-08-01,Mumbai,Diesel,94.27
2023-08-01,Mumbai,Petrol,106.31
2023-08-02,Chennai,Diesel,94.24
2023-08-02,Chennai,Petrol,102.63
2023-08-02,Delhi,Diesel,89.62
2023-08-02,Delhi,Petrol,96.72
2023-08-02,Kolkata,Diesel,92.76
2023-08-02,Kolkata,Petrol,106.03
2023-08-02,Mumbai,Diesel,94.27
2023-08-02,Mumbai,Petrol,106.31
2023-08-03,Chennai,Diesel,94.24
2023-08-03,Chennai,Petrol,102.63
2023-08-03,Delhi,Diesel,89.62
2023-08-03,Delhi,Petrol,96.72
2023-08-03,Kolkata,Diesel,92.76
2023-08-03,Kolkata,Petrol,106.03
2023-08-03,Mumbai,Diesel,94.27
2023-08-03,Mumbai,Petrol,106.31
2023-08-04,Chennai,Diesel,94.24
2023-08-04,Chennai,Petrol,102.63
2023-08-04,Delhi,Diesel,89.62
2023-08-04,Delhi,Petrol,96.72
2023-08-04,Kolkata,Diesel,92.76
2023-08-04,Kolkata,Petrol,106.03
2023-08-04,Mumbai,Diesel,94.27
2023-08-04,Mumbai,Petrol,106.31
2023-08-05,Chennai,Diesel,94.24
2023-08-05,Chennai,Petrol,102.63
2023-08-05,Delhi,Diesel,89.62
2023-08-05,Delhi,Petrol,96.72
2023-08-05,Kolkata,Diesel,92.76
2023-08-05,Kolkata,Petrol,106.03
2023-08-05,Mumbai,Diesel,94.27
2023-08-05,Mumbai,Petrol,106.31
2023-08-06,Chennai,Diesel,94.24
2023-08-06,Chennai,Petrol,102.63
2023-08-06,Delhi,Diesel,89.62
2023-08-06,Delhi,Petrol,96.72
2023-08-06,Kolkata,Diesel,92.76
2023-08-06,Kolkata,Petrol,106.03
2023-08-06,Mumbai,Diesel,94.27
2023-08-06,Mumbai,Petrol,106.31
2023-08-07,Chennai,Diesel,94.24
2023-08-07,Chennai,Petrol,102.63
2023-08-07,Delhi,Diesel,89.62
2023-08-07,Delhi,Petrol,96.72
2023-08-07,Kolkata,Diesel,92.76
2023-08-07,Kolkata,Petrol,106.03
2023-08-07,Mumbai,Diesel,94.27
2023-08-07,Mumbai,Petrol,106.31
2023-08-08,Chennai,Diesel,94.24
2023-08-08,Chennai,Petrol,102.63
2023-08-08,Delhi,Diesel,89.62
2023-08-08,Delhi,Petrol,96.72
2023-08-08,Kolkata,Diesel,92.76
2023-08-08,Kolkata,Petrol,106.03
2023-08-08,Mumbai,Diesel,94.27
2023-08-08,Mumbai,Petrol,106.31
2023-08-09,Chennai,Diesel,94.24
2023-08-09,Chennai,Petrol,102.63
2023-08-09,Delhi,Diesel,89.62
2023-08-09,Delhi,Petrol,96.72
2023-08-09,Kolkata,Diesel,92.76
2023-08-09,Kolkata,Petrol,106.03
2023-08-09,Mumbai,Diesel,94.27
2023-08-09,Mumbai,Petrol,106.31
2023-08-10,Chennai,Diesel,94.24
2023-08-10,Chennai,Petrol,102.63
2023-08-10,Delhi,Diesel,89.62
2023-08-10,Delhi,Petrol,96.72
2023-08-10,Kolkata,Diesel,92.76
2023-08-10,Kolkata,Petrol,106.03
2023-08-10,Mumbai,Diesel,94.27
2023-08-10,Mumbai,Petrol,106.31
2023-08-11,Chennai,Diesel,94.24
2023-08-11,Chennai,Petrol,102.63
2023-08-11,Delhi,Diesel,89.62
2023-08-11,Delhi,Petrol,96.72
2023-08-11,Kolkata,Diesel,92.76
2023-08-11,Kolkata,Petrol,106.03
2023-08-11,Mumbai,Diesel,94.27
2023-08-11,Mumbai,Petrol,106.31
2023-08-12,Chennai,Diesel,94.24
2023-08-12,Chennai,Petrol,102.63
2023-08-12,Delhi,Diesel,89.62
2023-08-12,Delhi,Petrol,96.72
2023-08-12,Kolkata,Diesel,92.76
2023-08-12,Kolkata,Petrol,106.03
2023-08-12,Mumbai,Diesel,94.27
2023-08-12,Mumbai,Petrol,106.31
2023-08-13,Chennai,Diesel,94.24
2023-08-13,Chennai,Petrol,102.63
2023-08-13,Delhi,Diesel,89.62
2023-08-13,Delhi,Petrol,96.72
2023-08-13,Kolkata,Diesel,92.76
2023-08-13,Kolkata,Petrol,106.03
2023-08-13,Mumbai,Diesel,94.27
2023-08-13,Mumbai,Petrol,106.31
2023-08-14,Chennai,Diesel,94.24
2023-08-14,Chennai,Petrol,102.63
2023-08-14,Delhi,Diesel,89.62
2023-08-14,Delhi,Petrol,96.72
2023-08-14,Kolkata,Diesel,92.76
2023-08-14,Kolkata,Petrol,106.03
2023-08-14,Mumbai,Diesel,94.27
2023-08-14,Mumbai,Petrol,106.31
2023-08-15,Chennai,Diesel,94.24
2023-08-15,Chennai,Petrol,102.63
2023-08-15,Delhi,Diesel,89.62
2023-08-15,Delhi,Petrol,96.72
2023-08-15,Kolkata,Diesel,92.76
2023-08-15,Kolkata,Petrol,106.03
2023-08-15,Mumbai,Diesel,94.27
2023-08-15,Mumbai,Petrol,106.31
2023-08-16,Chennai,Diesel,94.24
2023-08-16,Chennai,Petrol,102.63
2023-08-16,Delhi,Diesel,89.62
2023-08-16,Delhi,Petrol,96.72
2023-08-16,Kolkata,Diesel,92.76
2023-08-16,Kolkata,Petrol,106.03
2023-08-16,Mumbai,Diesel,94.27
2023-08-16,Mumbai,Petrol,106.31
2023-08-17,Chennai,Diesel,94.24
2023-08-17,Chennai,Petrol,102.63
2023-08-17,Delhi,Diesel,89.62
2023-08-17,Delhi,Petrol,96.72
2023-08-17,Kolkata,Diesel,92.76
2023-08-17,Kolkata,Petrol,106.03
2023-08-17,Mumbai,Diesel,94.27
2023-08-17,Mumbai,Petrol,106.31
2023-08-18,Chennai,Diesel,94.24
2023-08-18,Chennai,Petrol,102.63
2023-08-18,Delhi,Diesel,89.62
2023-08-18,Delhi,Petrol,96.72
2023-08-18,Kolkata,Diesel,92.76
2023-08-18,Kolkata,Petrol,106.03
2023-08-18,Mumbai,Diesel,94.27
2023-08-18,Mumbai,Petrol,106.31
2023-08-19,Chennai,Diesel,94.24
2023-08-19,Chennai,Petrol,102.63
2023-08-19,Delhi,Diesel,89.62
2023-08-19,Delhi,Petrol,96.72
2023-08-19,Kolkata,Diesel,92.76
2023-08-19,Kolkata,Petrol,106.03
2023-08-19,Mumbai,Diesel,94.27
2023-08-19,Mumbai,Petrol,106.31
2023-08-20,Chennai,Diesel,94.24
2023-08-20,Chennai,Petrol,102.63
2023-08-20,Delhi,Diesel,89.62
2023-08-20,Delhi,Petrol,96.72
2023-08-20,Kolkata,Diesel,92.76
2023-08-20,Kolkata,Petrol,106.03
2023-08-20,Mumbai,Diesel,94.27
2023-08-20,Mumbai,Petrol,106.31
2023-08-21,Chennai,Diesel,94.24
2023-08-21,Chennai,Petrol,102.63
2023-08-21,Delhi,Diesel,89.62
2023-08-21,Delhi,Petrol,96.72
2023-08-21,Kolkata,Diesel,92.76
2023-08-21,Kolkata,Petrol,106.03
2023-08-21,Mumbai,Diesel,94.27
2023-08-21,Mumbai,Petrol,106.31
2023-08-22,Chennai,Diesel,94.24
2023-08-22,Chennai,Petrol,102.63
2023-08-22,Delhi,Diesel,89.62
2023-08-22,Delhi,Petrol,96.72
2023-08-22,Kolkata,Diesel,92.76
2023-08-22,Kolkata,Petrol,106.03
2023-08-22,Mumbai,Diesel,94.27
2023-08-22,Mumbai,Petrol,106.31
2023-08-23,Chennai,Diesel,94.24
2023-08-23,Chennai,Petrol,102.63
2023-08-23,Delhi,Diesel,89.62
2023-08-23,Delhi,Petrol,96.72
2023-08-23,Kolkata,Diesel,92.76
2023-08-23,Kolkata,Petrol,106.03
2023-08-23,Mumbai,Diesel,94.27
2023-08-23,Mumbai,Petrol,106.31
2023-08-24,Chennai,Diesel,94.24
2023-08-24,Chennai,Petrol,102.63
2023-08-24,Delhi,Diesel,89.62
2023-08-24,Delhi,Petrol,96.72
2023-08-24,Kolkata,Diesel,92.76
2023-08-24,Kolkata,Petrol,106.03
2023-08-24,Mumbai,Diesel,94.27
2023-08-24,Mumbai,Petrol,106.31
2023-08-25,Chennai,Diesel,94.24
2023-08-25,Chennai,Petrol,102.63
2023-08-25,Delhi,Diesel,89.62
2023-08-25,Delhi,Petrol,96.72
2023-08-25,Kolkata,Diesel,92.76
2023-08-25,Kolkata,Petrol,106.03
2023-08-25,Mumbai,Diesel,94.27
2023-08-25,Mumbai,Petrol,106.31
2023-08-26,Chennai,Diesel,94.24
2023-08-26,Chennai,Petrol,102.63
2023-08-26,Delhi,Diesel,89.62
2023-08-26,Delhi,Petrol,96.72
2023-08-26,Kolkata,Diesel,92.76
2023-08-26,Kolkata,Petrol,106.03
2023-08-26,Mumbai,Diesel,94.27
2023-08-26,Mumbai,Petrol,106.31
2023-08-27,Chennai,Diesel,94.24
2023-08-27,Chennai,Petrol,102.63
2023-08-27,Delhi,Diesel,89.62
2023-08-27,Delhi,Petrol,96.72
2023-08-27,Kolkata,Diesel,92.76
2023-08-27,Kolkata,Petrol,106.03
2023-08-27,Mumbai,Diesel,94.27
2023-08-27,Mumbai,Petrol,106.31
2023-08-28,Chennai,Diesel,94.24
2023-08-28,Chennai,Petrol,102.63
2023-08-28,Delhi,Diesel,89.62
2023-08-28,Delhi,Petrol,96.72
2023-08-28,Kolkata,Diesel,92.76
2023-08-28,Kolkata,Petrol,106.03
2023-08-28,Mumbai,Diesel,94.27
2023-08-28,Mumbai,Petrol,106.31
2023-08-29,Chennai,Diesel,94.24
2023-08-29,Chennai,Petrol,102.63
2023-08-29,Delhi,Diesel,89.62
2023-08-29,Delhi,Petrol,96.72
2023-08-29,Kolkata,Diesel,92.76
2023-08-29,Kolkata,Petrol,106.03
2023-08-29,Mumbai,Diesel,94.27
2023-08-29,Mumbai,Petrol,106.31
2023-08-30,Chennai,Diesel,94.24
2023-08-30,Chennai,Petrol,102.63
2023-08-30,Delhi,Diesel,89.62
2023-08-30,Delhi,Petrol,96.72
2023-08-30,Kolkata,Diesel,92.76
2023-08-30,Kolkata,Petrol,106.03
2023-08-30,Mumbai,Diesel,94.27
2023-08-30,Mumbai,Petrol,106.31
2023-08-31,Chennai,Diesel,94.24
2023-08-31,Chennai,Petrol,102.63
2023-08-31,Delhi,Diesel,89.62
2023-08-31,Delhi,Petrol,96.72
2023-08-31,Kolkata,Diesel,92.76
2023-08-31,Kolkata,Petrol,106.03
2023-08-31,Mumbai,Diesel,94.27
2023-08-31,Mumbai,Petrol,106.31
2023-09-01,Chennai,Diesel,94.24
2023-09-01,Chennai,Petrol,102.63
2023-09-01,Delhi,Diesel,89.62
2023-09-01,Delhi,Petrol,96.72
2023-09-01,Kolkata,Diesel,92.76
2023-09-01,Kolkata,Petrol,106.03
2023-09-01,Mumbai,Diesel,94.27
2023-09-01,Mumbai,Petrol,106.31
2023-09-02,Chennai,Diesel,94.24
2023-09-02,Chennai,Petrol,102.63
2023-09-02,Delhi,Diesel,89.62
2023-09-02,Delhi,Petrol,96.72
2023-09-02,Kolkata,Diesel,92.76
2023-09-02,Kolkata,Petrol,106.03
2023-09-02,Mumbai,Diesel,94.27
2023-09-02,Mumbai,Petrol,106.31
2023-09-03,Chennai,Diesel,94.24
2023-09-03,Chennai,Petrol,102.63
2023-09-03,Delhi,Diesel,89.62
2023-09-03,Delhi,Petrol,96.72
2023-09-03,Kolkata,Diesel,92.76
2023-09-03,Kolkata,Petrol,106.03
2023-09-03,Mumbai,Diesel,94.27
2023-09-03,Mumbai,Petrol,106.31
2023-09-04,Chennai,Diesel,94.24
2023-09-04,Chennai,Petrol,102.63
2023-09-04,Delhi,Diesel,89.62
2023-09-04,Delhi,Petrol,96.72
2023-09-04,Kolkata,Diesel,92.76
2023-09-04,Kolkata,Petrol,106.03
2023-09-04,Mumbai,Diesel,94.27
2023-09-04,Mumbai,Petrol,106.31
2023-09-05,Chennai,Diesel,94.24
2023-09-05,Chennai,Petrol,102.63
2023-09-05,Delhi,Diesel,89.62
2023-09-05,Delhi,Petrol,96.72
2023-09-05,Kolkata,Diesel,92.76
2023-09-05,Kolkata,Petrol,106.03
2023-09-05,Mumbai,Diesel,94.27
2023-09-05,Mumbai,Petrol,106.31
2023-09-06,Chennai,Diesel,94.24
2023-09-06,Chennai,Petrol,102.63
2023-09-06,Delhi,Diesel,89.62
2023-09-06,Delhi,Petrol,96.72
2023-09-06,Kolkata,Diesel,92.76
2023-09-06,Kolkata,Petrol,106.03
2023-09-06,Mumbai,Diesel,94.27
2023-09-06,Mumbai,Petrol,106.31
2023-09-07,Chennai,Diesel,94.24
2023-09-07,Chennai,Petrol,102.63
2023-09-07,Delhi,Diesel,89.62
2023-09-07,Delhi,Petrol,96.72
2023-09-07,Kolkata,Diesel,92.76
2023-09-07,Kolkata,Petrol,106.03
2023-09-07,Mumbai,Diesel,94.27
2023-09-07,Mumbai,Petrol,106.31
2023-09-08,Chennai,Diesel,94.24
2023-09-08,Chennai,Petrol,102.63
2023-09-08,Delhi,Diesel,89.62
2023-09-08,Delhi,Petrol,96.72
2023-09-08,Kolkata,Diesel,92.76
2023-09-08,Kolkata,Petrol,106.03
2023-09-08,Mumbai,Diesel,94.27
2023-09-08,Mumbai,Petrol,106.31
2023-09-09,Chennai,Diesel,94.24
2023-09-09,Chennai,Petrol,102.63
2023-09-09,Delhi,Diesel,89.62
2023-09-09,Delhi,Petrol,96.72
2023-09-09,Kolkata,Diesel,92.76
2023-09-09,Kolkata,Petrol,106.03
2023-09-09,Mumbai,Diesel,94.27
2023-09-09,Mumbai,Petrol,106.31
2023-09-10,Chennai,Diesel,94.24
2023-09-10,Chennai,Petrol,102.63
2023-09-10,Delhi,Diesel,89.62
2023-09-10,Delhi,Petrol,96.72
2023-09-10,Kolkata,Diesel,92.76
2023-09-10,Kolkata,Petrol,106.03
2023-09-10,Mumbai,Diesel,94.27
2023-09-10,Mumbai,Petrol,106.31
2023-09-11,Chennai,Diesel,94.24
2023-09-11,Chennai,Petrol,102.63
2023-09-11,Delhi,Diesel,89.62
2023-09-11,Delhi,Petrol,96.72
2023-09-11,Kolkata,Diesel,92.76
2023-09-11,Kolkata,Petrol,106.03
2023-09-11,Mumbai,Diesel,94.27
2023-09-11,Mumbai,Petrol,106.31
2023-09-12,Chennai,Diesel,94.24
2023-09-12,Chennai,Petrol,102.63
2023-09-12,Delhi,Diesel,89.62
2023-09-12,Delhi,Petrol,96.72
2023-09-12,Kolkata,Diesel,92.76
2023-09-12,Kolkata,Petrol,106.03
2023-09-12,Mumbai,Diesel,94.27
2023-09-12,Mumbai,Petrol,106.31
2023-09-13,Chennai,Diesel,94.24
2023-09-13,Chennai,Petrol,102.63
2023-09-13,Delhi,Diesel,89.62
2023-09-13,Delhi,Petrol,96.72
2023-09-13,Kolkata,Diesel,92.76
2023-09-13,Kolkata,Petrol,106.03
2023-09-13,Mumbai,Diesel,94.27
2023-09-13,Mumbai,Petrol,106.31
2023-09-14,Chennai,Diesel,94.24
2023-09-14,Chennai,Petrol,102.63
2023-09-14,Delhi,Diesel,89.62
2023-09-14,Delhi,Petrol,96.72
2023-09-14,Kolkata,Diesel,92.76
2023-09-14,Kolkata,Petrol,106.03
2023-09-14,Mumbai,Diesel,94.27
2023-09-14,Mumbai,Petrol,106.31
2023-09-15,Chennai,Diesel,94.24
2023-09-15,Chennai,Petrol,102.63
2023-09-15,Delhi,Diesel,89.62
2023-09-15,Delhi,Petrol,96.72
2023-09-15,Kolkata,Diesel,92.76
2023-09-15,Kolkata,Petrol,106.03
2023-09-15,Mumbai,Diesel,94.27
2023-09-15,Mumbai,Petrol,106.31
2023-09-16,Chennai,Diesel,94.24
2023-09-16,Chennai,Petrol,102.63
2023-09-16,Delhi,Diesel,89.62
2023-09-16,Delhi,Petrol,96.72
2023-09-16,Kolkata,Diesel,92.76
2023-09-16,Kolkata,Petrol,106.03
2023-09-16,Mumbai,Diesel,94.27
2023-09-16,Mumbai,Petrol,106.31
2023-09-17,Chennai,Diesel,94.24
2023-09-17,Chennai,Petrol,102.63
2023-09-17,Delhi,Diesel,89.62
2023-09-17,Delhi,Petrol,96.72
2023-09-17,Kolkata,Diesel,92.76
2023-09-17,Kolkata,Petrol,106.03
2023-09-17,Mumbai,Diesel,94.27
2023-09-17,Mumbai,Petrol,106.31
2023-09-18,Chennai,Diesel,94.24
2023-09-18,Chennai,Petrol,102.63
2023-09-18,Delhi,Diesel,89.62
2023-09-18,Delhi,Petrol,96.72
2023-09-18,Kolkata,Diesel,92.76
2023-09-18,Kolkata,Petrol,106.03
2023-09-18,Mumbai,Diesel,94.27
2023-09-18,Mumbai,Petrol,106.31
2023-09-19,Chennai,Diesel,94.24
2023-09-19,Chennai,Petrol,102.63
2023-09-19,Delhi,Diesel,89.62
2023-09-19,Delhi,Petrol,96.72
2023-09-19,Kolkata,Diesel,92.76
2023-09-19,Kolkata,Petrol,106.03
2023-09-19,Mumbai,Diesel,94.27
2023-09-19,Mumbai,Petrol,106.31
2023-09-20,Chennai,Diesel,94.24
2023-09-20,Chennai,Petrol,102.63
2023-09-20,Delhi,Diesel,89.62
2023-09-20,Delhi,Petrol,96.72
2023-09-20,Kolkata,Diesel,92.76
2023-09-20,Kolkata,Petrol,106.03
2023-09-20,Mumbai,Diesel,94.27
2023-09-20,Mumbai,Petrol,106.31
2023-09-21,Chennai,Diesel,94.24
2023-09-21,Chennai,Petrol,102.63
2023-09-21,Delhi,Diesel,89.62
2023-09-21,Delhi,Petrol,96.72
2023-09-21,Kolkata,Diesel,92.76
2023-09-21,Kolkata,Petrol,106.03
2023-09-21,Mumbai,Diesel,94.27
2023-09-21,Mumbai,Petrol,106.31
2023-09-22,Chennai,Diesel,94.24
2023-09-22,Chennai,Petrol,102.63
2023-09-22,Delhi,Diesel,89.62
2023-09-22,Delhi,Petrol,96.72
2023-09-22,Kolkata,Diesel,92.76
2023-09-22,Kolkata,Petrol,106.03
2023-09-22,Mumbai,Diesel,94.27
2023-09-22,Mumbai,Petrol,106.31
2023-09-23,Chennai,Diesel,94.24
2023-09-23,Chennai,Petrol,102.63
2023-09-23,Delhi,Diesel,89.62
2023-09-23,Delhi,Petrol,96.72
2023-09-23,Kolkata,Diesel,92.76
2023-09-23,Kolkata,Petrol,106.03
2023-09-23,Mumbai,Diesel,94.27
2023-09-23,Mumbai,Petrol,106.31
2023-09-24,Chennai,Diesel,94.24
2023-09-24,Chennai,Petrol,102.63
2023-09-24,Delhi,Diesel,89.62
2023-09-24,Delhi,Petrol,96.72
2023-09-24,Kolkata,Diesel,92.76
2023-09-24,Kolkata,Petrol,106.03
2023-09-24,Mumbai,Diesel,94.27
2023-09-24,Mumbai,Petrol,106.31
2023-09-25,Chennai,Diesel,94.24
2023-09-25,Chennai,Petrol,102.63
2023-09-25,Delhi,Diesel,89.62
2023-09-25,Delhi,Petrol,96.72
2023-09-25,Kolkata,Diesel,92.76
2023-09-25,Kolkata,Petrol,106.03
2023-09-25,Mumbai,Diesel,94.27
2023-09-25,Mumbai,Petrol,106.31
2023-09-26,Chennai,Diesel,94.24
2023-09-26,Chennai,Petrol,102.63
2023-09-26,Delhi,Diesel,89.62
2023-09-26,Delhi,Petrol,96.72
2023-09-26,Kolkata,Diesel,92.76
2023-09-26,Kolkata,Petrol,106.03
2023-09-26,Mumbai,Diesel,94.27
2023-09-26,Mumbai,Petrol,106.31
2023-09-27,Chennai,Diesel,94.24
2023-09-27,Chennai,Petrol,102.63
2023-09-27,Delhi,Diesel,89.62
2023-09-27,Delhi,Petrol,96.72
2023-09-27,Kolkata,Diesel,92.76
2023-09-27,Kolkata,Petrol,106.03
2023-09-27,Mumbai,Diesel,94.27
2023-09-27,Mumbai,Petrol,106.31
2023-09-28,Chennai,Diesel,94.24
2023-09-28,Chennai,Petrol,102.63
2023-09-28,Delhi,Diesel,89.62
2023-09-28,Delhi,Petrol,96.72
2023-09-28,Kolkata,Diesel,92.76
2023-09-28,Kolkata,Petrol,106.03
2023-09-28,Mumbai,Diesel,94.27
2023-09-28,Mumbai,Petrol,106.31
2023-09-29,Chennai,Diesel,94.24
2023-09-29,Chennai,Petrol,102.63
2023-09-29,Delhi,Diesel,89.62
2023-09-29,Delhi,Petrol,96.72
2023-09-29,Kolkata,Diesel,92.76
2023-09-29,Kolkata,Petrol,106.03
2023-09-29,Mumbai,Diesel,94.27
2023-09-29,Mumbai,Petrol,106.31
2023-09-30,Chennai,Diesel,94.24
2023-09-30,Chennai,Petrol,102.63
2023-09-30,Delhi,Diesel,89.62
2023-09-30,Delhi,Petrol,96.72
2023-09-30,Kolkata,Diesel,92.76
2023-09-30,Kolkata,Petrol,106.03
2023-09-30,Mumbai,Diesel,94.27
2023-09-30,Mumbai,Petrol,106.31
2023-10-01,Chennai,Diesel,94.24
2023-10-01,Chennai,Petrol,102.63
2023-10-01,Delhi,Diesel,89.62
2023-10-01,Delhi,Petrol,96.72
2023-10-01,Kolkata,Diesel,92.76
2023-10-01,Kolkata,Petrol,106.03
2023-10-01,Mumbai,Diesel,94.27
2023-10-01,Mumbai,Petrol,106.31
2023-10-02,Chennai,Diesel,94.24
2023-10-02,Chennai,Petrol,102.63
2023-10-02,Delhi,Diesel,89.62
2023-10-02,Delhi,Petrol,96.72
2023-10-02,Kolkata,Diesel,92.76
2023-10-02,Kolkata,Petrol,106.03
2023-10-02,Mumbai,Diesel,94.27
2023-10-02,Mumbai,Petrol,106.31
2023-10-03,Chennai,Diesel,94.24
2023-10-03,Chennai,Petrol,102.63
2023-10-03,Delhi,Diesel,89.62
2023-10-03,Delhi,Petrol,96.72
2023-10-03,Kolkata,Diesel,92.76
2023-10-03,Kolkata,Petrol,106.03
2023-10-03,Mumbai,Diesel,94.27
2023-10-03,Mumbai,Petrol,106.31
2023-10-04,Chennai,Diesel,94.24
2023-10-04,Chennai,Petrol,102.63
2023-10-04,Delhi,Diesel,89.62
2023-10-04,Delhi,Petrol,96.72
2023-10-04,Kolkata,Diesel,92.76
2023-10-04,Kolkata,Petrol,106.03
2023-10-04,Mumbai,Diesel,94.27
2023-10-04,Mumbai,Petrol,106.31
2023-10-05,Chennai,Diesel,94.24
2023-10-05,Chennai,Petrol,102.63
2023-10-05,Delhi,Diesel,89.62
2023-10-05,Delhi,Petrol,96.72
2023-10-05,Kolkata,Diesel,92.76
2023-10-05,Kolkata,Petrol,106.03
2023-10-05,Mumbai,Diesel,94.27
2023-10-05,Mumbai,Petrol,106.31
2023-10-06,Chennai,Diesel,94.24
2023-10-06,Chennai,Petrol,102.63
2023-10-06,Delhi,Diesel,89.62
2023-10-06,Delhi,Petrol,96.72
2023-10-06,Kolkata,Diesel,92.76
2023-10-06,Kolkata,Petrol,106.03
2023-10-06,Mumbai,Diesel,94.27
2023-10-06,Mumbai,Petrol,106.31
2023-10-07,Chennai,Diesel,94.24
2023-10-07,Chennai,Petrol,102.63
2023-10-07,Delhi,Diesel,89.62
2023-10-07,Delhi,Petrol,96.72
2023-10-07,Kolkata,Diesel,92.76
2023-10-07,Kolkata,Petrol,106.03
2023-10-07,Mumbai,Diesel,94.27
2023-10-07,Mumbai,Petrol,106.31
2023-10-08,Chennai,Diesel,94.24
2023-10-08,Chennai,Petrol,102.63
2023-10-08,Delhi,Diesel,89.62
2023-10-08,Delhi,Petrol,96.72
2023-10-08,Kolkata,Diesel,92.76
2023-10-08,Kolkata,Petrol,106.03
2023-10-08,Mumbai,Diesel,94.27
2023-10-08,Mumbai,Petrol,106.31
2023-10-09,Chennai,Diesel,94.24
2023-10-09,Chennai,Petrol,102.63
2023-10-09,Delhi,Diesel,89.62
2023-10-09,Delhi,Petrol,96.72
2023-10-09,Kolkata,Diesel,92.76
2023-10-09,Kolkata,Petrol,106.03
2023-10-09,Mumbai,Diesel,94.27
2023-10-09,Mumbai,Petrol,106.31
2023-10-10,Chennai,Diesel,94.24
2023-10-10,Chennai,Petrol,102.63
2023-10-10,Delhi,Diesel,89.62
2023-10-10,Delhi,Petrol,96.72
2023-10-10,Kolkata,Diesel,92.76
2023-10-10,Kolkata,Petrol,106.03
2023-10-10,Mumbai,Diesel,94.27
2023-10-10,Mumbai,Petrol,106.31
2023-10-11,Chennai,Diesel,94.24
2023-10-11,Chennai,Petrol,102.63
2023-10-11,Delhi,Diesel,89.62
2023-10-11,Delhi,Petrol,96.72
2023-10-11,Kolkata,Diesel,92.76
2023-10-11,Kolkata,Petrol,106.03
2023-10-11,Mumbai,Diesel,94.27
2023-10-11,Mumbai,Petrol,106.31
2023-10-12,Chennai,Diesel,94.24
2023-10-12,Chennai,Petrol,102.63
2023-10-12,Delhi,Diesel,89.62
2023-10-12,Delhi,Petrol,96.72
2023-10-12,Kolkata,Diesel,92.76
2023-10-12,Kolkata,Petrol,106.03
2023-10-12,Mumbai,Diesel,94.27
2023-10-12,Mumbai,Petrol,106.31
2023-10-13,Chennai,Diesel,94.24
2023-10-13,Chennai,Petrol,102.63
2023-10-13,Delhi,Diesel,89.62
2023-10-13,Delhi,Petrol,96.72
2023-10-13,Kolkata,Diesel,92.76
2023-10-13,Kolkata,Petrol,106.03
2023-10-13,Mumbai,Diesel,94.27
2023-10-13,Mumbai,Petrol,106.31
2023-10-14,Chennai,Diesel,94.24
2023-10-14,Chennai,Petrol,102.63
2023-10-14,Delhi,Diesel,89.62
2023-10-14,Delhi,Petrol,96.72
2023-10-14,Kolkata,Diesel,92.76
2023-10-14,Kolkata,Petrol,106.03
2023-10-14,Mumbai,Diesel,94.27
2023-10-14,Mumbai,Petrol,106.31
2023-10-15,Chennai,Diesel,94.24
2023-10-15,Chennai,Petrol,102.63
2023-10-15,Delhi,Diesel,89.62
2023-10-15,Delhi,Petrol,96.72
2023-10-15,Kolkata,Diesel,92.76
2023-10-15,Kolkata,Petrol,106.03
2023-10-15,Mumbai,Diesel,94.27
2023-10-15,Mumbai,Petrol,106.31
2023-10-16,Chennai,Diesel,94.24
2023-10-16,Chennai,Petrol,102.63
2023-10-16,Delhi,Diesel,89.62
2023-10-16,Delhi,Petrol,96.72
2023-10-16,Kolkata,Diesel,92.76
2023-10-16,Kolkata,Petrol,106.03
2023-10-16,Mumbai,Diesel,94.27
2023-10-16,Mumbai,Petrol,106.31
2023-10-17,Chennai,Diesel,94.24
2023-10-17,Chennai,Petrol,102.63
2023-10-17,Delhi,Diesel,89.62
2023-10-17,Delhi,Petrol,96.72
2023-10-17,Kolkata,Diesel,92.76
2023-10-17,Kolkata,Petrol,106.03
2023-10-17,Mumbai,Diesel,94.27
2023-10-17,Mumbai,Petrol,106.31
2023-10-18,Chennai,Diesel,94.24
2023-10-18,Chennai,Petrol,102.63
2023-10-18,Delhi,Diesel,89.62
2023-10-18,Delhi,Petrol,96.72
2023-10-18,Kolkata,Diesel,92.76
2023-10-18,Kolkata,Petrol,106.03
2023-10-18,Mumbai,Diesel,94.27
2023-10-18,Mumbai,Petrol,106.31
2023-10-19,Chennai,Diesel,94.24
2023-10-19,Chennai,Petrol,102.63
2023-10-19,Delhi,Diesel,89.62
2023-10-19,Delhi,Petrol,96.72
2023-10-19,Kolkata,Diesel,92.76
2023-10-19,Kolkata,Petrol,106.03
2023-10-19,Mumbai,Diesel,94.27
2023-10-19,Mumbai,Petrol,106.31
2023-10-20,Chennai,Diesel,94.24
2023-10-20,Chennai,Petrol,102.63
2023-10-20,Delhi,Diesel,89.62
2023-10-20,Delhi,Petrol,96.72
2023-10-20,Kolkata,Diesel,92.76
2023-10-20,Kolkata,Petrol,106.03
2023-10-20,Mumbai,Diesel,94.27
2023-10-20,Mumbai,Petrol,106.31
2023-10-21,Chennai,Diesel,94.24
2023-10-21,Chennai,Petrol,102.63
2023-10-21,Delhi,Diesel,89.62
2023-10-21,Delhi,Petrol,96.72
2023-10-21,Kolkata,Diesel,92.76
2023-10-21,Kolkata,Petrol,106.03
2023-10-21,Mumbai,Diesel,94.27
2023-10-21,Mumbai,Petrol,106.31
2023-10-22,Chennai,Diesel,94.24
2023-10-22,Chennai,Petrol,102.63
2023-10-22,Delhi,Diesel,89.62
2023-10-22,Delhi,Petrol,96.72
2023-10-22,Kolkata,Diesel,92.76
2023-10-22,Kolkata,Petrol,106.03
2023-10-22,Mumbai,Diesel,94.27
2023-10-22,Mumbai,Petrol,106.31
2023-10-23,Chennai,Diesel,94.24
2023-10-23,Chennai,Petrol,102.63
2023-10-23,Delhi,Diesel,89.62
2023-10-23,Delhi,Petrol,96.72
2023-10-23,Kolkata,Diesel,92.76
2023-10-23,Kolkata,Petrol,106.03
2023-10-23,Mumbai,Diesel,94.27
2023-10-23,Mumbai,Petrol,106.31
2023-10-24,Chennai,Diesel,94.24
2023-10-24,Chennai,Petrol,102.63
2023-10-24,Delhi,Diesel,89.62
2023-10-24,Delhi,Petrol,96.72
2023-10-24,Kolkata,Diesel,92.76
2023-10-24,Kolkata,Petrol,106.03
2023-10-24,Mumbai,Diesel,94.27
2023-10-24,Mumbai,Petrol,106.31
2023-10-25,Chennai,Diesel,94.24
2023-10-25,Chennai,Petrol,102.63
2023-10-25,Delhi,Diesel,89.62
2023-10-25,Delhi,Petrol,96.72
2023-10-25,Kolkata,Diesel,92.76
2023-10-25,Kolkata,Petrol,106.03
2023-10-25,Mumbai,Diesel,94.27
2023-10-25,Mumbai,Petrol,106.31
2023-10-26,Chennai,Diesel,94.24
2023-10-26,Chennai,Petrol,102.63
2023-10-26,Delhi,Diesel,89.62
2023-10-26,Delhi,Petrol,96.72
2023-10-26,Kolkata,Diesel,92.76
2023-10-26,Kolkata,Petrol,106.03
2023-10-26,Mumbai,Diesel,94.27
2023-10-26,Mumbai,Petrol,106.31
2023-10-27,Chennai,Diesel,94.24
2023-10-27,Chennai,Petrol,102.63
2023-10-27,Delhi,Diesel,89.62
2023-10-27,Delhi,Petrol,96.72
2023-10-27,Kolkata,Diesel,92.76
2023-10-27,Kolkata,Petrol,106.03
2023-10-27,Mumbai,Diesel,94.27
2023-10-27,Mumbai,Petrol,106.31
2023-10-28,Chennai,Diesel,94.24
2023-10-28,Chennai,Petrol,102.63
2023-10-28,Delhi,Diesel,89.62
2023-10-28,Delhi,Petrol,96.72
2023-10-28,Kolkata,Diesel,92.76
2023-10-28,Kolkata,Petrol,106.03
2023-10-28,Mumbai,Diesel,94.27
2023-10-28,Mumbai,Petrol,106.31
2023-10-29,Chennai,Diesel,94.24
2023-10-29,Chennai,Petrol,102.63
2023-10-29,Delhi,Diesel,89.62
2023-10-29,Delhi,Petrol,96.72
2023-10-29,Kolkata,Diesel,92.76
2023-10-29,Kolkata,Petrol,106.03
2023-10-29,Mumbai,Diesel,94.27
2023-10-29,Mumbai,Petrol,106.31
2023-10-30,Chennai,Diesel,94.24
2023-10-30,Chennai,Petrol,102.63
2023-10-30,Delhi,Diesel,89.62
2023-10-30,Delhi,Petrol,96.72
2023-10-30,Kolkata,Diesel,92.76
2023-10-30,Kolkata,Petrol,106.03
2023-10-30,Mumbai,Diesel,94.27
2023-10-30,Mumbai,Petrol,106.31
2023-10-31,Chennai,Diesel,94.24
2023-10-31,Chennai,Petrol,102.63
2023-10-31,Delhi,Diesel,89.62
2023-10-31,Delhi,Petrol,96.72
2023-10-31,Kolkata,Diesel,92.76
2023-10-31,Kolkata,Petrol,106.03
2023-10-31,Mumbai,Diesel,94.27
2023-10-31,Mumbai,Petrol,106.31
2023-11-01,Chennai,Diesel,94.24
2023-11-01,Chennai,Petrol,102.63
2023-11-01,Delhi,Diesel,89.62
2023-11-01,Delhi,Petrol,96.72
2023-11-01,Kolkata,Diesel,92.76
2023-11-01,Kolkata,Petrol,106.03
2023-11-01,Mumbai,Diesel,94.27
2023-11-01,Mumbai,Petrol,106.31
2023-11-02,Chennai,Diesel,94.24
2023-11-02,Chennai,Petrol,102.63
2023-11-02,Delhi,Diesel,89.62
2023-11-02,Delhi,Petrol,96.72
2023-11-02,Kolkata,Diesel,92.76
2023-11-02,Kolkata,Petrol,106.03
2023-11-02,Mumbai,Diesel,94.27
2023-11-02,Mumbai,Petrol,106.31
2023-11-03,Chennai,Diesel,94.24
2023-11-03,Chennai,Petrol,102.63
2023-11-03,Delhi,Diesel,89.62
2023-11-03,Delhi,Petrol,96.72
2023-11-03,Kolkata,Diesel,92.76
2023-11-03,Kolkata,Petrol,106.03
2023-11-03,Mumbai,Diesel,94.27
2023-11-03,Mumbai,Petrol,106.31
2023-11-04,Chennai,Diesel,94.24
2023-11-04,Chennai,Petrol,102.63
2023-11-04,Delhi,Diesel,89.62
2023-11-04,Delhi,Petrol,96.72
2023-11-04,Kolkata,Diesel,92.76
2023-11-04,Kolkata,Petrol,106.03
2023-11-04,Mumbai,Diesel,94.27
2023-11-04,Mumbai,Petrol,106.31
2023-11-05,Chennai,Diesel,94.24
2023-11-05,Chennai,Petrol,102.63
2023-11-05,Delhi,Diesel,89.62
2023-11-05,Delhi,Petrol,96.72
2023-11-05,Kolkata,Diesel,92.76
2023-11-05,Kolkata,Petrol,106.03
2023-11-05,Mumbai,Diesel,94.27
2023-11-05,Mumbai,Petrol,106.31
2023-11-06,Chennai,Diesel,94.24
2023-11-06,Chennai,Petrol,102.63
2023-11-06,Delhi,Diesel,89.62
2023-11-06,Delhi,Petrol,96.72
2023-11-06,Kolkata,Diesel,92.76
2023-11-06,Kolkata,Petrol,106.03
2023-11-06,Mumbai,Diesel,94.27
2023-11-06,Mumbai,Petrol,106.31
2023-11-07,Chennai,Diesel,94.24
2023-11-07,Chennai,Petrol,102.63
2023-11-07,Delhi,Diesel,89.62
2023-11-07,Delhi,Petrol,96.72
2023-11-07,Kolkata,Diesel,92.76
2023-11-07,Kolkata,Petrol,106.03
2023-11-07,Mumbai,Diesel,94.27
2023-11-07,Mumbai,Petrol,106.31
2023-11-08,Chennai,Diesel,94.24
2023-11-08,Chennai,Petrol,102.63
2023-11-08,Delhi,Diesel,89.62
2023-11-08,Delhi,Petrol,96.72
2023-11-08,Kolkata,Diesel,92.76
2023-11-08,Kolkata,Petrol,106.03
2023-11-08,Mumbai,Diesel,94.27
2023-11-08,Mumbai,Petrol,106.31
2023-11-09,Chennai,Diesel,94.24
2023-11-09,Chennai,Petrol,102.63
2023-11-09,Delhi,Diesel,89.62
2023-11-09,Delhi,Petrol,96.72
2023-11-09,Kolkata,Diesel,92.76
2023-11-09,Kolkata,Petrol,106.03
2023-11-09,Mumbai,Diesel,94.27
2023-11-09,Mumbai,Petrol,106.31
2023-11-10,Chennai,Diesel,94.24
2023-11-10,Chennai,Petrol,102.63
2023-11-10,Delhi,Diesel,89.62
2023-11-10,Delhi,Petrol,96.72
2023-11-10,Kolkata,Diesel,92.76
2023-11-10,Kolkata,Petrol,106.03
2023-11-10,Mumbai,Diesel,94.27
2023-11-10,Mumbai,Petrol,106.31
2023-11-11,Chennai,Diesel,94.24
2023-11-11,Chennai,Petrol,102.63
2023-11-11,Delhi,Diesel,89.62
2023-11-11,Delhi,Petrol,96.72
2023-11-11,Kolkata,Diesel,92.76
2023-11-11,Kolkata,Petrol,106.03
2023-11-11,Mumbai,Diesel,94.27
2023-11-11,Mumbai,Petrol,106.31
2023-11-12,Chennai,Diesel,94.24
2023-11-12,Chennai,Petrol,102.63
2023-11-12,Delhi,Diesel,89.62
2023-11-12,Delhi,Petrol,96.72
2023-11-12,Kolkata,Diesel,92.76
2023-11-12,Kolkata,Petrol,106.03
2023-11-12,Mumbai,Diesel,94.27
2023-11-12,Mumbai,Petrol,106.31
2023-11-13,Chennai,Diesel,94.24
2023-11-13,Chennai,Petrol,102.63
2023-11-13,Delhi,Diesel,89.62
2023-11-13,Delhi,Petrol,96.72
2023-11-13,Kolkata,Diesel,92.76
2023-11-13,Kolkata,Petrol,106.03
2023-11-13,Mumbai,Diesel,94.27
2023-11-13,Mumbai,Petrol,106.31
2023-11-14,Chennai,Diesel,94.24
2023-11-14,Chennai,Petrol,102.63
2023-11-14,Delhi,Diesel,89.62
2023-11-14,Delhi,Petrol,96.72
2023-11-14,Kolkata,Diesel,92.76
2023-11-14,Kolkata,Petrol,106.03
2023-11-14,Mumbai,Diesel,94.27
2023-11-14,Mumbai,Petrol,106.31
2023-11-15,Chennai,Diesel,94.24
2023-11-15,Chennai,Petrol,102.63
2023-11-15,Delhi,Diesel,89.62
2023-11-15,Delhi,Petrol,96.72
2023-11-15,Kolkata,Diesel,92.76
2023-11-15,Kolkata,Petrol,106.03
2023-11-15,Mumbai,Diesel,94.27
2023-11-15,Mumbai,Petrol,106.31
2023-11-16,Chennai,Diesel,94.24
2023-11-16,Chennai,Petrol,102.63
2023-11-16,Delhi,Diesel,89.62
2023-11-16,Delhi,Petrol,96.72
2023-11-16,Kolkata,Diesel,92.76
2023-11-16,Kolkata,Petrol,106.03
2023-11-16,Mumbai,Diesel,94.27
2023-11-16,Mumbai,Petrol,106.31
2023-11-17,Chennai,Diesel,94.24
2023-11-17,Chennai,Petrol,102.63
2023-11-17,Delhi,Diesel,89.62
2023-11-17,Delhi,Petrol,96.72
2023-11-17,Kolkata,Diesel,92.76
2023-11-17,Kolkata,Petrol,106.03
2023-11-17,Mumbai,Diesel,94.27
2023-11-17,Mumbai,Petrol,106.31
2023-11-18,Chennai,Diesel,94.24
2023-11-18,Chennai,Petrol,102.63
2023-11-18,Delhi,Diesel,89.62
2023-11-18,Delhi,Petrol,96.72
2023-11-18,Kolkata,Diesel,92.76
2023-11-18,Kolkata,Petrol,106.03
2023-11-18,Mumbai,Diesel,94.27
2023-11-18,Mumbai,Petrol,106.31
2023-11-19,Chennai,Diesel,94.24
2023-11-19,Chennai,Petrol,102.63
2023-11-19,Delhi,Diesel,89.62
2023-11-19,Delhi,Petrol,96.72
2023-11-19,Kolkata,Diesel,92.76
2023-11-19,Kolkata,Petrol,106.03
2023-11-19,Mumbai,Diesel,94.27
2023-11-19,Mumbai,Petrol,106.31
2023-11-20,Chennai,Diesel,94.24
2023-11-20,Chennai,Petrol,102.63
2023-11-20,Delhi,Diesel,89.62
2023-11-20,Delhi,Petrol,96.72
2023-11-20,Kolkata,Diesel,92.76
2023-11-20,Kolkata,Petrol,106.03
2023-11-20,Mumbai,Diesel,94.27
2023-11-20,Mumbai,Petrol,106.31
2023-11-21,Chennai,Diesel,94.24
2023-11-21,Chennai,Petrol,102.63
2023-11-21,Delhi,Diesel,89.62
2023-11-21,Delhi,Petrol,96.72
2023-11-21,Kolkata,Diesel,92.76
2023-11-21,Kolkata,Petrol,106.03
2023-11-21,Mumbai,Diesel,94.27
2023-11-21,Mumbai,Petrol,106.31
2023-11-22,Chennai,Diesel,94.24
2023-11-22,Chennai,Petrol,102.63
2023-11-22,Delhi,Diesel,89.62
2023-11-22,Delhi,Petrol,96.72
2023-11-22,Kolkata,Diesel,92.76
2023-11-22,Kolkata,Petrol,106.03
2023-11-22,Mumbai,Diesel,94.27
2023-11-22,Mumbai,Petrol,106.31
2023-11-23,Chennai,Diesel,94.24
2023-11-23,Chennai,Petrol,102.63
2023-11-23,Delhi,Diesel,89.62
2023-11-23,Delhi,Petrol,96.72
2023-11-23,Kolkata,Diesel,92.76
2023-11-23,Kolkata,Petrol,106.03
2023-11-23,Mumbai,Diesel,94.27
2023-11-23,Mumbai,Petrol,106.31
2023-11-24,Chennai,Diesel,94.24
2023-11-24,Chennai,Petrol,102.63
2023-11-24,Delhi,Diesel,89.62
2023-11-24,Delhi,Petrol,96.72
2023-11-24,Kolkata,Diesel,92.76
2023-11-24,Kolkata,Petrol,106.03
2023-11-24,Mumbai,Diesel,94.27
2023-11-24,Mumbai,Petrol,106.31
2023-11-25,Chennai,Diesel,94.24
2023-11-25,Chennai,Petrol,102.63
2023-11-25,Delhi,Diesel,89.62
2023-11-25,Delhi,Petrol,96.72
2023-11-25,Kolkata,Diesel,92.76
2023-11-25,Kolkata,Petrol,106.03
2023-11-25,Mumbai,Diesel,94.27
2023-11-25,Mumbai,Petrol,106.31
2023-11-26,Chennai,Diesel,94.24
2023-11-26,Chennai,Petrol,102.63
2023-11-26,Delhi,Diesel,89.62
2023-11-26,Delhi,Petrol,96.72
2023-11-26,Kolkata,Diesel,92.76
2023-11-26,Kolkata,Petrol,106.03
2023-11-26,Mumbai,Diesel,94.27
2023-11-26,Mumbai,Petrol,106.31
2023-11-27,Chennai,Diesel,94.24
2023-11-27,Chennai,Petrol,102.63
2023-11-27,Delhi,Diesel,89.62
2023-11-27,Delhi,Petrol,96.72
2023-11-27,Kolkata,Diesel,92.76
2023-11-27,Kolkata,Petrol,106.03
2023-11-27,Mumbai,Diesel,94.27
2023-11-27,Mumbai,Petrol,106.31
2023-11-28,Chennai,Diesel,94.24
2023-11-28,Chennai,Petrol,102.63
2023-11-28,Delhi,Diesel,89.62
2023-11-28,Delhi,Petrol,96.72
2023-11-28,Kolkata,Diesel,92.76
2023-11-28,Kolkata,Petrol,106.03
2023-11-28,Mumbai,Diesel,94.27
2023-11-28,Mumbai,Petrol,106.31
2023-11-29,Chennai,Diesel,94.24
2023-11-29,Chennai,Petrol,102.63
2023-11-29,Delhi,Diesel,89.62
2023-11-29,Delhi,Petrol,96.72
2023-11-29,Kolkata,Diesel,92.76
2023-11-29,Kolkata,Petrol,106.03
2023-11-29,Mumbai,Diesel,94.27
2023-11-29,Mumbai,Petrol,106.31
2023-11-30,Chennai,Diesel,94.24
2023-11-30,Chennai,Petrol,102.63
2023-11-30,Delhi,Diesel,89.62
2023-11-30,Delhi,Petrol,96.72
2023-11-30,Kolkata,Diesel,92.76
2023-11-30,Kolkata,Petrol,106.03
2023-11-30,Mumbai,Diesel,94.27
2023-11-30,Mumbai,Petrol,106.31
2023-12-01,Chennai,Diesel,94.24
2023-12-01,Chennai,Petrol,102.63
2023-12-01,Delhi,Diesel,89.62
2023-12-01,Delhi,Petrol,96.72
2023-12-01,Kolkata,Diesel,92.76
2023-12-01,Kolkata,Petrol,106.03
2023-12-01,Mumbai,Diesel,94.27
2023-12-01,Mumbai,Petrol,106.31
2023-12-02,Chennai,Diesel,94.24
2023-12-02,Chennai,Petrol,102.63
2023-12-02,Delhi,Diesel,89.62
2023-12-02,Delhi,Petrol,96.72
2023-12-02,Kolkata,Diesel,92.76
2023-12-02,Kolkata,Petrol,106.03
2023-12-02,Mumbai,Diesel,94.27
2023-12-02,Mumbai,Petrol,106.31
2023-12-03,Chennai,Diesel,94.24
2023-12-03,Chennai,Petrol,102.63
2023-12-03,Delhi,Diesel,89.62
2023-12-03,Delhi,Petrol,96.72
2023-12-03,Kolkata,Diesel,92.76
2023-12-03,Kolkata,Petrol,106.03
2023-12-03,Mumbai,Diesel,94.27
2023-12-03,Mumbai,Petrol,106.31
2023-12-04,Chennai,Diesel,94.24
2023-12-04,Chennai,Petrol,102.63
2023-12-04,Delhi,Diesel,89.62
2023-12-04,Delhi,Petrol,96.72
2023-12-04,Kolkata,Diesel,92.76
2023-12-04,Kolkata,Petrol,106.03
2023-12-04,Mumbai,Diesel,94.27
2023-12-04,Mumbai,Petrol,106.31
2023-12-05,Chennai,Diesel,94.24
2023-12-05,Chennai,Petrol,102.63
2023-12-05,Delhi,Diesel,89.62
2023-12-05,Delhi,Petrol,96.72
2023-12-05,Kolkata,Diesel,92.76
2023-12-05,Kolkata,Petrol,106.03
2023-12-05,Mumbai,Diesel,94.27
2023-12-05,Mumbai,Petrol,106.31
2023-12-06,Chennai,Diesel,94.24
2023-12-06,Chennai,Petrol,102.63
2023-12-06,Delhi,Diesel,89.62
2023-12-06,Delhi,Petrol,96.72
2023-12-06,Kolkata,Diesel,92.76
2023-12-06,Kolkata,Petrol,106.03
2023-12-06,Mumbai,Diesel,94.27
2023-12-06,Mumbai,Petrol,106.31
2023-12-07,Chennai,Diesel,94.24
2023-12-07,Chennai,Petrol,102.63
2023-12-07,Delhi,Diesel,89.62
2023-12-07,Delhi,Petrol,96.72
2023-12-07,Kolkata,Diesel,92.76
2023-12-07,Kolkata,Petrol,106.03
2023-12-07,Mumbai,Diesel,94.27
2023-12-07,Mumbai,Petrol,106.31
2023-12-08,Chennai,Diesel,94.24
2023-12-08,Chennai,Petrol,102.63
2023-12-08,Delhi,Diesel,89.62
2023-12-08,Delhi,Petrol,96.72
2023-12-08,Kolkata,Diesel,92.76
2023-12-08,Kolkata,Petrol,106.03
2023-12-08,Mumbai,Diesel,94.27
2023-12-08,Mumbai,Petrol,106.31
2023-12-09,Chennai,Diesel,94.24
2023-12-09,Chennai,Petrol,102.63
2023-12-09,Delhi,Diesel,89.62
2023-12-09,Delhi,Petrol,96.72
2023-12-09,Kolkata,Diesel,92.76
2023-12-09,Kolkata,Petrol,106.03
2023-12-09,Mumbai,Diesel,94.27
2023-12-09,Mumbai,Petrol,106.31
2023-12-10,Chennai,Diesel,94.24
2023-12-10,Chennai,Petrol,102.63
2023-12-10,Delhi,Diesel,89.62
2023-12-10,Delhi,Petrol,96.72
2023-12-10,Kolkata,Diesel,92.76
2023-12-10,Kolkata,Petrol,106.03
2023-12-10,Mumbai,Diesel,94.27
2023-12-10,Mumbai,Petrol,106.31
2023-12-11,Chennai,Diesel,94.24
2023-12-11,Chennai,Petrol,102.63
2023-12-11,Delhi,Diesel,89.62
2023-12-11,Delhi,Petrol,96.72
2023-12-11,Kolkata,Diesel,92.76
2023-12-11,Kolkata,Petrol,106.03
2023-12-11,Mumbai,Diesel,94.27
2023-12-11,Mumbai,Petrol,106.31
2023-12-12,Chennai,Diesel,94.24
2023-12-12,Chennai,Petrol,102.63
2023-12-12,Delhi,Diesel,89.62
2023-12-12,Delhi,Petrol,96.72
2023-12-12,Kolkata,Diesel,92.76
2023-12-12,Kolkata,Petrol,106.03
2023-12-12,Mumbai,Diesel,94.27
2023-12-12,Mumbai,Petrol,106.31
2023-12-13,Chennai,Diesel,94.24
2023-12-13,Chennai,Petrol,102.63
2023-12-13,Delhi,Diesel,89.62
2023-12-13,Delhi,Petrol,96.72
2023-12-13,Kolkata,Diesel,92.76
2023-12-13,Kolkata,Petrol,106.03
2023-12-13,Mumbai,Diesel,94.27
2023-12-13,Mumbai,Petrol,106.31
2023-12-14,Chennai,Diesel,94.24
2023-12-14,Chennai,Petrol,102.63
2023-12-14,Delhi,Diesel,89.62
2023-12-14,Delhi,Petrol,96.72
2023-12-14,Kolkata,Diesel,92.76
2023-12-14,Kolkata,Petrol,106.03
2023-12-14,Mumbai,Diesel,94.27
2023-12-14,Mumbai,Petrol,106.31
2023-12-15,Chennai,Diesel,94.24
2023-12-15,Chennai,Petrol,102.63
2023-12-15,Delhi,Diesel,89.62
2023-12-15,Delhi,Petrol,96.72
2023-12-15,Kolkata,Diesel,92.76
2023-12-15,Kolkata,Petrol,106.03
2023-12-15,Mumbai,Diesel,94.27
2023-12-15,Mumbai,Petrol,106.31
2023-12-16,Chennai,Diesel,94.24
2023-12-16,Chennai,Petrol,102.63
2023-12-16,Delhi,Diesel,89.62
2023-12-16,Delhi,Petrol,96.72
2023-12-16,Kolkata,Diesel,92.76
2023-12-16,Kolkata,Petrol,106.03
2023-12-16,Mumbai,Diesel,94.27
2023-12-16,Mumbai,Petrol,106.31
2023-12-17,Chennai,Diesel,94.24
2023-12-17,Chennai,Petrol,102.63
2023-12-17,Delhi,Diesel,89.62
2023-12-17,Delhi,Petrol,96.72
2023-12-17,Kolkata,Diesel,92.76
2023-12-17,Kolkata,Petrol,106.03
2023-12-17,Mumbai,Diesel,94.27
2023-12-17,Mumbai,Petrol,106.31
2023-12-18,Chennai,Diesel,94.24
2023-12-18,Chennai,Petrol,102.63
2023-12-18,Delhi,Diesel,89.62
2023-12-18,Delhi,Petrol,96.72
2023-12-18,Kolkata,Diesel,92.76
2023-12-18,Kolkata,Petrol,106.03
2023-12-18,Mumbai,Diesel,94.27
2023-12-18,Mumbai,Petrol,106.31
2023-12-19,Chennai,Diesel,94.24
2023-12-19,Chennai,Petrol,102.63
2023-12-19,Delhi,Diesel,89.62
2023-12-19,Delhi,Petrol,96.72
2023-12-19,Kolkata,Diesel,92.76
2023-12-19,Kolkata,Petrol,106.03
2023-12-19,Mumbai,Diesel,94.27
2023-12-19,Mumbai,Petrol,106.31
2023-12-20,Chennai,Diesel,94.24
2023-12-20,Chennai,Petrol,102.63
2023-12-20,Delhi,Diesel,89.62
2023-12-20,Delhi,Petrol,96.72
2023-12-20,Kolkata,Diesel,92.76
2023-12-20,Kolkata,Petrol,106.03
2023-12-20,Mumbai,Diesel,94.27
2023-12-20,Mumbai,Petrol,106.31
2023-12-21,Chennai,Diesel,94.24
2023-12-21,Chennai,Petrol,102.63
2023-12-21,Delhi,Diesel,89.62
2023-12-21,Delhi,Petrol,96.72
2023-12-21,Kolkata,Diesel,92.76
2023-12-21,Kolkata,Petrol,106.03
2023-12-21,Mumbai,Diesel,94.27
2023-12-21,Mumbai,Petrol,106.31
2023-12-22,Chennai,Diesel,94.24
2023-12-22,Chennai,Petrol,102.63
2023-12-22,Delhi,Diesel,89.62
2023-12-22,Delhi,Petrol,96.72
2023-12-22,Kolkata,Diesel,92.76
2023-12-22,Kolkata,Petrol,106.03
2023-12-22,Mumbai,Diesel,94.27
2023-12-22,Mumbai,Petrol,106.31
2023-12-23,Chennai,Diesel,94.24
2023-12-23,Chennai,Petrol,102.63
2023-12-23,Delhi,Diesel,89.62
2023-12-23,Delhi,Petrol,96.72
2023-12-23,Kolkata,Diesel,92.76
2023-12-23,Kolkata,Petrol,106.03
2023-12-23,Mumbai,Diesel,94.27
2023-12-23,Mumbai,Petrol,106.31
2023-12-24,Chennai,Diesel,94.24
2023-12-24,Chennai,Petrol,102.63
2023-12-24,Delhi,Diesel,89.62
2023-12-24,Delhi,Petrol,96.72
2023-12-24,Kolkata,Diesel,92.76
2023-12-24,Kolkata,Petrol,106.03
2023-12-24,Mumbai,Diesel,94.27
2023-12-24,Mumbai,Petrol,106.31
2023-12-25,Chennai,Diesel,94.24
2023-12-25,Chennai,Petrol,102.63
2023-12-25,Delhi,Diesel,89.62
2023-12-25,Delhi,Petrol,96.72
2023-12-25,Kolkata,Diesel,92.76
2023-12-25,Kolkata,Petrol,106.03
2023-12-25,Mumbai,Diesel,94.27
2023-12-25,Mumbai,Petrol,106.31
2023-12-26,Chennai,Diesel,94.24
2023-12-26,Chennai,Petrol,102.63
2023-12-26,Delhi,Diesel,89.62
2023-12-26,Delhi,Petrol,96.72
2023-12-26,Kolkata,Diesel,92.76
2023-12-26,Kolkata,Petrol,106.03
2023-12-26,Mumbai,Diesel,94.27
2023-12-26,Mumbai,Petrol,106.31
2023-12-27,Chennai,Diesel,94.24
2023-12-27,Chennai,Petrol,102.63
2023-12-27,Delhi,Diesel,89.62
2023-12-27,Delhi,Petrol,96.72
2023-12-27,Kolkata,Diesel,92.76
2023-12-27,Kolkata,Petrol,106.03
2023-12-27,Mumbai,Diesel,94.27
2023-12-27,Mumbai,Petrol,106.31
2023-12-28,Chennai,Diesel,94.24
2023-12-28,Chennai,Petrol,102.63
2023-12-28,Delhi,Diesel,89.62
2023-12-28,Delhi,Petrol,96.72
2023-12-28,Kolkata,Diesel,92.76
2023-12-28,Kolkata,Petrol,106.03
2023-12-28,Mumbai,Diesel,94.27
2023-12-28,Mumbai,Petrol,106.31
2023-12-29,Chennai,Diesel,94.24
2023-12-29,Chennai,Petrol,102.63
2023-12-29,Delhi,Diesel,89.62
2023-12-29,Delhi,Petrol,96.72
2023-12-29,Kolkata,Diesel,92.76
2023-12-29,Kolkata,Petrol,106.03
2023-12-29,Mumbai,Diesel,94.27
2023-12-29,Mumbai,Petrol,106.31
2023-12-30,Chennai,Diesel,94.24
2023-12-30,Chennai,Petrol,102.63
2023-12-30,Delhi,Diesel,89.62
2023-12-30,Delhi,Petrol,96.72
2023-12-30,Kolkata,Diesel,92.76
2023-12-30,Kolkata,Petrol,106.03
2023-12-30,Mumbai,Diesel,94.27
2023-12-30,Mumbai,Petrol,106.31
2023-12-31,Chennai,Diesel,94.24
2023-12-31,Chennai,Petrol,102.63
2023-12-31,Delhi,Diesel,89.62
2023-12-31,Delhi,Petrol,96.72
2023-12-31,Kolkata,Diesel,92.76
2023-12-31,Kolkata,Petrol,106.03
2023-12-31,Mumbai,Diesel,94.27
2023-12-31,Mumbai,Petrol,106.31
2024-01-01,Chennai,Diesel,94.24
2024-01-01,Chennai,Petrol,102.63
2024-01-01,Delhi,Diesel,89.62
2024-01-01,Delhi,Petrol,96.72
2024-01-01,Kolkata,Diesel,92.76
2024-01-01,Kolkata,Petrol,106.03
2024-01-01,Mumbai,Diesel,94.27
2024-01-01,Mumbai,Petrol,106.31
2024-01-02,Chennai,Diesel,94.24
2024-01-02,Chennai,Petrol,102.63
2024-01-02,Delhi,Diesel,89.62
2024-01-02,Delhi,Petrol,96.72
2024-01-02,Kolkata,Diesel,92.76
2024-01-02,Kolkata,Petrol,106.03
2024-01-02,Mumbai,Diesel,94.27
2024-01-02,Mumbai,Petrol,106.31
2024-01-03,Chennai,Diesel,94.24
2024-01-03,Chennai,Petrol,102.63
2024-01-03,Delhi,Diesel,89.62
2024-01-03,Delhi,Petrol,96.72
2024-01-03,Kolkata,Diesel,92.76
2024-01-03,Kolkata,Petrol,106.03
2024-01-03,Mumbai,Diesel,94.27
2024-01-03,Mumbai,Petrol,106.31
2024-01-04,Chennai,Diesel,94.24
2024-01-04,Chennai,Petrol,102.63
2024-01-04,Delhi,Diesel,89.62
2024-01-04,Delhi,Petrol,96.72
2024-01-04,Kolkata,Diesel,92.76
2024-01-04,Kolkata,Petrol,106.03
2024-01-04,Mumbai,Diesel,94.27
2024-01-04,Mumbai,Petrol,106.31
2024-01-05,Chennai,Diesel,94.24
2024-01-05,Chennai,Petrol,102.63
2024-01-05,Delhi,Diesel,89.62
2024-01-05,Delhi,Petrol,96.72
2024-01-05,Kolkata,Diesel,92.76
2024-01-05,Kolkata,Petrol,106.03
2024-01-05,Mumbai,Diesel,94.27
2024-01-05,Mumbai,Petrol,106.31
2024-01-06,Chennai,Diesel,94.24
2024-01-06,Chennai,Petrol,102.63
2024-01-06,Delhi,Diesel,89.62
2024-01-06,Delhi,Petrol,96.72
2024-01-06,Kolkata,Diesel,92.76
2024-01-06,Kolkata,Petrol,106.03
2024-01-06,Mumbai,Diesel,94.27
2024-01-06,Mumbai,Petrol,106.31
2024-01-07,Chennai,Diesel,94.24
2024-01-07,Chennai,Petrol,102.63
2024-01-07,Delhi,Diesel,89.62
2024-01-07,Delhi,Petrol,96.72
2024-01-07,Kolkata,Diesel,92.76
2024-01-07,Kolkata,Petrol,106.03
2024-01-07,Mumbai,Diesel,94.27
2024-01-07,Mumbai,Petrol,106.31
2024-01-08,Chennai,Diesel,94.24
2024-01-08,Chennai,Petrol,102.63
2024-01-08,Delhi,Diesel,89.62
2024-01-08,Delhi,Petrol,96.72
2024-01-08,Kolkata,Diesel,92.76
2024-01-08,Kolkata,Petrol,106.03
2024-01-08,Mumbai,Diesel,94.27
2024-01-08,Mumbai,Petrol,106.31
2024-01-09,Chennai,Diesel,94.24
2024-01-09,Chennai,Petrol,102.63
2024-01-09,Delhi,Diesel,89.62
2024-01-09,Delhi,Petrol,96.72
2024-01-09,Kolkata,Diesel,92.76
2024-01-09,Kolkata,Petrol,106.03
2024-01-09,Mumbai,Diesel,94.27
2024-01-09,Mumbai,Petrol,106.31
2024-01-10,Chennai,Diesel,94.24
2024-01-10,Chennai,Petrol,102.63
2024-01-10,Delhi,Diesel,89.62
2024-01-10,Delhi,Petrol,96.72
2024-01-10,Kolkata,Diesel,92.76
2024-01-10,Kolkata,Petrol,106.03
2024-01-10,Mumbai,Diesel,94.27
2024-01-10,Mumbai,Petrol,106.31
2024-01-11,Chennai,Diesel,94.24
2024-01-11,Chennai,Petrol,102.63
2024-01-11,Delhi,Diesel,89.62
2024-01-11,Delhi,Petrol,96.72
2024-01-11,Kolkata,Diesel,92.76
2024-01-11,Kolkata,Petrol,106.03
2024-01-11,Mumbai,Diesel,94.27
2024-01-11,Mumbai,Petrol,106.31
2024-01-12,Chennai,Diesel,94.24
2024-01-12,Chennai,Petrol,102.63
2024-01-12,Delhi,Diesel,89.62
2024-01-12,Delhi,Petrol,96.72
2024-01-12,Kolkata,Diesel,92.76
2024-01-12,Kolkata,Petrol,106.03
2024-01-12,Mumbai,Diesel,94.27
2024-01-12,Mumbai,Petrol,106.31
2024-01-13,Chennai,Diesel,94.24
2024-01-13,Chennai,Petrol,102.63
2024-01-13,Delhi,Diesel,89.62
2024-01-13,Delhi,Petrol,96.72
2024-01-13,Kolkata,Diesel,92.76
2024-01-13,Kolkata,Petrol,106.03
2024-01-13,Mumbai,Diesel,94.27
2024-01-13,Mumbai,Petrol,106.31
2024-01-14,Chennai,Diesel,94.24
2024-01-14,Chennai,Petrol,102.63
2024-01-14,Delhi,Diesel,89.62
2024-01-14,Delhi,Petrol,96.72
2024-01-14,Kolkata,Diesel,92.76
2024-01-14,Kolkata,Petrol,106.03
2024-01-14,Mumbai,Diesel,94.27
2024-01-14,Mumbai,Petrol,106.31
2024-01-15,Chennai,Diesel,94.24
2024-01-15,Chennai,Petrol,102.63
2024-01-15,Delhi,Diesel,89.62
2024-01-15,Delhi,Petrol,96.72
2024-01-15,Kolkata,Diesel,92.76
2024-01-15,Kolkata,Petrol,106.03
2024-01-15,Mumbai,Diesel,94.27
2024-01-15,Mumbai,Petrol,106.31
2024-01-16,Chennai,Diesel,94.24
2024-01-16,Chennai,Petrol,102.63
2024-01-16,Delhi,Diesel,89.62
2024-01-16,Delhi,Petrol,96.72
2024-01-16,Kolkata,Diesel,92.76
2024-01-16,Kolkata,Petrol,106.03
2024-01-16,Mumbai,Diesel,94.27
2024-01-16,Mumbai,Petrol,106.31
2024-01-17,Chennai,Diesel,94.24
2024-01-17,Chennai,Petrol,102.63
2024-01-17,Delhi,Diesel,89.62
2024-01-17,Delhi,Petrol,96.72
2024-01-17,Kolkata,Diesel,92.76
2024-01-17,Kolkata,Petrol,106.03
2024-01-17,Mumbai,Diesel,94.27
2024-01-17,Mumbai,Petrol,106.31
2024-01-18,Chennai,Diesel,94.24
2024-01-18,Chennai,Petrol,102.63
2024-01-18,Delhi,Diesel,89.62
2024-01-18,Delhi,Petrol,96.72
2024-01-18,Kolkata,Diesel,92.76
2024-01-18,Kolkata,Petrol,106.03
2024-01-18,Mumbai,Diesel,94.27
2024-01-18,Mumbai,Petrol,106.31
2024-01-19,Chennai,Diesel,94.24
2024-01-19,Chennai,Petrol,102.63
2024-01-19,Delhi,Diesel,89.62
2024-01-19,Delhi,Petrol,96.72
2024-01-19,Kolkata,Diesel,92.76
2024-01-19,Kolkata,Petrol,106.03
2024-01-19,Mumbai,Diesel,94.27
2024-01-19,Mumbai,Petrol,106.31
2024-01-20,Chennai,Diesel,94.24
2024-01-20,Chennai,Petrol,102.63
2024-01-20,Delhi,Diesel,89.62
2024-01-20,Delhi,Petrol,96.72
2024-01-20,Kolkata,Diesel,92.76
2024-01-20,Kolkata,Petrol,106.03
2024-01-20,Mumbai,Diesel,94.27
2024-01-20,Mumbai,Petrol,106.31
2024-01-21,Chennai,Diesel,94.24
2024-01-21,Chennai,Petrol,102.63
2024-01-21,Delhi,Diesel,89.62
2024-01-21,Delhi,Petrol,96.72
2024-01-21,Kolkata,Diesel,92.76
2024-01-21,Kolkata,Petrol,106.03
2024-01-21,Mumbai,Diesel,94.27
2024-01-21,Mumbai,Petrol,106.31
2024-01-22,Chennai,Diesel,94.24
2024-01-22,Chennai,Petrol,102.63
2024-01-22,Delhi,Diesel,89.62
2024-01-22,Delhi,Petrol,96.72
2024-01-22,Kolkata,Diesel,92.76
2024-01-22,Kolkata,Petrol,106.03
2024-01-22,Mumbai,Diesel,94.27
2024-01-22,Mumbai,Petrol,106.31
2024-01-23,Chennai,Diesel,94.24
2024-01-23,Chennai,Petrol,102.63
2024-01-23,Delhi,Diesel,89.62
2024-01-23,Delhi,Petrol,96.72
2024-01-23,Kolkata,Diesel,92.76
2024-01-23,Kolkata,Petrol,106.03
2024-01-23,Mumbai,Diesel,94.27
2024-01-23,Mumbai,Petrol,106.31
2024-01-24,Chennai,Diesel,94.24
2024-01-24,Chennai,Petrol,102.63
2024-01-24,Delhi,Diesel,89.62
2024-01-24,Delhi,Petrol,96.72
2024-01-24,Kolkata,Diesel,92.76
2024-01-24,Kolkata,Petrol,106.03
2024-01-24,Mumbai,Diesel,94.27
2024-01-24,Mumbai,Petrol,106.31
2024-01-25,Chennai,Diesel,94.24
2024-01-25,Chennai,Petrol,102.63
2024-01-25,Delhi,Diesel,89.62
2024-01-25,Delhi,Petrol,96.72
2024-01-25,Kolkata,Diesel,92.76
2024-01-25,Kolkata,Petrol,106.03
2024-01-25,Mumbai,Diesel,94.27
2024-01-25,Mumbai,Petrol,106.31
2024-01-26,Chennai,Diesel,94.24
2024-01-26,Chennai,Petrol,102.63
2024-01-26,Delhi,Diesel,89.62
2024-01-26,Delhi,Petrol,96.72
2024-01-26,Kolkata,Diesel,92.76
2024-01-26,Kolkata,Petrol,106.03
2024-01-26,Mumbai,Diesel,94.27
2024-01-26,Mumbai,Petrol,106.31
2024-01-27,Chennai,Diesel,94.24
2024-01-27,Chennai,Petrol,102.63
2024-01-27,Delhi,Diesel,89.62
2024-01-27,Delhi,Petrol,96.72
2024-01-27,Kolkata,Diesel,92.76
2024-01-27,Kolkata,Petrol,106.03
2024-01-27,Mumbai,Diesel,94.27
2024-01-27,Mumbai,Petrol,106.31
2024-01-28,Chennai,Diesel,94.24
2024-01-28,Chennai,Petrol,102.63
2024-01-28,Delhi,Diesel,89.62
2024-01-28,Delhi,Petrol,96.72
2024-01-28,Kolkata,Diesel,92.76
2024-01-28,Kolkata,Petrol,106.03
2024-01-28,Mumbai,Diesel,94.27
2024-01-28,Mumbai,Petrol,106.31
2024-01-29,Chennai,Diesel,94.24
2024-01-29,Chennai,Petrol,102.63
2024-01-29,Delhi,Diesel,89.62
2024-01-29,Delhi,Petrol,96.72
2024-01-29,Kolkata,Diesel,92.76
2024-01-29,Kolkata,Petrol,106.03
2024-01-29,Mumbai,Diesel,94.27
2024-01-29,Mumbai,Petrol,106.31
2024-01-30,Chennai,Diesel,94.24
2024-01-30,Chennai,Petrol,102.63
2024-01-30,Delhi,Diesel,89.62
2024-01-30,Delhi,Petrol,96.72
2024-01-30,Kolkata,Diesel,92.76
2024-01-30,Kolkata,Petrol,106.03
2024-01-30,Mumbai,Diesel,94.27
2024-01-30,Mumbai,Petrol,106.31
2024-01-31,Chennai,Diesel,94.24
2024-01-31,Chennai,Petrol,102.63
2024-01-31,Delhi,Diesel,89.62
2024-01-31,Delhi,Petrol,96.72
2024-01-31,Kolkata,Diesel,92.76
2024-01-31,Kolkata,Petrol,106.03
2024-01-31,Mumbai,Diesel,94.27
2024-01-31,Mumbai,Petrol,106.31
2024-02-01,Chennai,Diesel,94.24
2024-02-01,Chennai,Petrol,102.63
2024-02-01,Delhi,Diesel,89.62
2024-02-01,Delhi,Petrol,96.72
2024-02-01,Kolkata,Diesel,92.76
2024-02-01,Kolkata,Petrol,106.03
2024-02-01,Mumbai,Diesel,94.27
2024-02-01,Mumbai,Petrol,106.31
2024-02-02,Chennai,Diesel,94.24
2024-02-02,Chennai,Petrol,102.63
2024-02-02,Delhi,Diesel,89.62
2024-02-02,Delhi,Petrol,96.72
2024-02-02,Kolkata,Diesel,92.76
2024-02-02,Kolkata,Petrol,106.03
2024-02-02,Mumbai,Diesel,94.27
2024-02-02,Mumbai,Petrol,106.31
2024-02-03,Chennai,Diesel,94.24
2024-02-03,Chennai,Petrol,102.63
2024-02-03,Delhi,Diesel,89.62
2024-02-03,Delhi,Petrol,96.72
2024-02-03,Kolkata,Diesel,92.76
2024-02-03,Kolkata,Petrol,106.03
2024-02-03,Mumbai,Diesel,94.27
2024-02-03,Mumbai,Petrol,106.31
2024-02-04,Chennai,Diesel,94.24
2024-02-04,Chennai,Petrol,102.63
2024-02-04,Delhi,Diesel,89.62
2024-02-04,Delhi,Petrol,96.72
2024-02-04,Kolkata,Diesel,92.76
2024-02-04,Kolkata,Petrol,106.03
2024-02-04,Mumbai,Diesel,94.27
2024-02-04,Mumbai,Petrol,106.31
2024-02-05,Chennai,Diesel,94.24
2024-02-05,Chennai,Petrol,102.63
2024-02-05,Delhi,Diesel,89.62
2024-02-05,Delhi,Petrol,96.72
2024-02-05,Kolkata,Diesel,92.76
2024-02-05,Kolkata,Petrol,106.03
2024-02-05,Mumbai,Diesel,94.27
2024-02-05,Mumbai,Petrol,106.31
2024-02-06,Chennai,Diesel,94.24
2024-02-06,Chennai,Petrol,102.63
2024-02-06,Delhi,Diesel,89.62
2024-02-06,Delhi,Petrol,96.72
2024-02-06,Kolkata,Diesel,92.76
2024-02-06,Kolkata,Petrol,106.03
2024-02-06,Mumbai,Diesel,94.27
2024-02-06,Mumbai,Petrol,106.31
2024-02-07,Chennai,Diesel,94.24
2024-02-07,Chennai,Petrol,102.63
2024-02-07,Delhi,Diesel,89.62
2024-02-07,Delhi,Petrol,96.72
2024-02-07,Kolkata,Diesel,92.76
2024-02-07,Kolkata,Petrol,106.03
2024-02-07,Mumbai,Diesel,94.27
2024-02-07,Mumbai,Petrol,106.31
2024-02-08,Chennai,Diesel,94.24
2024-02-08,Chennai,Petrol,102.63
2024-02-08,Delhi,Diesel,89.62
2024-02-08,Delhi,Petrol,96.72
2024-02-08,Kolkata,Diesel,92.76
2024-02-08,Kolkata,Petrol,106.03
2024-02-08,Mumbai,Diesel,94.27
2024-02-08,Mumbai,Petrol,106.31
2024-02-09,Chennai,Diesel,94.24
2024-02-09,Chennai,Petrol,102.63
2024-02-09,Delhi,Diesel,89.62
2024-02-09,Delhi,Petrol,96.72
2024-02-09,Kolkata,Diesel,92.76
2024-02-09,Kolkata,Petrol,106.03
2024-02-09,Mumbai,Diesel,94.27
2024-02-09,Mumbai,Petrol,106.31
2024-02-10,Chennai,Diesel,94.24
2024-02-10,Chennai,Petrol,102.63
2024-02-10,Delhi,Diesel,89.62
2024-02-10,Delhi,Petrol,96.72
2024-02-10,Kolkata,Diesel,92.76
2024-02-10,Kolkata,Petrol,106.03
2024-02-10,Mumbai,Diesel,94.27
2024-02-10,Mumbai,Petrol,106.31
2024-02-11,Chennai,Diesel,94.24
2024-02-11,Chennai,Petrol,102.63
2024-02-11,Delhi,Diesel,89.62
2024-02-11,Delhi,Petrol,96.72
2024-02-11,Kolkata,Diesel,92.76
2024-02-11,Kolkata,Petrol,106.03
2024-02-11,Mumbai,Diesel,94.27
2024-02-11,Mumbai,Petrol,106.31
2024-02-12,Chennai,Diesel,94.24
2024-02-12,Chennai,Petrol,102.63
2024-02-12,Delhi,Diesel,89.62
2024-02-12,Delhi,Petrol,96.72
2024-02-12,Kolkata,Diesel,92.76
2024-02-12,Kolkata,Petrol,106.03
2024-02-12,Mumbai,Diesel,94.27
2024-02-12,Mumbai,Petrol,106.31
2024-02-13,Chennai,Diesel,94.24
2024-02-13,Chennai,Petrol,102.63
2024-02-13,Delhi,Diesel,89.62
2024-02-13,Delhi,Petrol,96.72
2024-02-13,Kolkata,Diesel,92.76
2024-02-13,Kolkata,Petrol,106.03
2024-02-13,Mumbai,Diesel,94.27
2024-02-13,Mumbai,Petrol,106.31
2024-02-14,Chennai,Diesel,94.24
2024-02-14,Chennai,Petrol,102.63
2024-02-14,Delhi,Diesel,89.62
2024-02-14,Delhi,Petrol,96.72
2024-02-14,Kolkata,Diesel,92.76
2024-02-14,Kolkata,Petrol,106.03
2024-02-14,Mumbai,Diesel,94.27
2024-02-14,Mumbai,Petrol,106.31
2024-02-15,Chennai,Diesel,94.24
2024-02-15,Chennai,Petrol,102.63
2024-02-15,Delhi,Diesel,89.62
2024-02-15,Delhi,Petrol,96.72
2024-02-15,Kolkata,Diesel,92.76
2024-02-15,Kolkata,Petrol,106.03
2024-02-15,Mumbai,Diesel,94.27
2024-02-15,Mumbai,Petrol,106.31
2024-02-16,Chennai,Diesel,94.24
2024-02-16,Chennai,Petrol,102.63
2024-02-16,Delhi,Diesel,89.62
2024-02-16,Delhi,Petrol,96.72
2024-02-16,Kolkata,Diesel,92.76
2024-02-16,Kolkata,Petrol,106.03
2024-02-16,Mumbai,Diesel,94.27
2024-02-16,Mumbai,Petrol,106.31
2024-02-17,Chennai,Diesel,94.24
2024-02-17,Chennai,Petrol,102.63
2024-02-17,Delhi,Diesel,89.62
2024-02-17,Delhi,Petrol,96.72
2024-02-17,Kolkata,Diesel,92.76
2024-02-17,Kolkata,Petrol,106.03
2024-02-17,Mumbai,Diesel,94.27
2024-02-17,Mumbai,Petrol,106.31
2024-02-18,Chennai,Diesel,94.24
2024-02-18,Chennai,Petrol,102.63
2024-02-18,Delhi,Diesel,89.62
2024-02-18,Delhi,Petrol,96.72
2024-02-18,Kolkata,Diesel,92.76
2024-02-18,Kolkata,Petrol,106.03
2024-02-18,Mumbai,Diesel,94.27
2024-02-18,Mumbai,Petrol,106.31
2024-02-19,Chennai,Diesel,94.24
2024-02-19,Chennai,Petrol,102.63
2024-02-19,Delhi,Diesel,89.62
2024-02-19,Delhi,Petrol,96.72
2024-02-19,Kolkata,Diesel,92.76
2024-02-19,Kolkata,Petrol,106.03
2024-02-19,Mumbai,Diesel,94.27
2024-02-19,Mumbai,Petrol,106.31
2024-02-20,Chennai,Diesel,94.24
2024-02-20,Chennai,Petrol,102.63
2024-02-20,Delhi,Diesel,89.62
2024-02-20,Delhi,Petrol,96.72
2024-02-20,Kolkata,Diesel,92.76
2024-02-20,Kolkata,Petrol,106.03
2024-02-20,Mumbai,Diesel,94.27
2024-02-20,Mumbai,Petrol,106.31
2024-02-21,Chennai,Diesel,94.24
2024-02-21,Chennai,Petrol,102.63
2024-02-21,Delhi,Diesel,89.62
2024-02-21,Delhi,Petrol,96.72
2024-02-21,Kolkata,Diesel,92.76
2024-02-21,Kolkata,Petrol,106.03
2024-02-21,Mumbai,Diesel,94.27
2024-02-21,Mumbai,Petrol,106.31
2024-02-22,Chennai,Diesel,94.24
2024-02-22,Chennai,Petrol,102.63
2024-02-22,Delhi,Diesel,89.62
2024-02-22,Delhi,Petrol,96.72
2024-02-22,Kolkata,Diesel,92.76
2024-02-22,Kolkata,Petrol,106.03
2024-02-22,Mumbai,Diesel,94.27
2024-02-22,Mumbai,Petrol,106.31
2024-02-23,Chennai,Diesel,94.24
2024-02-23,Chennai,Petrol,102.63
2024-02-23,Delhi,Diesel,89.62
2024-02-23,Delhi,Petrol,96.72
2024-02-23,Kolkata,Diesel,92.76
2024-02-23,Kolkata,Petrol,106.03
2024-02-23,Mumbai,Diesel,94.27
2024-02-23,Mumbai,Petrol,106.31
2024-02-24,Chennai,Diesel,94.24
2024-02-24,Chennai,Petrol,102.63
2024-02-24,Delhi,Diesel,89.62
2024-02-24,Delhi,Petrol,96.72
2024-02-24,Kolkata,Diesel,92.76
2024-02-24,Kolkata,Petrol,106.03
2024-02-24,Mumbai,Diesel,94.27
2024-02-24,Mumbai,Petrol,106.31
2024-02-25,Chennai,Diesel,94.24
2024-02-25,Chennai,Petrol,102.63
2024-02-25,Delhi,Diesel,89.62
2024-02-25,Delhi,Petrol,96.72
2024-02-25,Kolkata,Diesel,92.76
2024-02-25,Kolkata,Petrol,106.03
2024-02-25,Mumbai,Diesel,94.27
2024-02-25,Mumbai,Petrol,106.31
2024-02-26,Chennai,Diesel,94.24
2024-02-26,Chennai,Petrol,102.63
2024-02-26,Delhi,Diesel,89.62
2024-02-26,Delhi,Petrol,96.72
2024-02-26,Kolkata,Diesel,92.76
2024-02-26,Kolkata,Petrol,106.03
2024-02-26,Mumbai,Diesel,94.27
2024-02-26,Mumbai,Petrol,106.31
2024-02-27,Chennai,Diesel,94.24
2024-02-27,Chennai,Petrol,102.63
2024-02-27,Delhi,Diesel,89.62
2024-02-27,Delhi,Petrol,96.72
2024-02-27,Kolkata,Diesel,92.76
2024-02-27,Kolkata,Petrol,106.03
2024-02-27,Mumbai,Diesel,94.27
2024-02-27,Mumbai,Petrol,106.31
2024-02-28,Chennai,Diesel,94.24
2024-02-28,Chennai,Petrol,102.63
2024-02-28,Delhi,Diesel,89.62
2024-02-28,Delhi,Petrol,96.72
2024-02-28,Kolkata,Diesel,92.76
2024-02-28,Kolkata,Petrol,106.03
2024-02-28,Mumbai,Diesel,94.27
2024-02-28,Mumbai,Petrol,106.31
2024-02-29,Chennai,Diesel,94.24
2024-02-29,Chennai,Petrol,102.63
2024-02-29,Delhi,Diesel,89.62
2024-02-29,Delhi,Petrol,96.72
2024-02-29,Kolkata,Diesel,92.76
2024-02-29,Kolkata,Petrol,106.03
2024-02-29,Mumbai,Diesel,94.27
2024-02-29,Mumbai,Petrol,106.31
2024-03-01,Chennai,Diesel,94.24
2024-03-01,Chennai,Petrol,102.63
2024-03-01,Delhi,Diesel,89.62
2024-03-01,Delhi,Petrol,96.72
2024-03-01,Kolkata,Diesel,92.76
2024-03-01,Kolkata,Petrol,106.03
2024-03-01,Mumbai,Diesel,94.27
2024-03-01,Mumbai,Petrol,106.31
2024-03-02,Chennai,Diesel,94.24
2024-03-02,Chennai,Petrol,102.63
2024-03-02,Delhi,Diesel,89.62
2024-03-02,Delhi,Petrol,96.72
2024-03-02,Kolkata,Diesel,92.76
2024-03-02,Kolkata,Petrol,106.03
2024-03-02,Mumbai,Diesel,94.27
2024-03-02,Mumbai,Petrol,106.31
2024-03-03,Chennai,Diesel,94.24
2024-03-03,Chennai,Petrol,102.63
2024-03-03,Delhi,Diesel,89.62
2024-03-03,Delhi,Petrol,96.72
2024-03-03,Kolkata,Diesel,92.76
2024-03-03,Kolkata,Petrol,106.03
2024-03-03,Mumbai,Diesel,94.27
2024-03-03,Mumbai,Petrol,106.31
2024-03-04,Chennai,Diesel,94.24
2024-03-04,Chennai,Petrol,102.63
2024-03-04,Delhi,Diesel,89.62
2024-03-04,Delhi,Petrol,96.72
2024-03-04,Kolkata,Diesel,92.76
2024-03-04,Kolkata,Petrol,106.03
2024-03-04,Mumbai,Diesel,94.27
2024-03-04,Mumbai,Petrol,106.31
2024-03-05,Chennai,Diesel,94.24
2024-03-05,Chennai,Petrol,102.63
2024-03-05,Delhi,Diesel,89.62
2024-03-05,Delhi,Petrol,96.72
2024-03-05,Kolkata,Diesel,92.76
2024-03-05,Kolkata,Petrol,106.03
2024-03-05,Mumbai,Diesel,94.27
2024-03-05,Mumbai,Petrol,106.31
2024-03-06,Chennai,Diesel,94.24
2024-03-06,Chennai,Petrol,102.63
2024-03-06,Delhi,Diesel,89.62
2024-03-06,Delhi,Petrol,96.72
2024-03-06,Kolkata,Diesel,92.76
2024-03-06,Kolkata,Petrol,106.03
2024-03-06,Mumbai,Diesel,94.27
2024-03-06,Mumbai,Petrol,106.31
2024-03-07,Chennai,Diesel,94.24
2024-03-07,Chennai,Petrol,102.63
2024-03-07,Delhi,Diesel,89.62
2024-03-07,Delhi,Petrol,96.72
2024-03-07,Kolkata,Diesel,92.76
2024-03-07,Kolkata,Petrol,106.03
2024-03-07,Mumbai,Diesel,94.27
2024-03-07,Mumbai,Petrol,106.31
2024-03-08,Chennai,Diesel,94.24
2024-03-08,Chennai,Petrol,102.63
2024-03-08,Delhi,Diesel,89.62
2024-03-08,Delhi,Petrol,96.72
2024-03-08,Kolkata,Diesel,92.76
2024-03-08,Kolkata,Petrol,106.03
2024-03-08,Mumbai,Diesel,94.27
2024-03-08,Mumbai,Petrol,106.31
2024-03-09,Chennai,Diesel,94.24
2024-03-09,Chennai,Petrol,102.63
2024-03-09,Delhi,Diesel,89.62
2024-03-09,Delhi,Petrol,96.72
2024-03-09,Kolkata,Diesel,92.76
2024-03-09,Kolkata,Petrol,106.03
2024-03-09,Mumbai,Diesel,94.27
2024-03-09,Mumbai,Petrol,106.31
2024-03-10,Chennai,Diesel,94.24
2024-03-10,Chennai,Petrol,102.63
2024-03-10,Delhi,Diesel,89.62
2024-03-10,Delhi,Petrol,96.72
2024-03-10,Kolkata,Diesel,92.76
2024-03-10,Kolkata,Petrol,106.03
2024-03-10,Mumbai,Diesel,94.27
2024-03-10,Mumbai,Petrol,106.31
2024-03-11,Chennai,Diesel,94.24
2024-03-11,Chennai,Petrol,102.63
2024-03-11,Delhi,Diesel,89.62
2024-03-11,Delhi,Petrol,96.72
2024-03-11,Kolkata,Diesel,92.76
2024-03-11,Kolkata,Petrol,106.03
2024-03-11,Mumbai,Diesel,94.27
2024-03-11,Mumbai,Petrol,106.31
2024-03-12,Chennai,Diesel,94.24
2024-03-12,Chennai,Petrol,102.63
2024-03-12,Delhi,Diesel,89.62
2024-03-12,Delhi,Petrol,96.72
2024-03-12,Kolkata,Diesel,92.76
2024-03-12,Kolkata,Petrol,106.03
2024-03-12,Mumbai,Diesel,94.27
2024-03-12,Mumbai,Petrol,106.31
2024-03-13,Chennai,Diesel,94.24
2024-03-13,Chennai,Petrol,102.63
2024-03-13,Delhi,Diesel,89.62
2024-03-13,Delhi,Petrol,96.72
2024-03-13,Kolkata,Diesel,92.76
2024-03-13,Kolkata,Petrol,106.03
2024-03-13,Mumbai,Diesel,94.27
2024-03-13,Mumbai,Petrol,106.31
2024-03-14,Chennai,Diesel,94.24
2024-03-14,Chennai,Petrol,102.63
2024-03-14,Delhi,Diesel,89.62
2024-03-14,Delhi,Petrol,96.72
2024-03-14,Kolkata,Diesel,92.76
2024-03-14,Kolkata,Petrol,106.03
2024-03-14,Mumbai,Diesel,94.27
2024-03-14,Mumbai,Petrol,106.31
2024-03-15,Chennai,Diesel,92.34
2024-03-15,Chennai,Petrol,100.75
2024-03-15,Delhi,Diesel,87.62
2024-03-15,Delhi,Petrol,94.72
2024-03-15,Kolkata,Diesel,90.76
2024-03-15,Kolkata,Petrol,103.94
2024-03-15,Mumbai,Diesel,92.15
2024-03-15,Mumbai,Petrol,104.21
2024-03-16,Chennai,Diesel,92.34
2024-03-16,Chennai,Petrol,100.75
2024-03-16,Delhi,Diesel,87.62
2024-03-16,Delhi,Petrol,94.72
2024-03-16,Kolkata,Diesel,90.76
2024-03-16,Kolkata,Petrol,103.94
2024-03-16,Mumbai,Diesel,92.15
2024-03-16,Mumbai,Petrol,104.21
2024-03-17,Chennai,Diesel,92.34
2024-03-17,Chennai,Petrol,100.75
2024-03-17,Delhi,Diesel,87.62
2024-03-17,Delhi,Petrol,94.72
2024-03-17,Kolkata,Diesel,90.76
2024-03-17,Kolkata,Petrol,103.94
2024-03-17,Mumbai,Diesel,92.15
2024-03-17,Mumbai,Petrol,104.21
2024-03-18,Chennai,Diesel,92.34
2024-03-18,Chennai,Petrol,100.75
2024-03-18,Delhi,Diesel,87.62
2024-03-18,Delhi,Petrol,94.72
2024-03-18,Kolkata,Diesel,90.76
2024-03-18,Kolkata,Petrol,103.94
2024-03-18,Mumbai,Diesel,92.15
2024-03-18,Mumbai,Petrol,104.21
2024-03-19,Chennai,Diesel,92.34
2024-03-19,Chennai,Petrol,100.75
2024-03-19,Delhi,Diesel,87.62
2024-03-19,Delhi,Petrol,94.72
2024-03-19,Kolkata,Diesel,90.76
2024-03-19,Kolkata,Petrol,103.94
2024-03-19,Mumbai,Diesel,92.15
2024-03-19,Mumbai,Petrol,104.21
2024-03-20,Chennai,Diesel,92.34
2024-03-20,Chennai,Petrol,100.75
2024-03-20,Delhi,Diesel,87.62
2024-03-20,Delhi,Petrol,94.72
2024-03-20,Kolkata,Diesel,90.76
2024-03-20,Kolkata,Petrol,103.94
2024-03-20,Mumbai,Diesel,92.15
2024-03-20,Mumbai,Petrol,104.21
2024-03-21,Chennai,Diesel,92.34
2024-03-21,Chennai,Petrol,100.75
2024-03-21,Delhi,Diesel,87.62
2024-03-21,Delhi,Petrol,94.72
2024-03-21,Kolkata,Diesel,90.76
2024-03-21,Kolkata,Petrol,103.94
2024-03-21,Mumbai,Diesel,92.15
2024-03-21,Mumbai,Petrol,104.21
2024-03-22,Chennai,Diesel,92.34
2024-03-22,Chennai,Petrol,100.75
2024-03-22,Delhi,Diesel,87.62
2024-03-22,Delhi,Petrol,94.72
2024-03-22,Kolkata,Diesel,90.76
2024-03-22,Kolkata,Petrol,103.94
2024-03-22,Mumbai,Diesel,92.15
2024-03-22,Mumbai,Petrol,104.21
2024-03-23,Chennai,Diesel,92.34
2024-03-23,Chennai,Petrol,100.75
2024-03-23,Delhi,Diesel,87.62
2024-03-23,Delhi,Petrol,94.72
2024-03-23,Kolkata,Diesel,90.76
2024-03-23,Kolkata,Petrol,103.94
2024-03-23,Mumbai,Diesel,92.15
2024-03-23,Mumbai,Petrol,104.21
2024-03-24,Chennai,Diesel,92.34
2024-03-24,Chennai,Petrol,100.75
2024-03-24,Delhi,Diesel,87.62
2024-03-24,Delhi,Petrol,94.72
2024-03-24,Kolkata,Diesel,90.76
2024-03-24,Kolkata,Petrol,103.94
2024-03-24,Mumbai,Diesel,92.15
2024-03-24,Mumbai,Petrol,104.21
2024-03-25,Chennai,Diesel,92.34
2024-03-25,Chennai,Petrol,100.75
2024-03-25,Delhi,Diesel,87.62
2024-03-25,Delhi,Petrol,94.72
2024-03-25,Kolkata,Diesel,90.76
2024-03-25,Kolkata,Petrol,103.94
2024-03-25,Mumbai,Diesel,92.15
2024-03-25,Mumbai,Petrol,104.21
2024-03-26,Chennai,Diesel,92.34
2024-03-26,Chennai,Petrol,100.75
2024-03-26,Delhi,Diesel,87.62
2024-03-26,Delhi,Petrol,94.72
2024-03-26,Kolkata,Diesel,90.76
2024-03-26,Kolkata,Petrol,103.94
2024-03-26,Mumbai,Diesel,92.15
2024-03-26,Mumbai,Petrol,104.21
2024-03-27,Chennai,Diesel,92.34
2024-03-27,Chennai,Petrol,100.75
2024-03-27,Delhi,Diesel,87.62
2024-03-27,Delhi,Petrol,94.72
2024-03-27,Kolkata,Diesel,90.76
2024-03-27,Kolkata,Petrol,103.94
2024-03-27,Mumbai,Diesel,92.15
2024-03-27,Mumbai,Petrol,104.21
2024-03-28,Chennai,Diesel,92.34
2024-03-28,Chennai,Petrol,100.75
2024-03-28,Delhi,Diesel,87.62
2024-03-28,Delhi,Petrol,94.72
2024-03-28,Kolkata,Diesel,90.76
2024-03-28,Kolkata,Petrol,103.94
2024-03-28,Mumbai,Diesel,92.15
2024-03-28,Mumbai,Petrol,104.21
2024-03-29,Chennai,Diesel,92.34
2024-03-29,Chennai,Petrol,100.75
2024-03-29,Delhi,Diesel,87.62
2024-03-29,Delhi,Petrol,94.72
2024-03-29,Kolkata,Diesel,90.76
2024-03-29,Kolkata,Petrol,103.94
2024-03-29,Mumbai,Diesel,92.15
2024-03-29,Mumbai,Petrol,104.21
2024-03-30,Chennai,Diesel,92.34
2024-03-30,Chennai,Petrol,100.75
2024-03-30,Delhi,Diesel,87.62
2024-03-30,Delhi,Petrol,94.72
2024-03-30,Kolkata,Diesel,90.76
2024-03-30,Kolkata,Petrol,103.94
2024-03-30,Mumbai,Diesel,92.15
2024-03-30,Mumbai,Petrol,104.21
2024-03-31,Chennai,Diesel,92.34
2024-03-31,Chennai,Petrol,100.75
2024-03-31,Delhi,Diesel,87.62
2024-03-31,Delhi,Petrol,94.72
2024-03-31,Kolkata,Diesel,90.76
2024-03-31,Kolkata,Petrol,103.94
2024-03-31,Mumbai,Diesel,92.15
2024-03-31,Mumbai,Petrol,104.21
2024-04-01,Chennai,Diesel,92.34
2024-04-01,Chennai,Petrol,100.75
2024-04-01,Delhi,Diesel,87.62
2024-04-01,Delhi,Petrol,94.72
2024-04-01,Kolkata,Diesel,90.76
2024-04-01,Kolkata,Petrol,103.94
2024-04-01,Mumbai,Diesel,92.15
2024-04-01,Mumbai,Petrol,104.21
2024-04-02,Chennai,Diesel,92.34
2024-04-02,Chennai,Petrol,100.75
2024-04-02,Delhi,Diesel,87.62
2024-04-02,Delhi,Petrol,94.72
2024-04-02,Kolkata,Diesel,90.76
2024-04-02,Kolkata,Petrol,103.94
2024-04-02,Mumbai,Diesel,92.15
2024-04-02,Mumbai,Petrol,104.21
2024-04-03,Chennai,Diesel,92.34
2024-04-03,Chennai,Petrol,100.75
2024-04-03,Delhi,Diesel,87.62
2024-04-03,Delhi,Petrol,94.72
2024-04-03,Kolkata,Diesel,90.76
2024-04-03,Kolkata,Petrol,103.94
2024-04-03,Mumbai,Diesel,92.15
2024-04-03,Mumbai,Petrol,104.21
2024-04-04,Chennai,Diesel,92.34
2024-04-04,Chennai,Petrol,100.75
2024-04-04,Delhi,Diesel,87.62
2024-04-04,Delhi,Petrol,94.72
2024-04-04,Kolkata,Diesel,90.76
2024-04-04,Kolkata,Petrol,103.94
2024-04-04,Mumbai,Diesel,92.15
2024-04-04,Mumbai,Petrol,104.21
2024-04-05,Chennai,Diesel,92.34
2024-04-05,Chennai,Petrol,100.75
2024-04-05,Delhi,Diesel,87.62
2024-04-05,Delhi,Petrol,94.72
2024-04-05,Kolkata,Diesel,90.76
2024-04-05,Kolkata,Petrol,103.94
2024-04-05,Mumbai,Diesel,92.15
2024-04-05,Mumbai,Petrol,104.21
2024-04-06,Chennai,Diesel,92.34
2024-04-06,Chennai,Petrol,100.75
2024-04-06,Delhi,Diesel,87.62
2024-04-06,Delhi,Petrol,94.72
2024-04-06,Kolkata,Diesel,90.76
2024-04-06,Kolkata,Petrol,103.94
2024-04-06,Mumbai,Diesel,92.15
2024-04-06,Mumbai,Petrol,104.21
2024-04-07,Chennai,Diesel,92.34
2024-04-07,Chennai,Petrol,100.75
2024-04-07,Delhi,Diesel,87.62
2024-04-07,Delhi,Petrol,94.72
2024-04-07,Kolkata,Diesel,90.76
2024-04-07,Kolkata,Petrol,103.94
2024-04-07,Mumbai,Diesel,92.15
2024-04-07,Mumbai,Petrol,104.21
2024-04-08,Chennai,Diesel,92.34
2024-04-08,Chennai,Petrol,100.75
2024-04-08,Delhi,Diesel,87.62
2024-04-08,Delhi,Petrol,94.72
2024-04-08,Kolkata,Diesel,90.76
2024-04-08,Kolkata,Petrol,103.94
2024-04-08,Mumbai,Diesel,92.15
2024-04-08,Mumbai,Petrol,104.21
2024-04-09,Chennai,Diesel,92.34
2024-04-09,Chennai,Petrol,100.75
2024-04-09,Delhi,Diesel,87.62
2024-04-09,Delhi,Petrol,94.72
2024-04-09,Kolkata,Diesel,90.76
2024-04-09,Kolkata,Petrol,103.94
2024-04-09,Mumbai,Diesel,92.15
2024-04-09,Mumbai,Petrol,104.21
2024-04-10,Chennai,Diesel,92.34
2024-04-10,Chennai,Petrol,100.75
2024-04-10,Delhi,Diesel,87.62
2024-04-10,Delhi,Petrol,94.72
2024-04-10,Kolkata,Diesel,90.76
2024-04-10,Kolkata,Petrol,103.94
2024-04-10,Mumbai,Diesel,92.15
2024-04-10,Mumbai,Petrol,104.21
2024-04-11,Chennai,Diesel,92.34
2024-04-11,Chennai,Petrol,100.75
2024-04-11,Delhi,Diesel,87.62
2024-04-11,Delhi,Petrol,94.72
2024-04-11,Kolkata,Diesel,90.76
2024-04-11,Kolkata,Petrol,103.94
2024-04-11,Mumbai,Diesel,92.15
2024-04-11,Mumbai,Petrol,104.21
2024-04-12,Chennai,Diesel,92.34
2024-04-12,Chennai,Petrol,100.75
2024-04-12,Delhi,Diesel,87.62
2024-04-12,Delhi,Petrol,94.72
2024-04-12,Kolkata,Diesel,90.76
2024-04-12,Kolkata,Petrol,103.94
2024-04-12,Mumbai,Diesel,92.15
2024-04-12,Mumbai,Petrol,104.21
2024-04-13,Chennai,Diesel,92.34
2024-04-13,Chennai,Petrol,100.75
2024-04-13,Delhi,Diesel,87.62
2024-04-13,Delhi,Petrol,94.72
2024-04-13,Kolkata,Diesel,90.76
2024-04-13,Kolkata,Petrol,103.94
2024-04-13,Mumbai,Diesel,92.15
2024-04-13,Mumbai,Petrol,104.21
2024-04-14,Chennai,Diesel,92.34
2024-04-14,Chennai,Petrol,100.75
2024-04-14,Delhi,Diesel,87.62
2024-04-14,Delhi,Petrol,94.72
2024-04-14,Kolkata,Diesel,90.76
2024-04-14,Kolkata,Petrol,103.94
2024-04-14,Mumbai,Diesel,92.15
2024-04-14,Mumbai,Petrol,104.21
2024-04-15,Chennai,Diesel,92.34
2024-04-15,Chennai,Petrol,100.75
2024-04-15,Delhi,Diesel,87.62
2024-04-15,Delhi,Petrol,94.72
2024-04-15,Kolkata,Diesel,90.76
2024-04-15,Kolkata,Petrol,103.94
2024-04-15,Mumbai,Diesel,92.15
2024-04-15,Mumbai,Petrol,104.21
2024-04-16,Chennai,Diesel,92.34
2024-04-16,Chennai,Petrol,100.75
2024-04-16,Delhi,Diesel,87.62
2024-04-16,Delhi,Petrol,94.72
2024-04-16,Kolkata,Diesel,90.76
2024-04-16,Kolkata,Petrol,103.94
2024-04-16,Mumbai,Diesel,92.15
2024-04-16,Mumbai,Petrol,104.21
2024-04-17,Chennai,Diesel,92.34
2024-04-17,Chennai,Petrol,100.75
2024-04-17,Delhi,Diesel,87.62
2024-04-17,Delhi,Petrol,94.72
2024-04-17,Kolkata,Diesel,90.76
2024-04-17,Kolkata,Petrol,103.94
2024-04-17,Mumbai,Diesel,92.15
2024-04-17,Mumbai,Petrol,104.21
2024-04-18,Chennai,Diesel,92.34
2024-04-18,Chennai,Petrol,100.75
2024-04-18,Delhi,Diesel,87.62
2024-04-18,Delhi,Petrol,94.72
2024-04-18,Kolkata,Diesel,90.76
2024-04-18,Kolkata,Petrol,103.94
2024-04-18,Mumbai,Diesel,92.15
2024-04-18,Mumbai,Petrol,104.21
2024-04-19,Chennai,Diesel,92.34
2024-04-19,Chennai,Petrol,100.75
2024-04-19,Delhi,Diesel,87.62
2024-04-19,Delhi,Petrol,94.72
2024-04-19,Kolkata,Diesel,90.76
2024-04-19,Kolkata,Petrol,103.94
2024-04-19,Mumbai,Diesel,92.15
2024-04-19,Mumbai,Petrol,104.21
2024-04-20,Chennai,Diesel,92.34
2024-04-20,Chennai,Petrol,100.75
2024-04-20,Delhi,Diesel,87.62
2024-04-20,Delhi,Petrol,94.72
2024-04-20,Kolkata,Diesel,90.76
2024-04-20,Kolkata,Petrol,103.94
2024-04-20,Mumbai,Diesel,92.15
2024-04-20,Mumbai,Petrol,104.21
2024-04-21,Chennai,Diesel,92.34
2024-04-21,Chennai,Petrol,100.75
2024-04-21,Delhi,Diesel,87.62
2024-04-21,Delhi,Petrol,94.72
2024-04-21,Kolkata,Diesel,90.76
2024-04-21,Kolkata,Petrol,103.94
2024-04-21,Mumbai,Diesel,92.15
2024-04-21,Mumbai,Petrol,104.21
2024-04-22,Chennai,Diesel,92.34
2024-04-22,Chennai,Petrol,100.75
2024-04-22,Delhi,Diesel,87.62
2024-04-22,Delhi,Petrol,94.72
2024-04-22,Kolkata,Diesel,90.76
2024-04-22,Kolkata,Petrol,103.94
2024-04-22,Mumbai,Diesel,92.15
2024-04-22,Mumbai,Petrol,104.21
2024-04-23,Chennai,Diesel,92.34
2024-04-23,Chennai,Petrol,100.75
2024-04-23,Delhi,Diesel,87.62
2024-04-23,Delhi,Petrol,94.72
2024-04-23,Kolkata,Diesel,90.76
2024-04-23,Kolkata,Petrol,103.94
2024-04-23,Mumbai,Diesel,92.15
2024-04-23,Mumbai,Petrol,104.21
2024-04-24,Chennai,Diesel,92.34
2024-04-24,Chennai,Petrol,100.75
2024-04-24,Delhi,Diesel,87.62
2024-04-24,Delhi,Petrol,94.72
2024-04-24,Kolkata,Diesel,90.76
2024-04-24,Kolkata,Petrol,103.94
2024-04-24,Mumbai,Diesel,92.15
2024-04-24,Mumbai,Petrol,104.21
2024-04-25,Chennai,Diesel,92.34
2024-04-25,Chennai,Petrol,100.75
2024-04-25,Delhi,Diesel,87.62
2024-04-25,Delhi,Petrol,94.72
2024-04-25,Kolkata,Diesel,90.76
2024-04-25,Kolkata,Petrol,103.94
2024-04-25,Mumbai,Diesel,92.15
2024-04-25,Mumbai,Petrol,104.21
2024-04-26,Chennai,Diesel,92.34
2024-04-26,Chennai,Petrol,100.75
2024-04-26,Delhi,Diesel,87.62
2024-04-26,Delhi,Petrol,94.72
2024-04-26,Kolkata,Diesel,90.76
2024-04-26,Kolkata,Petrol,103.94
2024-04-26,Mumbai,Diesel,92.15
2024-04-26,Mumbai,Petrol,104.21
2024-04-27,Chennai,Diesel,92.34
2024-04-27,Chennai,Petrol,100.75
2024-04-27,Delhi,Diesel,87.62
2024-04-27,Delhi,Petrol,94.72
2024-04-27,Kolkata,Diesel,90.76
2024-04-27,Kolkata,Petrol,103.94
2024-04-27,Mumbai,Diesel,92.15
2024-04-27,Mumbai,Petrol,104.21
2024-04-28,Chennai,Diesel,92.34
2024-04-28,Chennai,Petrol,100.75
2024-04-28,Delhi,Diesel,87.62
2024-04-28,Delhi,Petrol,94.72
2024-04-28,Kolkata,Diesel,90.76
2024-04-28,Kolkata,Petrol,103.94
2024-04-28,Mumbai,Diesel,92.15
2024-04-28,Mumbai,Petrol,104.21
2024-04-29,Chennai,Diesel,92.34
2024-04-29,Chennai,Petrol,100.75
2024-04-29,Delhi,Diesel,87.62
2024-04-29,Delhi,Petrol,94.72
2024-04-29,Kolkata,Diesel,90.76
2024-04-29,Kolkata,Petrol,103.94
2024-04-29,Mumbai,Diesel,92.15
2024-04-29,Mumbai,Petrol,104.21
2024-04-30,Chennai,Diesel,92.34
2024-04-30,Chennai,Petrol,100.75
2024-04-30,Delhi,Diesel,87.62
2024-04-30,Delhi,Petrol,94.72
2024-04-30,Kolkata,Diesel,90.76
2024-04-30,Kolkata,Petrol,103.94
2024-04-30,Mumbai,Diesel,92.15
2024-04-30,Mumbai,Petrol,104.21
2024-05-01,Chennai,Diesel,92.34
2024-05-01,Chennai,Petrol,100.75
2024-05-01,Delhi,Diesel,87.62
2024-05-01,Delhi,Petrol,94.72
2024-05-01,Kolkata,Diesel,90.76
2024-05-01,Kolkata,Petrol,103.94
2024-05-01,Mumbai,Diesel,92.15
2024-05-01,Mumbai,Petrol,104.21
2024-05-02,Chennai,Diesel,92.34
2024-05-02,Chennai,Petrol,100.75
2024-05-02,Delhi,Diesel,87.62
2024-05-02,Delhi,Petrol,94.72
2024-05-02,Kolkata,Diesel,90.76
2024-05-02,Kolkata,Petrol,103.94
2024-05-02,Mumbai,Diesel,92.15
2024-05-02,Mumbai,Petrol,104.21
2024-05-03,Chennai,Diesel,92.34
2024-05-03,Chennai,Petrol,100.75
2024-05-03,Delhi,Diesel,87.62
2024-05-03,Delhi,Petrol,94.72
2024-05-03,Kolkata,Diesel,90.76
2024-05-03,Kolkata,Petrol,103.94
2024-05-03,Mumbai,Diesel,92.15
2024-05-03,Mumbai,Petrol,104.21
2024-05-04,Chennai,Diesel,92.34
2024-05-04,Chennai,Petrol,100.75
2024-05-04,Delhi,Diesel,87.62
2024-05-04,Delhi,Petrol,94.72
2024-05-04,Kolkata,Diesel,90.76
2024-05-04,Kolkata,Petrol,103.94
2024-05-04,Mumbai,Diesel,92.15
2024-05-04,Mumbai,Petrol,104.21
2024-05-05,Chennai,Diesel,92.34
2024-05-05,Chennai,Petrol,100.75
2024-05-05,Delhi,Diesel,87.62
2024-05-05,Delhi,Petrol,94.72
2024-05-05,Kolkata,Diesel,90.76
2024-05-05,Kolkata,Petrol,103.94
2024-05-05,Mumbai,Diesel,92.15
2024-05-05,Mumbai,Petrol,104.21
2024-05-06,Chennai,Diesel,92.34
2024-05-06,Chennai,Petrol,100.75
2024-05-06,Delhi,Diesel,87.62
2024-05-06,Delhi,Petrol,94.72
2024-05-06,Kolkata,Diesel,90.76
2024-05-06,Kolkata,Petrol,103.94
2024-05-06,Mumbai,Diesel,92.15
2024-05-06,Mumbai,Petrol,104.21
2024-05-07,Chennai,Diesel,92.34
2024-05-07,Chennai,Petrol,100.75
2024-05-07,Delhi,Diesel,87.62
2024-05-07,Delhi,Petrol,94.72
2024-05-07,Kolkata,Diesel,90.76
2024-05-07,Kolkata,Petrol,103.94
2024-05-07,Mumbai,Diesel,92.15
2024-05-07,Mumbai,Petrol,104.21
2024-05-08,Chennai,Diesel,92.34
2024-05-08,Chennai,Petrol,100.75
2024-05-08,Delhi,Diesel,87.62
2024-05-08,Delhi,Petrol,94.72
2024-05-08,Kolkata,Diesel,90.76
2024-05-08,Kolkata,Petrol,103.94
2024-05-08,Mumbai,Diesel,92.15
2024-05-08,Mumbai,Petrol,104.21
2024-05-09,Chennai,Diesel,92.34
2024-05-09,Chennai,Petrol,100.75
2024-05-09,Delhi,Diesel,87.62
2024-05-09,Delhi,Petrol,94.72
2024-05-09,Kolkata,Diesel,90.76
2024-05-09,Kolkata,Petrol,103.94
2024-05-09,Mumbai,Diesel,92.15
2024-05-09,Mumbai,Petrol,104.21
2024-05-10,Chennai,Diesel,92.34
2024-05-10,Chennai,Petrol,100.75
2024-05-10,Delhi,Diesel,87.62
2024-05-10,Delhi,Petrol,94.72
2024-05-10,Kolkata,Diesel,90.76
2024-05-10,Kolkata,Petrol,103.94
2024-05-10,Mumbai,Diesel,92.15
2024-05-10,Mumbai,Petrol,104.21
2024-05-11,Chennai,Diesel,92.34
2024-05-11,Chennai,Petrol,100.75
2024-05-11,Delhi,Diesel,87.62
2024-05-11,Delhi,Petrol,94.72
2024-05-11,Kolkata,Diesel,90.76
2024-05-11,Kolkata,Petrol,103.94
2024-05-11,Mumbai,Diesel,92.15
2024-05-11,Mumbai,Petrol,104.21
2024-05-12,Chennai,Diesel,92.34
2024-05-12,Chennai,Petrol,100.75
2024-05-12,Delhi,Diesel,87.62
2024-05-12,Delhi,Petrol,94.72
2024-05-12,Kolkata,Diesel,90.76
2024-05-12,Kolkata,Petrol,103.94
2024-05-12,Mumbai,Diesel,92.15
2024-05-12,Mumbai,Petrol,104.21
2024-05-13,Chennai,Diesel,92.34
2024-05-13,Chennai,Petrol,100.75
2024-05-13,Delhi,Diesel,87.62
2024-05-13,Delhi,Petrol,94.72
2024-05-13,Kolkata,Diesel,90.76
2024-05-13,Kolkata,Petrol,103.94
2024-05-13,Mumbai,Diesel,92.15
2024-05-13,Mumbai,Petrol,104.21
2024-05-14,Chennai,Diesel,92.34
2024-05-14,Chennai,Petrol,100.75
2024-05-14,Delhi,Diesel,87.62
2024-05-14,Delhi,Petrol,94.72
2024-05-14,Kolkata,Diesel,90.76
2024-05-14,Kolkata,Petrol,103.94
2024-05-14,Mumbai,Diesel,92.15
2024-05-14,Mumbai,Petrol,104.21
2024-05-15,Chennai,Diesel,92.34
2024-05-15,Chennai,Petrol,100.75
2024-05-15,Delhi,Diesel,87.62
2024-05-15,Delhi,Petrol,94.72
2024-05-15,Kolkata,Diesel,90.76
2024-05-15,Kolkata,Petrol,103.94
2024-05-15,Mumbai,Diesel,92.15
2024-05-15,Mumbai,Petrol,104.21
2024-05-16,Chennai,Diesel,92.34
2024-05-16,Chennai,Petrol,100.75
2024-05-16,Delhi,Diesel,87.62
2024-05-16,Delhi,Petrol,94.72
2024-05-16,Kolkata,Diesel,90.76
2024-05-16,Kolkata,Petrol,103.94
2024-05-16,Mumbai,Diesel,92.15
2024-05-16,Mumbai,Petrol,104.21
2024-05-17,Chennai,Diesel,92.34
2024-05-17,Chennai,Petrol,100.75
2024-05-17,Delhi,Diesel,87.62
2024-05-17,Delhi,Petrol,94.72
2024-05-17,Kolkata,Diesel,90.76
2024-05-17,Kolkata,Petrol,103.94
2024-05-17,Mumbai,Diesel,92.15
2024-05-17,Mumbai,Petrol,104.21
2024-05-18,Chennai,Diesel,92.34
2024-05-18,Chennai,Petrol,100.75
2024-05-18,Delhi,Diesel,87.62
2024-05-18,Delhi,Petrol,94.72
2024-05-18,Kolkata,Diesel,90.76
2024-05-18,Kolkata,Petrol,103.94
2024-05-18,Mumbai,Diesel,92.15
2024-05-18,Mumbai,Petrol,104.21
2024-05-19,Chennai,Diesel,92.34
2024-05-19,Chennai,Petrol,100.75
2024-05-19,Delhi,Diesel,87.62
2024-05-19,Delhi,Petrol,94.72
2024-05-19,Kolkata,Diesel,90.76
2024-05-19,Kolkata,Petrol,103.94
2024-05-19,Mumbai,Diesel,92.15
2024-05-19,Mumbai,Petrol,104.21
2024-05-20,Chennai,Diesel,92.34
2024-05-20,Chennai,Petrol,100.75
2024-05-20,Delhi,Diesel,87.62
2024-05-20,Delhi,Petrol,94.72
2024-05-20,Kolkata,Diesel,90.76
2024-05-20,Kolkata,Petrol,103.94
2024-05-20,Mumbai,Diesel,92.15
2024-05-20,Mumbai,Petrol,104.21
2024-05-21,Chennai,Diesel,92.34
2024-05-21,Chennai,Petrol,100.75
2024-05-21,Delhi,Diesel,87.62
2024-05-21,Delhi,Petrol,94.72
2024-05-21,Kolkata,Diesel,90.76
2024-05-21,Kolkata,Petrol,103.94
2024-05-21,Mumbai,Diesel,92.15
2024-05-21,Mumbai,Petrol,104.21
2024-05-22,Chennai,Diesel,92.34
2024-05-22,Chennai,Petrol,100.75
2024-05-22,Delhi,Diesel,87.62
2024-05-22,Delhi,Petrol,94.72
2024-05-22,Kolkata,Diesel,90.76
2024-05-22,Kolkata,Petrol,103.94
2024-05-22,Mumbai,Diesel,92.15
2024-05-22,Mumbai,Petrol,104.21
2024-05-23,Chennai,Diesel,92.34
2024-05-23,Chennai,Petrol,100.75
2024-05-23,Delhi,Diesel,87.62
2024-05-23,Delhi,Petrol,94.72
2024-05-23,Kolkata,Diesel,90.76
2024-05-23,Kolkata,Petrol,103.94
2024-05-23,Mumbai,Diesel,92.15
2024-05-23,Mumbai,Petrol,104.21
2024-05-24,Chennai,Diesel,92.34
2024-05-24,Chennai,Petrol,100.75
2024-05-24,Delhi,Diesel,87.62
2024-05-24,Delhi,Petrol,94.72
2024-05-24,Kolkata,Diesel,90.76
2024-05-24,Kolkata,Petrol,103.94
2024-05-24,Mumbai,Diesel,92.15
2024-05-24,Mumbai,Petrol,104.21
2024-05-25,Chennai,Diesel,92.34
2024-05-25,Chennai,Petrol,100.75
2024-05-25,Delhi,Diesel,87.62
2024-05-25,Delhi,Petrol,94.72
2024-05-25,Kolkata,Diesel,90.76
2024-05-25,Kolkata,Petrol,103.94
2024-05-25,Mumbai,Diesel,92.15
2024-05-25,Mumbai,Petrol,104.21
2024-05-26,Chennai,Diesel,92.34
2024-05-26,Chennai,Petrol,100.75
2024-05-26,Delhi,Diesel,87.62
2024-05-26,Delhi,Petrol,94.72
2024-05-26,Kolkata,Diesel,90.76
2024-05-26,Kolkata,Petrol,103.94
2024-05-26,Mumbai,Diesel,92.15
2024-05-26,Mumbai,Petrol,104.21
2024-05-27,Chennai,Diesel,92.34
2024-05-27,Chennai,Petrol,100.75
2024-05-27,Delhi,Diesel,87.62
2024-05-27,Delhi,Petrol,94.72
2024-05-27,Kolkata,Diesel,90.76
2024-05-27,Kolkata,Petrol,103.94
2024-05-27,Mumbai,Diesel,92.15
2024-05-27,Mumbai,Petrol,104.21
2024-05-28,Chennai,Diesel,92.34
2024-05-28,Chennai,Petrol,100.75
2024-05-28,Delhi,Diesel,87.62
2024-05-28,Delhi,Petrol,94.72
2024-05-28,Kolkata,Diesel,90.76
2024-05-28,Kolkata,Petrol,103.94
2024-05-28,Mumbai,Diesel,92.15
2024-05-28,Mumbai,Petrol,104.21
2024-05-29,Chennai,Diesel,92.34
2024-05-29,Chennai,Petrol,100.75
2024-05-29,Delhi,Diesel,87.62
2024-05-29,Delhi,Petrol,94.72
2024-05-29,Kolkata,Diesel,90.76
2024-05-29,Kolkata,Petrol,103.94
2024-05-29,Mumbai,Diesel,92.15
2024-05-29,Mumbai,Petrol,104.21
2024-05-30,Chennai,Diesel,92.34
2024-05-30,Chennai,Petrol,100.75
2024-05-30,Delhi,Diesel,87.62
2024-05-30,Delhi,Petrol,94.72
2024-05-30,Kolkata,Diesel,90.76
2024-05-30,Kolkata,Petrol,103.94
2024-05-30,Mumbai,Diesel,92.15
2024-05-30,Mumbai,Petrol,104.21
2024-05-31,Chennai,Diesel,92.34
2024-05-31,Chennai,Petrol,100.75
2024-05-31,Delhi,Diesel,87.62
2024-05-31,Delhi,Petrol,94.72
2024-05-31,Kolkata,Diesel,90.76
2024-05-31,Kolkata,Petrol,103.94
2024-05-31,Mumbai,Diesel,92.15
2024-05-31,Mumbai,Petrol,104.21
2024-06-01,Chennai,Diesel,92.34
2024-06-01,Chennai,Petrol,100.75
2024-06-01,Delhi,Diesel,87.62
2024-06-01,Delhi,Petrol,94.72
2024-06-01,Kolkata,Diesel,90.76
2024-06-01,Kolkata,Petrol,103.94
2024-06-01,Mumbai,Diesel,92.15
2024-06-01,Mumbai,Petrol,104.21
2024-06-02,Chennai,Diesel,92.34
2024-06-02,Chennai,Petrol,100.75
2024-06-02,Delhi,Diesel,87.62
2024-06-02,Delhi,Petrol,94.72
2024-06-02,Kolkata,Diesel,90.76
2024-06-02,Kolkata,Petrol,103.94
2024-06-02,Mumbai,Diesel,92.15
2024-06-02,Mumbai,Petrol,104.21
2024-06-03,Chennai,Diesel,92.34
2024-06-03,Chennai,Petrol,100.75
2024-06-03,Delhi,Diesel,87.62
2024-06-03,Delhi,Petrol,94.72
2024-06-03,Kolkata,Diesel,90.76
2024-06-03,Kolkata,Petrol,103.94
2024-06-03,Mumbai,Diesel,92.15
2024-06-03,Mumbai,Petrol,104.21
2024-06-04,Chennai,Diesel,92.34
2024-06-04,Chennai,Petrol,100.75
2024-06-04,Delhi,Diesel,87.62
2024-06-04,Delhi,Petrol,94.72
2024-06-04,Kolkata,Diesel,90.76
2024-06-04,Kolkata,Petrol,103.94
2024-06-04,Mumbai,Diesel,92.15
2024-06-04,Mumbai,Petrol,104.21
2024-06-05,Chennai,Diesel,92.34
2024-06-05,Chennai,Petrol,100.75
2024-06-05,Delhi,Diesel,87.62
2024-06-05,Delhi,Petrol,94.72
2024-06-05,Kolkata,Diesel,90.76
2024-06-05,Kolkata,Petrol,103.94
2024-06-05,Mumbai,Diesel,92.15
2024-06-05,Mumbai,Petrol,104.21
2024-06-06,Chennai,Diesel,92.34
2024-06-06,Chennai,Petrol,100.75
2024-06-06,Delhi,Diesel,87.62
2024-06-06,Delhi,Petrol,94.72
2024-06-06,Kolkata,Diesel,90.76
2024-06-06,Kolkata,Petrol,103.94
2024-06-06,Mumbai,Diesel,92.15
2024-06-06,Mumbai,Petrol,104.21
2024-06-07,Chennai,Diesel,92.34
2024-06-07,Chennai,Petrol,100.75
2024-06-07,Delhi,Diesel,87.62
2024-06-07,Delhi,Petrol,94.72
2024-06-07,Kolkata,Diesel,90.76
2024-06-07,Kolkata,Petrol,103.94
2024-06-07,Mumbai,Diesel,92.15
2024-06-07,Mumbai,Petrol,104.21
2024-06-08,Chennai,Diesel,92.34
2024-06-08,Chennai,Petrol,100.75
2024-06-08,Delhi,Diesel,87.62
2024-06-08,Delhi,Petrol,94.72
2024-06-08,Kolkata,Diesel,90.76
2024-06-08,Kolkata,Petrol,103.94
2024-06-08,Mumbai,Diesel,92.15
2024-06-08,Mumbai,Petrol,104.21
2024-06-09,Chennai,Diesel,92.34
2024-06-09,Chennai,Petrol,100.75
2024-06-09,Delhi,Diesel,87.62
2024-06-09,Delhi,Petrol,94.72
2024-06-09,Kolkata,Diesel,90.76
2024-06-09,Kolkata,Petrol,103.94
2024-06-09,Mumbai,Diesel,92.15
2024-06-09,Mumbai,Petrol,104.21
2024-06-10,Chennai,Diesel,92.34
2024-06-10,Chennai,Petrol,100.75
2024-06-10,Delhi,Diesel,87.62
2024-06-10,Delhi,Petrol,94.72
2024-06-10,Kolkata,Diesel,90.76
2024-06-10,Kolkata,Petrol,103.94
2024-06-10,Mumbai,Diesel,92.15
2024-06-10,Mumbai,Petrol,104.21
2024-06-11,Chennai,Diesel,92.34
2024-06-11,Chennai,Petrol,100.75
2024-06-11,Delhi,Diesel,87.62
2024-06-11,Delhi,Petrol,94.72
2024-06-11,Kolkata,Diesel,90.76
2024-06-11,Kolkata,Petrol,103.94
2024-06-11,Mumbai,Diesel,92.15
2024-06-11,Mumbai,Petrol,104.21
2024-06-12,Chennai,Diesel,92.34
2024-06-12,Chennai,Petrol,100.75
2024-06-12,Delhi,Diesel,87.62
2024-06-12,Delhi,Petrol,94.72
2024-06-12,Kolkata,Diesel,90.76
2024-06-12,Kolkata,Petrol,103.94
2024-06-12,Mumbai,Diesel,92.15
2024-06-12,Mumbai,Petrol,104.21
2024-06-13,Chennai,Diesel,92.34
2024-06-13,Chennai,Petrol,100.75
2024-06-13,Delhi,Diesel,87.62
2024-06-13,Delhi,Petrol,94.72
2024-06-13,Kolkata,Diesel,90.76
2024-06-13,Kolkata,Petrol,103.94
2024-06-13,Mumbai,Diesel,92.15
2024-06-13,Mumbai,Petrol,104.21
2024-06-14,Chennai,Diesel,92.34
2024-06-14,Chennai,Petrol,100.75
2024-06-14,Delhi,Diesel,87.62
2024-06-14,Delhi,Petrol,94.72
2024-06-14,Kolkata,Diesel,90.76
2024-06-14,Kolkata,Petrol,103.94
2024-06-14,Mumbai,Diesel,92.15
2024-06-14,Mumbai,Petrol,104.21
2024-06-15,Chennai,Diesel,92.34
2024-06-15,Chennai,Petrol,100.75
2024-06-15,Delhi,Diesel,87.62
2024-06-15,Delhi,Petrol,94.72
2024-06-15,Kolkata,Diesel,90.76
2024-06-15,Kolkata,Petrol,103.94
2024-06-15,Mumbai,Diesel,92.15
2024-06-15,Mumbai,Petrol,104.21
2024-06-16,Chennai,Diesel,92.34
2024-06-16,Chennai,Petrol,100.75
2024-06-16,Delhi,Diesel,87.62
2024-06-16,Delhi,Petrol,94.72
2024-06-16,Kolkata,Diesel,90.76
2024-06-16,Kolkata,Petrol,103.94
2024-06-16,Mumbai,Diesel,92.15
2024-06-16,Mumbai,Petrol,104.21
2024-06-17,Chennai,Diesel,92.34
2024-06-17,Chennai,Petrol,100.75
2024-06-17,Delhi,Diesel,87.62
2024-06-17,Delhi,Petrol,94.72
2024-06-17,Kolkata,Diesel,90.76
2024-06-17,Kolkata,Petrol,103.94
2024-06-17,Mumbai,Diesel,92.15
2024-06-17,Mumbai,Petrol,104.21
2024-06-18,Chennai,Diesel,92.34
2024-06-18,Chennai,Petrol,100.75
2024-06-18,Delhi,Diesel,87.62
2024-06-18,Delhi,Petrol,94.72
2024-06-18,Kolkata,Diesel,90.76
2024-06-18,Kolkata,Petrol,103.94
2024-06-18,Mumbai,Diesel,92.15
2024-06-18,Mumbai,Petrol,104.21
2024-06-19,Chennai,Diesel,92.34
2024-06-19,Chennai,Petrol,100.75
2024-06-19,Delhi,Diesel,87.62
2024-06-19,Delhi,Petrol,94.72
2024-06-19,Kolkata,Diesel,90.76
2024-06-19,Kolkata,Petrol,103.94
2024-06-19,Mumbai,Diesel,92.15
2024-06-19,Mumbai,Petrol,104.21
2024-06-20,Chennai,Diesel,92.34
2024-06-20,Chennai,Petrol,100.75
2024-06-20,Delhi,Diesel,87.62
2024-06-20,Delhi,Petrol,94.72
2024-06-20,Kolkata,Diesel,90.76
2024-06-20,Kolkata,Petrol,103.94
2024-06-20,Mumbai,Diesel,92.15
2024-06-20,Mumbai,Petrol,104.21
2024-06-21,Chennai,Diesel,92.34
2024-06-21,Chennai,Petrol,100.75
2024-06-21,Delhi,Diesel,87.62
2024-06-21,Delhi,Petrol,94.72
2024-06-21,Kolkata,Diesel,90.76
2024-06-21,Kolkata,Petrol,103.94
2024-06-21,Mumbai,Diesel,92.15
2024-06-21,Mumbai,Petrol,104.21
2024-06-22,Chennai,Diesel,92.34
2024-06-22,Chennai,Petrol,100.75
2024-06-22,Delhi,Diesel,87.62
2024-06-22,Delhi,Petrol,94.72
2024-06-22,Kolkata,Diesel,90.76
2024-06-22,Kolkata,Petrol,103.94
2024-06-22,Mumbai,Diesel,92.15
2024-06-22,Mumbai,Petrol,104.21
2024-06-23,Chennai,Diesel,92.34
2024-06-23,Chennai,Petrol,100.75
2024-06-23,Delhi,Diesel,87.62
2024-06-23,Delhi,Petrol,94.72
2024-06-23,Kolkata,Diesel,90.76
2024-06-23,Kolkata,Petrol,103.94
2024-06-23,Mumbai,Diesel,92.15
2024-06-23,Mumbai,Petrol,104.21
2024-06-24,Chennai,Diesel,92.34
2024-06-24,Chennai,Petrol,100.75
2024-06-24,Delhi,Diesel,87.62
2024-06-24,Delhi,Petrol,94.72
2024-06-24,Kolkata,Diesel,90.76
2024-06-24,Kolkata,Petrol,103.94
2024-06-24,Mumbai,Diesel,92.15
2024-06-24,Mumbai,Petrol,104.21
2024-06-25,Chennai,Diesel,92.34
2024-06-25,Chennai,Petrol,100.75
2024-06-25,Delhi,Diesel,87.62
2024-06-25,Delhi,Petrol,94.72
2024-06-25,Kolkata,Diesel,90.76
2024-06-25,Kolkata,Petrol,103.94
2024-06-25,Mumbai,Diesel,92.15
2024-06-25,Mumbai,Petrol,104.21
2024-06-26,Chennai,Diesel,92.34
2024-06-26,Chennai,Petrol,100.75
2024-06-26,Delhi,Diesel,87.62
2024-06-26,Delhi,Petrol,94.72
2024-06-26,Kolkata,Diesel,90.76
2024-06-26,Kolkata,Petrol,103.94
2024-06-26,Mumbai,Diesel,92.15
2024-06-26,Mumbai,Petrol,104.21
2024-06-27,Chennai,Diesel,92.34
2024-06-27,Chennai,Petrol,100.75
2024-06-27,Delhi,Diesel,87.62
2024-06-27,Delhi,Petrol,94.72
2024-06-27,Kolkata,Diesel,90.76
2024-06-27,Kolkata,Petrol,103.94
2024-06-27,Mumbai,Diesel,92.15
2024-06-27,Mumbai,Petrol,104.21
2024-06-28,Chennai,Diesel,92.34
2024-06-28,Chennai,Petrol,100.75
2024-06-28,Delhi,Diesel,87.62
2024-06-28,Delhi,Petrol,94.72
2024-06-28,Kolkata,Diesel,90.76
2024-06-28,Kolkata,Petrol,103.94
2024-06-28,Mumbai,Diesel,92.15
2024-06-28,Mumbai,Petrol,104.21
2024-06-29,Chennai,Diesel,92.34
2024-06-29,Chennai,Petrol,100.75
2024-06-29,Delhi,Diesel,87.62
2024-06-29,Delhi,Petrol,94.72
2024-06-29,Kolkata,Diesel,90.76
2024-06-29,Kolkata,Petrol,103.94
2024-06-29,Mumbai,Diesel,89.97
2024-06-29,Mumbai,Petrol,103.44
2024-06-30,Chennai,Diesel,92.34
2024-06-30,Chennai,Petrol,100.75
2024-06-30,Delhi,Diesel,87.62
2024-06-30,Delhi,Petrol,94.72
2024-06-30,Kolkata,Diesel,90.76
2024-06-30,Kolkata,Petrol,103.94
2024-06-30,Mumbai,Diesel,89.97
2024-06-30,Mumbai,Petrol,103.44
2024-07-01,Chennai,Diesel,92.34
2024-07-01,Chennai,Petrol,100.75
2024-07-01,Delhi,Diesel,87.62
2024-07-01,Delhi,Petrol,94.72
2024-07-01,Kolkata,Diesel,91.76
2024-07-01,Kolkata,Petrol,104.95
2024-07-01,Mumbai,Diesel,89.97
2024-07-01,Mumbai,Petrol,103.44
2024-07-02,Chennai,Diesel,92.34
2024-07-02,Chennai,Petrol,100.75
2024-07-02,Delhi,Diesel,87.62
2024-07-02,Delhi,Petrol,94.72
2024-07-02,Kolkata,Diesel,91.76
2024-07-02,Kolkata,Petrol,104.95
2024-07-02,Mumbai,Diesel,89.97
2024-07-02,Mumbai,Petrol,103.44
2024-07-03,Chennai,Diesel,92.34
2024-07-03,Chennai,Petrol,100.75
2024-07-03,Delhi,Diesel,87.62
2024-07-03,Delhi,Petrol,94.72
2024-07-03,Kolkata,Diesel,91.76
2024-07-03,Kolkata,Petrol,104.95
2024-07-03,Mumbai,Diesel,89.97
2024-07-03,Mumbai,Petrol,103.44
2024-07-04,Chennai,Diesel,92.34
2024-07-04,Chennai,Petrol,100.75
2024-07-04,Delhi,Diesel,87.62
2024-07-04,Delhi,Petrol,94.72
2024-07-04,Kolkata,Diesel,91.76
2024-07-04,Kolkata,Petrol,104.95
2024-07-04,Mumbai,Diesel,89.97
2024-07-04,Mumbai,Petrol,103.44
2024-07-05,Chennai,Diesel,92.34
2024-07-05,Chennai,Petrol,100.75
2024-07-05,Delhi,Diesel,87.62
2024-07-05,Delhi,Petrol,94.72
2024-07-05,Kolkata,Diesel,91.76
2024-07-05,Kolkata,Petrol,104.95
2024-07-05,Mumbai,Diesel,89.97
2024-07-05,Mumbai,Petrol,103.44
2024-07-06,Chennai,Diesel,92.34
2024-07-06,Chennai,Petrol,100.75
2024-07-06,Delhi,Diesel,87.62
2024-07-06,Delhi,Petrol,94.72
2024-07-06,Kolkata,Diesel,91.76
2024-07-06,Kolkata,Petrol,104.95
2024-07-06,Mumbai,Diesel,89.97
2024-07-06,Mumbai,Petrol,103.44
2024-07-07,Chennai,Diesel,92.34
2024-07-07,Chennai,Petrol,100.75
2024-07-07,Delhi,Diesel,87.62
2024-07-07,Delhi,Petrol,94.72
2024-07-07,Kolkata,Diesel,91.76
2024-07-07,Kolkata,Petrol,104.95
2024-07-07,Mumbai,Diesel,89.97
2024-07-07,Mumbai,Petrol,103.44
2024-07-08,Chennai,Diesel,92.34
2024-07-08,Chennai,Petrol,100.75
2024-07-08,Delhi,Diesel,87.62
2024-07-08,Delhi,Petrol,94.72
2024-07-08,Kolkata,Diesel,91.76
2024-07-08,Kolkata,Petrol,104.95
2024-07-08,Mumbai,Diesel,89.97
2024-07-08,Mumbai,Petrol,103.44
2024-07-09,Chennai,Diesel,92.34
2024-07-09,Chennai,Petrol,100.75
2024-07-09,Delhi,Diesel,87.62
2024-07-09,Delhi,Petrol,94.72
2024-07-09,Kolkata,Diesel,91.76
2024-07-09,Kolkata,Petrol,104.95
2024-07-09,Mumbai,Diesel,89.97
2024-07-09,Mumbai,Petrol,103.44
2024-07-10,Chennai,Diesel,92.34
2024-07-10,Chennai,Petrol,100.75
2024-07-10,Delhi,Diesel,87.62
2024-07-10,Delhi,Petrol,94.72
2024-07-10,Kolkata,Diesel,91.76
2024-07-10,Kolkata,Petrol,104.95
2024-07-10,Mumbai,Diesel,89.97
2024-07-10,Mumbai,Petrol,103.44
2024-07-11,Chennai,Diesel,92.34
2024-07-11,Chennai,Petrol,100.75
2024-07-11,Delhi,Diesel,87.62
2024-07-11,Delhi,Petrol,94.72
2024-07-11,Kolkata,Diesel,91.76
2024-07-11,Kolkata,Petrol,104.95
2024-07-11,Mumbai,Diesel,89.97
2024-07-11,Mumbai,Petrol,103.44
2024-07-12,Chennai,Diesel,92.34
2024-07-12,Chennai,Petrol,100.75
2024-07-12,Delhi,Diesel,87.62
2024-07-12,Delhi,Petrol,94.72
2024-07-12,Kolkata,Diesel,91.76
2024-07-12,Kolkata,Petrol,104.95
2024-07-12,Mumbai,Diesel,89.97
2024-07-12,Mumbai,Petrol,103.44
2024-07-13,Chennai,Diesel,92.34
2024-07-13,Chennai,Petrol,100.75
2024-07-13,Delhi,Diesel,87.62
2024-07-13,Delhi,Petrol,94.72
2024-07-13,Kolkata,Diesel,91.76
2024-07-13,Kolkata,Petrol,104.95
2024-07-13,Mumbai,Diesel,89.97
2024-07-13,Mumbai,Petrol,103.44
2024-07-14,Chennai,Diesel,92.34
2024-07-14,Chennai,Petrol,100.75
2024-07-14,Delhi,Diesel,87.62
2024-07-14,Delhi,Petrol,94.72
2024-07-14,Kolkata,Diesel,91.76
2024-07-14,Kolkata,Petrol,104.95
2024-07-14,Mumbai,Diesel,89.97
2024-07-14,Mumbai,Petrol,103.44
2024-07-15,Chennai,Diesel,92.34
2024-07-15,Chennai,Petrol,100.75
2024-07-15,Delhi,Diesel,87.62
2024-07-15,Delhi,Petrol,94.72
2024-07-15,Kolkata,Diesel,91.76
2024-07-15,Kolkata,Petrol,104.95
2024-07-15,Mumbai,Diesel,89.97
2024-07-15,Mumbai,Petrol,103.44
2024-07-16,Chennai,Diesel,92.34
2024-07-16,Chennai,Petrol,100.75
2024-07-16,Delhi,Diesel,87.62
2024-07-16,Delhi,Petrol,94.72
2024-07-16,Kolkata,Diesel,91.76
2024-07-16,Kolkata,Petrol,104.95
2024-07-16,Mumbai,Diesel,89.97
2024-07-16,Mumbai,Petrol,103.44
2024-07-17,Chennai,Diesel,92.34
2024-07-17,Chennai,Petrol,100.75
2024-07-17,Delhi,Diesel,87.62
2024-07-17,Delhi,Petrol,94.72
2024-07-17,Kolkata,Diesel,91.76
2024-07-17,Kolkata,Petrol,104.95
2024-07-17,Mumbai,Diesel,89.97
2024-07-17,Mumbai,Petrol,103.44
2024-07-18,Chennai,Diesel,92.34
2024-07-18,Chennai,Petrol,100.75
2024-07-18,Delhi,Diesel,87.62
2024-07-18,Delhi,Petrol,94.72
2024-07-18,Kolkata,Diesel,91.76
2024-07-18,Kolkata,Petrol,104.95
2024-07-18,Mumbai,Diesel,89.97
2024-07-18,Mumbai,Petrol,103.44
2024-07-19,Chennai,Diesel,92.34
2024-07-19,Chennai,Petrol,100.75
2024-07-19,Delhi,Diesel,87.62
2024-07-19,Delhi,Petrol,94.72
2024-07-19,Kolkata,Diesel,91.76
2024-07-19,Kolkata,Petrol,104.95
2024-07-19,Mumbai,Diesel,89.97
2024-07-19,Mumbai,Petrol,103.44
2024-07-20,Chennai,Diesel,92.34
2024-07-20,Chennai,Petrol,100.75
2024-07-20,Delhi,Diesel,87.62
2024-07-20,Delhi,Petrol,94.72
2024-07-20,Kolkata,Diesel,91.76
2024-07-20,Kolkata,Petrol,104.95
2024-07-20,Mumbai,Diesel,89.97
2024-07-20,Mumbai,Petrol,103.44
2024-07-21,Chennai,Diesel,92.34
2024-07-21,Chennai,Petrol,100.75
2024-07-21,Delhi,Diesel,87.62
2024-07-21,Delhi,Petrol,94.72
2024-07-21,Kolkata,Diesel,91.76
2024-07-21,Kolkata,Petrol,104.95
2024-07-21,Mumbai,Diesel,89.97
2024-07-21,Mumbai,Petrol,103.44
2024-07-22,Chennai,Diesel,92.34
2024-07-22,Chennai,Petrol,100.75
2024-07-22,Delhi,Diesel,87.62
2024-07-22,Delhi,Petrol,94.72
2024-07-22,Kolkata,Diesel,91.76
2024-07-22,Kolkata,Petrol,104.95
2024-07-22,Mumbai,Diesel,89.97
2024-07-22,Mumbai,Petrol,103.44
2024-07-23,Chennai,Diesel,92.34
2024-07-23,Chennai,Petrol,100.75
2024-07-23,Delhi,Diesel,87.62
2024-07-23,Delhi,Petrol,94.72
2024-07-23,Kolkata,Diesel,91.76
2024-07-23,Kolkata,Petrol,104.95
2024-07-23,Mumbai,Diesel,89.97
2024-07-23,Mumbai,Petrol,103.44
2024-07-24,Chennai,Diesel,92.34
2024-07-24,Chennai,Petrol,100.75
2024-07-24,Delhi,Diesel,87.62
2024-07-24,Delhi,Petrol,94.72
2024-07-24,Kolkata,Diesel,91.76
2024-07-24,Kolkata,Petrol,104.95
2024-07-24,Mumbai,Diesel,89.97
2024-07-24,Mumbai,Petrol,103.44
2024-07-25,Chennai,Diesel,92.34
2024-07-25,Chennai,Petrol,100.75
2024-07-25,Delhi,Diesel,87.62
2024-07-25,Delhi,Petrol,94.72
2024-07-25,Kolkata,Diesel,91.76
2024-07-25,Kolkata,Petrol,104.95
2024-07-25,Mumbai,Diesel,89.97
2024-07-25,Mumbai,Petrol,103.44
2024-07-26,Chennai,Diesel,92.34
2024-07-26,Chennai,Petrol,100.75
2024-07-26,Delhi,Diesel,87.62
2024-07-26,Delhi,Petrol,94.72
2024-07-26,Kolkata,Diesel,91.76
2024-07-26,Kolkata,Petrol,104.95
2024-07-26,Mumbai,Diesel,89.97
2024-07-26,Mumbai,Petrol,103.44
2024-07-27,Chennai,Diesel,92.34
2024-07-27,Chennai,Petrol,100.75
2024-07-27,Delhi,Diesel,87.62
2024-07-27,Delhi,Petrol,94.72
2024-07-27,Kolkata,Diesel,91.76
2024-07-27,Kolkata,Petrol,104.95
2024-07-27,Mumbai,Diesel,89.97
2024-07-27,Mumbai,Petrol,103.44
2024-07-28,Chennai,Diesel,92.34
2024-07-28,Chennai,Petrol,100.75
2024-07-28,Delhi,Diesel,87.62
2024-07-28,Delhi,Petrol,94.72
2024-07-28,Kolkata,Diesel,91.76
2024-07-28,Kolkata,Petrol,104.95
2024-07-28,Mumbai,Diesel,89.97
2024-07-28,Mumbai,Petrol,103.44
2024-07-29,Chennai,Diesel,92.34
2024-07-29,Chennai,Petrol,100.75
2024-07-29,Delhi,Diesel,87.62
2024-07-29,Delhi,Petrol,94.72
2024-07-29,Kolkata,Diesel,91.76
2024-07-29,Kolkata,Petrol,104.95
2024-07-29,Mumbai,Diesel,89.97
2024-07-29,Mumbai,Petrol,103.44
2024-07-30,Chennai,Diesel,92.34
2024-07-30,Chennai,Petrol,100.75
2024-07-30,Delhi,Diesel,87.62
2024-07-30,Delhi,Petrol,94.72
2024-07-30,Kolkata,Diesel,91.76
2024-07-30,Kolkata,Petrol,104.95
2024-07-30,Mumbai,Diesel,89.97
2024-07-30,Mumbai,Petrol,103.44
2024-07-31,Chennai,Diesel,92.34
2024-07-31,Chennai,Petrol,100.75
2024-07-31,Delhi,Diesel,87.62
2024-07-31,Delhi,Petrol,94.72
2024-07-31,Kolkata,Diesel,91.76
2024-07-31,Kolkata,Petrol,104.95
2024-07-31,Mumbai,Diesel,89.97
2024-07-31,Mumbai,Petrol,103.44
2024-08-01,Chennai,Diesel,92.34
2024-08-01,Chennai,Petrol,100.75
2024-08-01,Delhi,Diesel,87.62
2024-08-01,Delhi,Petrol,94.72
2024-08-01,Kolkata,Diesel,91.76
2024-08-01,Kolkata,Petrol,104.95
2024-08-01,Mumbai,Diesel,89.97
2024-08-01,Mumbai,Petrol,103.44
2024-08-02,Chennai,Diesel,92.34
2024-08-02,Chennai,Petrol,100.75
2024-08-02,Delhi,Diesel,87.62
2024-08-02,Delhi,Petrol,94.72
2024-08-02,Kolkata,Diesel,91.76
2024-08-02,Kolkata,Petrol,104.95
2024-08-02,Mumbai,Diesel,89.97
2024-08-02,Mumbai,Petrol,103.44
2024-08-03,Chennai,Diesel,92.34
2024-08-03,Chennai,Petrol,100.75
2024-08-03,Delhi,Diesel,87.62
2024-08-03,Delhi,Petrol,94.72
2024-08-03,Kolkata,Diesel,91.76
2024-08-03,Kolkata,Petrol,104.95
2024-08-03,Mumbai,Diesel,89.97
2024-08-03,Mumbai,Petrol,103.44
2024-08-04,Chennai,Diesel,92.34
2024-08-04,Chennai,Petrol,100.75
2024-08-04,Delhi,Diesel,87.62
2024-08-04,Delhi,Petrol,94.72
2024-08-04,Kolkata,Diesel,91.76
2024-08-04,Kolkata,Petrol,104.95
2024-08-04,Mumbai,Diesel,89.97
2024-08-04,Mumbai,Petrol,103.44
2024-08-05,Chennai,Diesel,92.34
2024-08-05,Chennai,Petrol,100.75
2024-08-05,Delhi,Diesel,87.62
2024-08-05,Delhi,Petrol,94.72
2024-08-05,Kolkata,Diesel,91.76
2024-08-05,Kolkata,Petrol,104.95
2024-08-05,Mumbai,Diesel,89.97
2024-08-05,Mumbai,Petrol,103.44
2024-08-06,Chennai,Diesel,92.34
2024-08-06,Chennai,Petrol,100.75
2024-08-06,Delhi,Diesel,87.62
2024-08-06,Delhi,Petrol,94.72
2024-08-06,Kolkata,Diesel,91.76
2024-08-06,Kolkata,Petrol,104.95
2024-08-06,Mumbai,Diesel,89.97
2024-08-06,Mumbai,Petrol,103.44
2024-08-07,Chennai,Diesel,92.34
2024-08-07,Chennai,Petrol,100.75
2024-08-07,Delhi,Diesel,87.62
2024-08-07,Delhi,Petrol,94.72
2024-08-07,Kolkata,Diesel,91.76
2024-08-07,Kolkata,Petrol,104.95
2024-08-07,Mumbai,Diesel,89.97
2024-08-07,Mumbai,Petrol,103.44
2024-08-08,Chennai,Diesel,92.34
2024-08-08,Chennai,Petrol,100.75
2024-08-08,Delhi,Diesel,87.62
2024-08-08,Delhi,Petrol,94.72
2024-08-08,Kolkata,Diesel,91.76
2024-08-08,Kolkata,Petrol,104.95
2024-08-08,Mumbai,Diesel,89.97
2024-08-08,Mumbai,Petrol,103.44
2024-08-09,Chennai,Diesel,92.34
2024-08-09,Chennai,Petrol,100.75
2024-08-09,Delhi,Diesel,87.62
2024-08-09,Delhi,Petrol,94.72
2024-08-09,Kolkata,Diesel,91.76
2024-08-09,Kolkata,Petrol,104.95
2024-08-09,Mumbai,Diesel,89.97
2024-08-09,Mumbai,Petrol,103.44
2024-08-10,Chennai,Diesel,92.34
2024-08-10,Chennai,Petrol,100.75
2024-08-10,Delhi,Diesel,87.62
2024-08-10,Delhi,Petrol,94.72
2024-08-10,Kolkata,Diesel,91.76
2024-08-10,Kolkata,Petrol,104.95
2024-08-10,Mumbai,Diesel,89.97
2024-08-10,Mumbai,Petrol,103.44
2024-08-11,Chennai,Diesel,92.34
2024-08-11,Chennai,Petrol,100.75
2024-08-11,Delhi,Diesel,87.62
2024-08-11,Delhi,Petrol,94.72
2024-08-11,Kolkata,Diesel,91.76
2024-08-11,Kolkata,Petrol,104.95
2024-08-11,Mumbai,Diesel,89.97
2024-08-11,Mumbai,Petrol,103.44
2024-08-12,Chennai,Diesel,92.34
2024-08-12,Chennai,Petrol,100.75
2024-08-12,Delhi,Diesel,87.62
2024-08-12,Delhi,Petrol,94.72
2024-08-12,Kolkata,Diesel,91.76
2024-08-12,Kolkata,Petrol,104.95
2024-08-12,Mumbai,Diesel,89.97
2024-08-12,Mumbai,Petrol,103.44
2024-08-13,Chennai,Diesel,92.34
2024-08-13,Chennai,Petrol,100.75
2024-08-13,Delhi,Diesel,87.62
2024-08-13,Delhi,Petrol,94.72
2024-08-13,Kolkata,Diesel,91.76
2024-08-13,Kolkata,Petrol,104.95
2024-08-13,Mumbai,Diesel,89.97
2024-08-13,Mumbai,Petrol,103.44
2024-08-14,Chennai,Diesel,92.34
2024-08-14,Chennai,Petrol,100.75
2024-08-14,Delhi,Diesel,87.62
2024-08-14,Delhi,Petrol,94.72
2024-08-14,Kolkata,Diesel,91.76
2024-08-14,Kolkata,Petrol,104.95
2024-08-14,Mumbai,Diesel,89.97
2024-08-14,Mumbai,Petrol,103.44
2024-08-15,Chennai,Diesel,92.34
2024-08-15,Chennai,Petrol,100.75
2024-08-15,Delhi,Diesel,87.62
2024-08-15,Delhi,Petrol,94.72
2024-08-15,Kolkata,Diesel,91.76
2024-08-15,Kolkata,Petrol,104.95
2024-08-15,Mumbai,Diesel,89.97
2024-08-15,Mumbai,Petrol,103.44
2024-08-16,Chennai,Diesel,92.34
2024-08-16,Chennai,Petrol,100.75
2024-08-16,Delhi,Diesel,87.62
2024-08-16,Delhi,Petrol,94.72
2024-08-16,Kolkata,Diesel,91.76
2024-08-16,Kolkata,Petrol,104.95
2024-08-16,Mumbai,Diesel,89.97
2024-08-16,Mumbai,Petrol,103.44
2024-08-17,Chennai,Diesel,92.34
2024-08-17,Chennai,Petrol,100.75
2024-08-17,Delhi,Diesel,87.62
2024-08-17,Delhi,Petrol,94.72
2024-08-17,Kolkata,Diesel,91.76
2024-08-17,Kolkata,Petrol,104.95
2024-08-17,Mumbai,Diesel,89.97
2024-08-17,Mumbai,Petrol,103.44
2024-08-18,Chennai,Diesel,92.34
2024-08-18,Chennai,Petrol,100.75
2024-08-18,Delhi,Diesel,87.62
2024-08-18,Delhi,Petrol,94.72
2024-08-18,Kolkata,Diesel,91.76
2024-08-18,Kolkata,Petrol,104.95
2024-08-18,Mumbai,Diesel,89.97
2024-08-18,Mumbai,Petrol,103.44
2024-08-19,Chennai,Diesel,92.34
2024-08-19,Chennai,Petrol,100.75
2024-08-19,Delhi,Diesel,87.62
2024-08-19,Delhi,Petrol,94.72
2024-08-19,Kolkata,Diesel,91.76
2024-08-19,Kolkata,Petrol,104.95
2024-08-19,Mumbai,Diesel,89.97
2024-08-19,Mumbai,Petrol,103.44
2024-08-20,Chennai,Diesel,92.34
2024-08-20,Chennai,Petrol,100.75
2024-08-20,Delhi,Diesel,87.62
2024-08-20,Delhi,Petrol,94.72
2024-08-20,Kolkata,Diesel,91.76
2024-08-20,Kolkata,Petrol,104.95
2024-08-20,Mumbai,Diesel,89.97
2024-08-20,Mumbai,Petrol,103.44
2024-08-21,Chennai,Diesel,92.34
2024-08-21,Chennai,Petrol,100.75
2024-08-21,Delhi,Diesel,87.62
2024-08-21,Delhi,Petrol,94.72
2024-08-21,Kolkata,Diesel,91.76
2024-08-21,Kolkata,Petrol,104.95
2024-08-21,Mumbai,Diesel,89.97
2024-08-21,Mumbai,Petrol,103.44
2024-08-22,Chennai,Diesel,92.34
2024-08-22,Chennai,Petrol,100.75
2024-08-22,Delhi,Diesel,87.62
2024-08-22,Delhi,Petrol,94.72
2024-08-22,Kolkata,Diesel,91.76
2024-08-22,Kolkata,Petrol,104.95
2024-08-22,Mumbai,Diesel,89.97
2024-08-22,Mumbai,Petrol,103.44
2024-08-23,Chennai,Diesel,92.34
2024-08-23,Chennai,Petrol,100.75
2024-08-23,Delhi,Diesel,87.62
2024-08-23,Delhi,Petrol,94.72
2024-08-23,Kolkata,Diesel,91.76
2024-08-23,Kolkata,Petrol,104.95
2024-08-23,Mumbai,Diesel,89.97
2024-08-23,Mumbai,Petrol,103.44
2024-08-24,Chennai,Diesel,92.34
2024-08-24,Chennai,Petrol,100.75
2024-08-24,Delhi,Diesel,87.62
2024-08-24,Delhi,Petrol,94.72
2024-08-24,Kolkata,Diesel,91.76
2024-08-24,Kolkata,Petrol,104.95
2024-08-24,Mumbai,Diesel,89.97
2024-08-24,Mumbai,Petrol,103.44
2024-08-25,Chennai,Diesel,92.34
2024-08-25,Chennai,Petrol,100.75
2024-08-25,Delhi,Diesel,87.62
2024-08-25,Delhi,Petrol,94.72
2024-08-25,Kolkata,Diesel,91.76
2024-08-25,Kolkata,Petrol,104.95
2024-08-25,Mumbai,Diesel,89.97
2024-08-25,Mumbai,Petrol,103.44
2024-08-26,Chennai,Diesel,92.34
2024-08-26,Chennai,Petrol,100.75
2024-08-26,Delhi,Diesel,87.62
2024-08-26,Delhi,Petrol,94.72
2024-08-26,Kolkata,Diesel,91.76
2024-08-26,Kolkata,Petrol,104.95
2024-08-26,Mumbai,Diesel,89.97
2024-08-26,Mumbai,Petrol,103.44
2024-08-27,Chennai,Diesel,92.34
2024-08-27,Chennai,Petrol,100.75
2024-08-27,Delhi,Diesel,87.62
2024-08-27,Delhi,Petrol,94.72
2024-08-27,Kolkata,Diesel,91.76
2024-08-27,Kolkata,Petrol,104.95
2024-08-27,Mumbai,Diesel,89.97
2024-08-27,Mumbai,Petrol,103.44
2024-08-28,Chennai,Diesel,92.34
2024-08-28,Chennai,Petrol,100.75
2024-08-28,Delhi,Diesel,87.62
2024-08-28,Delhi,Petrol,94.72
2024-08-28,Kolkata,Diesel,91.76
2024-08-28,Kolkata,Petrol,104.95
2024-08-28,Mumbai,Diesel,89.97
2024-08-28,Mumbai,Petrol,103.44
2024-08-29,Chennai,Diesel,92.34
2024-08-29,Chennai,Petrol,100.75
2024-08-29,Delhi,Diesel,87.62
2024-08-29,Delhi,Petrol,94.72
2024-08-29,Kolkata,Diesel,91.76
2024-08-29,Kolkata,Petrol,104.95
2024-08-29,Mumbai,Diesel,89.97
2024-08-29,Mumbai,Petrol,103.44
2024-08-30,Chennai,Diesel,92.34
2024-08-30,Chennai,Petrol,100.75
2024-08-30,Delhi,Diesel,87.62
2024-08-30,Delhi,Petrol,94.72
2024-08-30,Kolkata,Diesel,91.76
2024-08-30,Kolkata,Petrol,104.95
2024-08-30,Mumbai,Diesel,89.97
2024-08-30,Mumbai,Petrol,103.44
2024-08-31,Chennai,Diesel,92.34
2024-08-31,Chennai,Petrol,100.75
2024-08-31,Delhi,Diesel,87.62
2024-08-31,Delhi,Petrol,94.72
2024-08-31,Kolkata,Diesel,91.76
2024-08-31,Kolkata,Petrol,104.95
2024-08-31,Mumbai,Diesel,89.97
2024-08-31,Mumbai,Petrol,103.44
2024-09-01,Chennai,Diesel,92.34
2024-09-01,Chennai,Petrol,100.75
2024-09-01,Delhi,Diesel,87.62
2024-09-01,Delhi,Petrol,94.72
2024-09-01,Kolkata,Diesel,91.76
2024-09-01,Kolkata,Petrol,104.95
2024-09-01,Mumbai,Diesel,89.97
2024-09-01,Mumbai,Petrol,103.44
2024-09-02,Chennai,Diesel,92.34
2024-09-02,Chennai,Petrol,100.75
2024-09-02,Delhi,Diesel,87.62
2024-09-02,Delhi,Petrol,94.72
2024-09-02,Kolkata,Diesel,91.76
2024-09-02,Kolkata,Petrol,104.95
2024-09-02,Mumbai,Diesel,89.97
2024-09-02,Mumbai,Petrol,103.44
2024-09-03,Chennai,Diesel,92.34
2024-09-03,Chennai,Petrol,100.75
2024-09-03,Delhi,Diesel,87.62
2024-09-03,Delhi,Petrol,94.72
2024-09-03,Kolkata,Diesel,91.76
2024-09-03,Kolkata,Petrol,104.95
2024-09-03,Mumbai,Diesel,89.97
2024-09-03,Mumbai,Petrol,103.44
2024-09-04,Chennai,Diesel,92.34
2024-09-04,Chennai,Petrol,100.75
2024-09-04,Delhi,Diesel,87.62
2024-09-04,Delhi,Petrol,94.72
2024-09-04,Kolkata,Diesel,91.76
2024-09-04,Kolkata,Petrol,104.95
2024-09-04,Mumbai,Diesel,89.97
2024-09-04,Mumbai,Petrol,103.44
2024-09-05,Chennai,Diesel,92.34
2024-09-05,Chennai,Petrol,100.75
2024-09-05,Delhi,Diesel,87.62
2024-09-05,Delhi,Petrol,94.72
2024-09-05,Kolkata,Diesel,91.76
2024-09-05,Kolkata,Petrol,104.95
2024-09-05,Mumbai,Diesel,89.97
2024-09-05,Mumbai,Petrol,103.44
2024-09-06,Chennai,Diesel,92.34
2024-09-06,Chennai,Petrol,100.75
2024-09-06,Delhi,Diesel,87.62
2024-09-06,Delhi,Petrol,94.72
2024-09-06,Kolkata,Diesel,91.76
2024-09-06,Kolkata,Petrol,104.95
2024-09-06,Mumbai,Diesel,89.97
2024-09-06,Mumbai,Petrol,103.44
2024-09-07,Chennai,Diesel,92.34
2024-09-07,Chennai,Petrol,100.75
2024-09-07,Delhi,Diesel,87.62
2024-09-07,Delhi,Petrol,94.72
2024-09-07,Kolkata,Diesel,91.76
2024-09-07,Kolkata,Petrol,104.95
2024-09-07,Mumbai,Diesel,89.97
2024-09-07,Mumbai,Petrol,103.44
2024-09-08,Chennai,Diesel,92.34
2024-09-08,Chennai,Petrol,100.75
2024-09-08,Delhi,Diesel,87.62
2024-09-08,Delhi,Petrol,94.72
2024-09-08,Kolkata,Diesel,91.76
2024-09-08,Kolkata,Petrol,104.95
2024-09-08,Mumbai,Diesel,89.97
2024-09-08,Mumbai,Petrol,103.44
2024-09-09,Chennai,Diesel,92.34
2024-09-09,Chennai,Petrol,100.75
2024-09-09,Delhi,Diesel,87.62
2024-09-09,Delhi,Petrol,94.72
2024-09-09,Kolkata,Diesel,91.76
2024-09-09,Kolkata,Petrol,104.95
2024-09-09,Mumbai,Diesel,89.97
2024-09-09,Mumbai,Petrol,103.44
2024-09-10,Chennai,Diesel,92.34
2024-09-10,Chennai,Petrol,100.75
2024-09-10,Delhi,Diesel,87.62
2024-09-10,Delhi,Petrol,94.72
2024-09-10,Kolkata,Diesel,91.76
2024-09-10,Kolkata,Petrol,104.95
2024-09-10,Mumbai,Diesel,89.97
2024-09-10,Mumbai,Petrol,103.44
2024-09-11,Chennai,Diesel,92.34
2024-09-11,Chennai,Petrol,100.75
2024-09-11,Delhi,Diesel,87.62
2024-09-11,Delhi,Petrol,94.72
2024-09-11,Kolkata,Diesel,91.76
2024-09-11,Kolkata,Petrol,104.95
2024-09-11,Mumbai,Diesel,89.97
2024-09-11,Mumbai,Petrol,103.44
2024-09-12,Chennai,Diesel,92.34
2024-09-12,Chennai,Petrol,100.75
2024-09-12,Delhi,Diesel,87.62
2024-09-12,Delhi,Petrol,94.72
2024-09-12,Kolkata,Diesel,91.76
2024-09-12,Kolkata,Petrol,104.95
2024-09-12,Mumbai,Diesel,89.97
2024-09-12,Mumbai,Petrol,103.44
2024-09-13,Chennai,Diesel,92.34
2024-09-13,Chennai,Petrol,100.75
2024-09-13,Delhi,Diesel,87.62
2024-09-13,Delhi,Petrol,94.72
2024-09-13,Kolkata,Diesel,91.76
2024-09-13,Kolkata,Petrol,104.95
2024-09-13,Mumbai,Diesel,89.97
2024-09-13,Mumbai,Petrol,103.44
2024-09-14,Chennai,Diesel,92.34
2024-09-14,Chennai,Petrol,100.75
2024-09-14,Delhi,Diesel,87.62
2024-09-14,Delhi,Petrol,94.72
2024-09-14,Kolkata,Diesel,91.76
2024-09-14,Kolkata,Petrol,104.95
2024-09-14,Mumbai,Diesel,89.97
2024-09-14,Mumbai,Petrol,103.44
2024-09-15,Chennai,Diesel,92.34
2024-09-15,Chennai,Petrol,100.75
2024-09-15,Delhi,Diesel,87.62
2024-09-15,Delhi,Petrol,94.72
2024-09-15,Kolkata,Diesel,91.76
2024-09-15,Kolkata,Petrol,104.95
2024-09-15,Mumbai,Diesel,89.97
2024-09-15,Mumbai,Petrol,103.44
2024-09-16,Chennai,Diesel,92.34
2024-09-16,Chennai,Petrol,100.75
2024-09-16,Delhi,Diesel,87.62
2024-09-16,Delhi,Petrol,94.72
2024-09-16,Kolkata,Diesel,91.76
2024-09-16,Kolkata,Petrol,104.95
2024-09-16,Mumbai,Diesel,89.97
2024-09-16,Mumbai,Petrol,103.44
2024-09-17,Chennai,Diesel,92.34
2024-09-17,Chennai,Petrol,100.75
2024-09-17,Delhi,Diesel,87.62
2024-09-17,Delhi,Petrol,94.72
2024-09-17,Kolkata,Diesel,91.76
2024-09-17,Kolkata,Petrol,104.95
2024-09-17,Mumbai,Diesel,89.97
2024-09-17,Mumbai,Petrol,103.44
2024-09-18,Chennai,Diesel,92.34
2024-09-18,Chennai,Petrol,100.75
2024-09-18,Delhi,Diesel,87.62
2024-09-18,Delhi,Petrol,94.72
2024-09-18,Kolkata,Diesel,91.76
2024-09-18,Kolkata,Petrol,104.95
2024-09-18,Mumbai,Diesel,89.97
2024-09-18,Mumbai,Petrol,103.44
2024-09-19,Chennai,Diesel,92.34
2024-09-19,Chennai,Petrol,100.75
2024-09-19,Delhi,Diesel,87.62
2024-09-19,Delhi,Petrol,94.72
2024-09-19,Kolkata,Diesel,91.76
2024-09-19,Kolkata,Petrol,104.95
2024-09-19,Mumbai,Diesel,89.97
2024-09-19,Mumbai,Petrol,103.44
2024-09-20,Chennai,Diesel,92.34
2024-09-20,Chennai,Petrol,100.75
2024-09-20,Delhi,Diesel,87.62
2024-09-20,Delhi,Petrol,94.72
2024-09-20,Kolkata,Diesel,91.76
2024-09-20,Kolkata,Petrol,104.95
2024-09-20,Mumbai,Diesel,89.97
2024-09-20,Mumbai,Petrol,103.44
2024-09-21,Chennai,Diesel,92.34
2024-09-21,Chennai,Petrol,100.75
2024-09-21,Delhi,Diesel,87.62
2024-09-21,Delhi,Petrol,94.72
2024-09-21,Kolkata,Diesel,91.76
2024-09-21,Kolkata,Petrol,104.95
2024-09-21,Mumbai,Diesel,89.97
2024-09-21,Mumbai,Petrol,103.44
2024-09-22,Chennai,Diesel,92.34
2024-09-22,Chennai,Petrol,100.75
2024-09-22,Delhi,Diesel,87.62
2024-09-22,Delhi,Petrol,94.72
2024-09-22,Kolkata,Diesel,91.76
2024-09-22,Kolkata,Petrol,104.95
2024-09-22,Mumbai,Diesel,89.97
2024-09-22,Mumbai,Petrol,103.44
2024-09-23,Chennai,Diesel,92.34
2024-09-23,Chennai,Petrol,100.75
2024-09-23,Delhi,Diesel,87.62
2024-09-23,Delhi,Petrol,94.72
2024-09-23,Kolkata,Diesel,91.76
2024-09-23,Kolkata,Petrol,104.95
2024-09-23,Mumbai,Diesel,89.97
2024-09-23,Mumbai,Petrol,103.44
2024-09-24,Chennai,Diesel,92.34
2024-09-24,Chennai,Petrol,100.75
2024-09-24,Delhi,Diesel,87.62
2024-09-24,Delhi,Petrol,94.72
2024-09-24,Kolkata,Diesel,91.76
2024-09-24,Kolkata,Petrol,104.95
2024-09-24,Mumbai,Diesel,89.97
2024-09-24,Mumbai,Petrol,103.44
2024-09-25,Chennai,Diesel,92.34
2024-09-25,Chennai,Petrol,100.75
2024-09-25,Delhi,Diesel,87.62
2024-09-25,Delhi,Petrol,94.72
2024-09-25,Kolkata,Diesel,91.76
2024-09-25,Kolkata,Petrol,104.95
2024-09-25,Mumbai,Diesel,89.97
2024-09-25,Mumbai,Petrol,103.44
2024-09-26,Chennai,Diesel,92.34
2024-09-26,Chennai,Petrol,100.75
2024-09-26,Delhi,Diesel,87.62
2024-09-26,Delhi,Petrol,94.72
2024-09-26,Kolkata,Diesel,91.76
2024-09-26,Kolkata,Petrol,104.95
2024-09-26,Mumbai,Diesel,89.97
2024-09-26,Mumbai,Petrol,103.44
2024-09-27,Chennai,Diesel,92.34
2024-09-27,Chennai,Petrol,100.75
2024-09-27,Delhi,Diesel,87.62
2024-09-27,Delhi,Petrol,94.72
2024-09-27,Kolkata,Diesel,91.76
2024-09-27,Kolkata,Petrol,104.95
2024-09-27,Mumbai,Diesel,89.97
2024-09-27,Mumbai,Petrol,103.44
2024-09-28,Chennai,Diesel,92.34
2024-09-28,Chennai,Petrol,100.75
2024-09-28,Delhi,Diesel,87.62
2024-09-28,Delhi,Petrol,94.72
2024-09-28,Kolkata,Diesel,91.76
2024-09-28,Kolkata,Petrol,104.95
2024-09-28,Mumbai,Diesel,89.97
2024-09-28,Mumbai,Petrol,103.44
2024-09-29,Chennai,Diesel,92.34
2024-09-29,Chennai,Petrol,100.75
2024-09-29,Delhi,Diesel,87.62
2024-09-29,Delhi,Petrol,94.72
2024-09-29,Kolkata,Diesel,91.76
2024-09-29,Kolkata,Petrol,104.95
2024-09-29,Mumbai,Diesel,89.97
2024-09-29,Mumbai,Petrol,103.44
2024-09-30,Chennai,Diesel,92.34
2024-09-30,Chennai,Petrol,100.75
2024-09-30,Delhi,Diesel,87.62
2024-09-30,Delhi,Petrol,94.72
2024-09-30,Kolkata,Diesel,91.76
2024-09-30,Kolkata,Petrol,104.95
2024-09-30,Mumbai,Diesel,89.97
2024-09-30,Mumbai,Petrol,103.44
2024-10-01,Chennai,Diesel,92.34
2024-10-01,Chennai,Petrol,100.75
2024-10-01,Delhi,Diesel,87.62
2024-10-01,Delhi,Petrol,94.72
2024-10-01,Kolkata,Diesel,91.76
2024-10-01,Kolkata,Petrol,104.95
2024-10-01,Mumbai,Diesel,89.97
2024-10-01,Mumbai,Petrol,103.44
2024-10-02,Chennai,Diesel,92.34
2024-10-02,Chennai,Petrol,100.75
2024-10-02,Delhi,Diesel,87.62
2024-10-02,Delhi,Petrol,94.72
2024-10-02,Kolkata,Diesel,91.76
2024-10-02,Kolkata,Petrol,104.95
2024-10-02,Mumbai,Diesel,89.97
2024-10-02,Mumbai,Petrol,103.44
2024-10-03,Chennai,Diesel,92.34
2024-10-03,Chennai,Petrol,100.75
2024-10-03,Delhi,Diesel,87.62
2024-10-03,Delhi,Petrol,94.72
2024-10-03,Kolkata,Diesel,91.76
2024-10-03,Kolkata,Petrol,104.95
2024-10-03,Mumbai,Diesel,89.97
2024-10-03,Mumbai,Petrol,103.44
2024-10-04,Chennai,Diesel,92.34
2024-10-04,Chennai,Petrol,100.75
2024-10-04,Delhi,Diesel,87.62
2024-10-04,Delhi,Petrol,94.72
2024-10-04,Kolkata,Diesel,91.76
2024-10-04,Kolkata,Petrol,104.95
2024-10-04,Mumbai,Diesel,89.97
2024-10-04,Mumbai,Petrol,103.44
2024-10-05,Chennai,Diesel,92.34
2024-10-05,Chennai,Petrol,100.75
2024-10-05,Delhi,Diesel,87.62
2024-10-05,Delhi,Petrol,94.72
2024-10-05,Kolkata,Diesel,91.76
2024-10-05,Kolkata,Petrol,104.95
2024-10-05,Mumbai,Diesel,89.97
2024-10-05,Mumbai,Petrol,103.44
2024-10-06,Chennai,Diesel,92.34
2024-10-06,Chennai,Petrol,100.75
2024-10-06,Delhi,Diesel,87.62
2024-10-06,Delhi,Petrol,94.72
2024-10-06,Kolkata,Diesel,91.76
2024-10-06,Kolkata,Petrol,104.95
2024-10-06,Mumbai,Diesel,89.97
2024-10-06,Mumbai,Petrol,103.44
2024-10-07,Chennai,Diesel,92.34
2024-10-07,Chennai,Petrol,100.75
2024-10-07,Delhi,Diesel,87.62
2024-10-07,Delhi,Petrol,94.72
2024-10-07,Kolkata,Diesel,91.76
2024-10-07,Kolkata,Petrol,104.95
2024-10-07,Mumbai,Diesel,89.97
2024-10-07,Mumbai,Petrol,103.44
2024-10-08,Chennai,Diesel,92.34
2024-10-08,Chennai,Petrol,100.75
2024-10-08,Delhi,Diesel,87.62
2024-10-08,Delhi,Petrol,94.72
2024-10-08,Kolkata,Diesel,91.76
2024-10-08,Kolkata,Petrol,104.95
2024-10-08,Mumbai,Diesel,89.97
2024-10-08,Mumbai,Petrol,103.44
2024-10-09,Chennai,Diesel,92.34
2024-10-09,Chennai,Petrol,100.75
2024-10-09,Delhi,Diesel,87.62
2024-10-09,Delhi,Petrol,94.72
2024-10-09,Kolkata,Diesel,91.76
2024-10-09,Kolkata,Petrol,104.95
2024-10-09,Mumbai,Diesel,89.97
2024-10-09,Mumbai,Petrol,103.44
2024-10-10,Chennai,Diesel,92.34
2024-10-10,Chennai,Petrol,100.75
2024-10-10,Delhi,Diesel,87.62
2024-10-10,Delhi,Petrol,94.72
2024-10-10,Kolkata,Diesel,91.76
2024-10-10,Kolkata,Petrol,104.95
2024-10-10,Mumbai,Diesel,89.97
2024-10-10,Mumbai,Petrol,103.44
2024-10-11,Chennai,Diesel,92.34
2024-10-11,Chennai,Petrol,100.75
2024-10-11,Delhi,Diesel,87.62
2024-10-11,Delhi,Petrol,94.72
2024-10-11,Kolkata,Diesel,91.76
2024-10-11,Kolkata,Petrol,104.95
2024-10-11,Mumbai,Diesel,89.97
2024-10-11,Mumbai,Petrol,103.44
2024-10-12,Chennai,Diesel,92.34
2024-10-12,Chennai,Petrol,100.75
2024-10-12,Delhi,Diesel,87.62
2024-10-12,Delhi,Petrol,94.72
2024-10-12,Kolkata,Diesel,91.76
2024-10-12,Kolkata,Petrol,104.95
2024-10-12,Mumbai,Diesel,89.97
2024-10-12,Mumbai,Petrol,103.44
2024-10-13,Chennai,Diesel,92.34
2024-10-13,Chennai,Petrol,100.75
2024-10-13,Delhi,Diesel,87.62
2024-10-13,Delhi,Petrol,94.72
2024-10-13,Kolkata,Diesel,91.76
2024-10-13,Kolkata,Petrol,104.95
2024-10-13,Mumbai,Diesel,89.97
2024-10-13,Mumbai,Petrol,103.44
2024-10-14,Chennai,Diesel,92.34
2024-10-14,Chennai,Petrol,100.75
2024-10-14,Delhi,Diesel,87.62
2024-10-14,Delhi,Petrol,94.72
2024-10-14,Kolkata,Diesel,91.76
2024-10-14,Kolkata,Petrol,104.95
2024-10-14,Mumbai,Diesel,89.97
2024-10-14,Mumbai,Petrol,103.44
2024-10-15,Chennai,Diesel,92.34
2024-10-15,Chennai,Petrol,100.75
2024-10-15,Delhi,Diesel,87.62
2024-10-15,Delhi,Petrol,94.72
2024-10-15,Kolkata,Diesel,91.76
2024-10-15,Kolkata,Petrol,104.95
2024-10-15,Mumbai,Diesel,89.97
2024-10-15,Mumbai,Petrol,103.44
2024-10-16,Chennai,Diesel,92.34
2024-10-16,Chennai,Petrol,100.75
2024-10-16,Delhi,Diesel,87.62
2024-10-16,Delhi,Petrol,94.72
2024-10-16,Kolkata,Diesel,91.76
2024-10-16,Kolkata,Petrol,104.95
2024-10-16,Mumbai,Diesel,89.97
2024-10-16,Mumbai,Petrol,103.44
2024-10-17,Chennai,Diesel,92.34
2024-10-17,Chennai,Petrol,100.75
2024-10-17,Delhi,Diesel,87.62
2024-10-17,Delhi,Petrol,94.72
2024-10-17,Kolkata,Diesel,91.76
2024-10-17,Kolkata,Petrol,104.95
2024-10-17,Mumbai,Diesel,89.97
2024-10-17,Mumbai,Petrol,103.44
2024-10-18,Chennai,Diesel,92.34
2024-10-18,Chennai,Petrol,100.75
2024-10-18,Delhi,Diesel,87.62
2024-10-18,Delhi,Petrol,94.72
2024-10-18,Kolkata,Diesel,91.76
2024-10-18,Kolkata,Petrol,104.95
2024-10-18,Mumbai,Diesel,89.97
2024-10-18,Mumbai,Petrol,103.44
2024-10-19,Chennai,Diesel,92.34
2024-10-19,Chennai,Petrol,100.75
2024-10-19,Delhi,Diesel,87.62
2024-10-19,Delhi,Petrol,94.72
2024-10-19,Kolkata,Diesel,91.76
2024-10-19,Kolkata,Petrol,104.95
2024-10-19,Mumbai,Diesel,89.97
2024-10-19,Mumbai,Petrol,103.44
2024-10-20,Chennai,Diesel,92.34
2024-10-20,Chennai,Petrol,100.75
2024-10-20,Delhi,Diesel,87.62
2024-10-20,Delhi,Petrol,94.72
2024-10-20,Kolkata,Diesel,91.76
2024-10-20,Kolkata,Petrol,104.95
2024-10-20,Mumbai,Diesel,89.97
2024-10-20,Mumbai,Petrol,103.44
2024-10-21,Chennai,Diesel,92.34
2024-10-21,Chennai,Petrol,100.75
2024-10-21,Delhi,Diesel,87.62
2024-10-21,Delhi,Petrol,94.72
2024-10-21,Kolkata,Diesel,91.76
2024-10-21,Kolkata,Petrol,104.95
2024-10-21,Mumbai,Diesel,89.97
2024-10-21,Mumbai,Petrol,103.44
2024-10-22,Chennai,Diesel,92.34
2024-10-22,Chennai,Petrol,100.75
2024-10-22,Delhi,Diesel,87.62
2024-10-22,Delhi,Petrol,94.72
2024-10-22,Kolkata,Diesel,91.76
2024-10-22,Kolkata,Petrol,104.95
2024-10-22,Mumbai,Diesel,89.97
2024-10-22,Mumbai,Petrol,103.44
2024-10-23,Chennai,Diesel,92.34
2024-10-23,Chennai,Petrol,100.75
2024-10-23,Delhi,Diesel,87.62
2024-10-23,Delhi,Petrol,94.72
2024-10-23,Kolkata,Diesel,91.76
2024-10-23,Kolkata,Petrol,104.95
2024-10-23,Mumbai,Diesel,89.97
2024-10-23,Mumbai,Petrol,103.44
2024-10-24,Chennai,Diesel,92.34
2024-10-24,Chennai,Petrol,100.75
2024-10-24,Delhi,Diesel,87.62
2024-10-24,Delhi,Petrol,94.72
2024-10-24,Kolkata,Diesel,91.76
2024-10-24,Kolkata,Petrol,104.95
2024-10-24,Mumbai,Diesel,89.97
2024-10-24,Mumbai,Petrol,103.44
2024-10-25,Chennai,Diesel,92.34
2024-10-25,Chennai,Petrol,100.75
2024-10-25,Delhi,Diesel,87.62
2024-10-25,Delhi,Petrol,94.72
2024-10-25,Kolkata,Diesel,91.76
2024-10-25,Kolkata,Petrol,104.95
2024-10-25,Mumbai,Diesel,89.97
2024-10-25,Mumbai,Petrol,103.44
2024-10-26,Chennai,Diesel,92.34
2024-10-26,Chennai,Petrol,100.75
2024-10-26,Delhi,Diesel,87.62
2024-10-26,Delhi,Petrol,94.72
2024-10-26,Kolkata,Diesel,91.76
2024-10-26,Kolkata,Petrol,104.95
2024-10-26,Mumbai,Diesel,89.97
2024-10-26,Mumbai,Petrol,103.44
2024-10-27,Chennai,Diesel,92.34
2024-10-27,Chennai,Petrol,100.75
2024-10-27,Delhi,Diesel,87.62
2024-10-27,Delhi,Petrol,94.72
2024-10-27,Kolkata,Diesel,91.76
2024-10-27,Kolkata,Petrol,104.95
2024-10-27,Mumbai,Diesel,89.97
2024-10-27,Mumbai,Petrol,103.44
2024-10-28,Chennai,Diesel,92.34
2024-10-28,Chennai,Petrol,100.75
2024-10-28,Delhi,Diesel,87.62
2024-10-28,Delhi,Petrol,94.72
2024-10-28,Kolkata,Diesel,91.76
2024-10-28,Kolkata,Petrol,104.95
2024-10-28,Mumbai,Diesel,89.97
2024-10-28,Mumbai,Petrol,103.44
2024-10-29,Chennai,Diesel,92.34
2024-10-29,Chennai,Petrol,100.75
2024-10-29,Delhi,Diesel,87.62
2024-10-29,Delhi,Petrol,94.72
2024-10-29,Kolkata,Diesel,91.76
2024-10-29,Kolkata,Petrol,104.95
2024-10-29,Mumbai,Diesel,89.97
2024-10-29,Mumbai,Petrol,103.44
2024-10-30,Chennai,Diesel,92.39
2024-10-30,Chennai,Petrol,100.8
2024-10-30,Delhi,Diesel,87.67
2024-10-30,Delhi,Petrol,94.77
2024-10-30,Kolkata,Diesel,91.76
2024-10-30,Kolkata,Petrol,104.95
2024-10-30,Mumbai,Diesel,89.97
2024-10-30,Mumbai,Petrol,103.44
2024-10-31,Chennai,Diesel,92.39
2024-10-31,Chennai,Petrol,100.8
2024-10-31,Delhi,Diesel,87.67
2024-10-31,Delhi,Petrol,94.77
2024-10-31,Kolkata,Diesel,91.76
2024-10-31,Kolkata,Petrol,104.95
2024-10-31,Mumbai,Diesel,89.97
2024-10-31,Mumbai,Petrol,103.44
2024-11-01,Chennai,Diesel,92.39
2024-11-01,Chennai,Petrol,100.8
2024-11-01,Delhi,Diesel,87.67
2024-11-01,Delhi,Petrol,94.77
2024-11-01,Kolkata,Diesel,91.76
2024-11-01,Kolkata,Petrol,104.95
2024-11-01,Mumbai,Diesel,89.97
2024-11-01,Mumbai,Petrol,103.44
2024-11-02,Chennai,Diesel,92.39
2024-11-02,Chennai,Petrol,100.8
2024-11-02,Delhi,Diesel,87.67
2024-11-02,Delhi,Petrol,94.77
2024-11-02,Kolkata,Diesel,91.76
2024-11-02,Kolkata,Petrol,104.95
2024-11-02,Mumbai,Diesel,89.97
2024-11-02,Mumbai,Petrol,103.44
2024-11-03,Chennai,Diesel,92.39
2024-11-03,Chennai,Petrol,100.8
2024-11-03,Delhi,Diesel,87.67
2024-11-03,Delhi,Petrol,94.77
2024-11-03,Kolkata,Diesel,91.76
2024-11-03,Kolkata,Petrol,104.95
2024-11-03,Mumbai,Diesel,89.97
2024-11-03,Mumbai,Petrol,103.44
2024-11-04,Chennai,Diesel,92.39
2024-11-04,Chennai,Petrol,100.8
2024-11-04,Delhi,Diesel,87.67
2024-11-04,Delhi,Petrol,94.77
2024-11-04,Kolkata,Diesel,91.76
2024-11-04,Kolkata,Petrol,104.95
2024-11-04,Mumbai,Diesel,89.97
2024-11-04,Mumbai,Petrol,103.44
2024-11-05,Chennai,Diesel,92.39
2024-11-05,Chennai,Petrol,100.8
2024-11-05,Delhi,Diesel,87.67
2024-11-05,Delhi,Petrol,94.77
2024-11-05,Kolkata,Diesel,91.76
2024-11-05,Kolkata,Petrol,104.95
2024-11-05,Mumbai,Diesel,89.97
2024-11-05,Mumbai,Petrol,103.44
2024-11-06,Chennai,Diesel,92.39
2024-11-06,Chennai,Petrol,100.8
2024-11-06,Delhi,Diesel,87.67
2024-11-06,Delhi,Petrol,94.77
2024-11-06,Kolkata,Diesel,91.76
2024-11-06,Kolkata,Petrol,104.95
2024-11-06,Mumbai,Diesel,89.97
2024-11-06,Mumbai,Petrol,103.44
2024-11-07,Chennai,Diesel,92.39
2024-11-07,Chennai,Petrol,100.8
2024-11-07,Delhi,Diesel,87.67
2024-11-07,Delhi,Petrol,94.77
2024-11-07,Kolkata,Diesel,91.76
2024-11-07,Kolkata,Petrol,104.95
2024-11-07,Mumbai,Diesel,89.97
2024-11-07,Mumbai,Petrol,103.44
2024-11-08,Chennai,Diesel,92.39
2024-11-08,Chennai,Petrol,100.8
2024-11-08,Delhi,Diesel,87.67
2024-11-08,Delhi,Petrol,94.77
2024-11-08,Kolkata,Diesel,91.76
2024-11-08,Kolkata,Petrol,104.95
2024-11-08,Mumbai,Diesel,89.97
2024-11-08,Mumbai,Petrol,103.44
2024-11-09,Chennai,Diesel,92.39
2024-11-09,Chennai,Petrol,100.8
2024-11-09,Delhi,Diesel,87.67
2024-11-09,Delhi,Petrol,94.77
2024-11-09,Kolkata,Diesel,91.76
2024-11-09,Kolkata,Petrol,104.95
2024-11-09,Mumbai,Diesel,89.97
2024-11-09,Mumbai,Petrol,103.44
2024-11-10,Chennai,Diesel,92.39
2024-11-10,Chennai,Petrol,100.8
2024-11-10,Delhi,Diesel,87.67
2024-11-10,Delhi,Petrol,94.77
2024-11-10,Kolkata,Diesel,91.76
2024-11-10,Kolkata,Petrol,104.95
2024-11-10,Mumbai,Diesel,89.97
2024-11-10,Mumbai,Petrol,103.44
2024-11-11,Chennai,Diesel,92.39
2024-11-11,Chennai,Petrol,100.8
2024-11-11,Delhi,Diesel,87.67
2024-11-11,Delhi,Petrol,94.77
2024-11-11,Kolkata,Diesel,91.76
2024-11-11,Kolkata,Petrol,104.95
2024-11-11,Mumbai,Diesel,89.97
2024-11-11,Mumbai,Petrol,103.44
2024-11-12,Chennai,Diesel,92.39
2024-11-12,Chennai,Petrol,100.8
2024-11-12,Delhi,Diesel,87.67
2024-11-12,Delhi,Petrol,94.77
2024-11-12,Kolkata,Diesel,91.76
2024-11-12,Kolkata,Petrol,104.95
2024-11-12,Mumbai,Diesel,89.97
2024-11-12,Mumbai,Petrol,103.44
2024-11-13,Chennai,Diesel,92.39
2024-11-13,Chennai,Petrol,100.8
2024-11-13,Delhi,Diesel,87.67
2024-11-13,Delhi,Petrol,94.77
2024-11-13,Kolkata,Diesel,91.76
2024-11-13,Kolkata,Petrol,104.95
2024-11-13,Mumbai,Diesel,89.97
2024-11-13,Mumbai,Petrol,103.44
2024-11-14,Chennai,Diesel,92.39
2024-11-14,Chennai,Petrol,100.8
2024-11-14,Delhi,Diesel,87.67
2024-11-14,Delhi,Petrol,94.77
2024-11-14,Kolkata,Diesel,91.76
2024-11-14,Kolkata,Petrol,104.95
2024-11-14,Mumbai,Diesel,89.97
2024-11-14,Mumbai,Petrol,103.44
2024-11-15,Chennai,Diesel,92.39
2024-11-15,Chennai,Petrol,100.8
2024-11-15,Delhi,Diesel,87.67
2024-11-15,Delhi,Petrol,94.77
2024-11-15,Kolkata,Diesel,91.76
2024-11-15,Kolkata,Petrol,104.95
2024-11-15,Mumbai,Diesel,89.97
2024-11-15,Mumbai,Petrol,103.44
2024-11-16,Chennai,Diesel,92.39
2024-11-16,Chennai,Petrol,100.8
2024-11-16,Delhi,Diesel,87.67
2024-11-16,Delhi,Petrol,94.77
2024-11-16,Kolkata,Diesel,91.76
2024-11-16,Kolkata,Petrol,104.95
2024-11-16,Mumbai,Diesel,89.97
2024-11-16,Mumbai,Petrol,103.44
2024-11-17,Chennai,Diesel,92.39
2024-11-17,Chennai,Petrol,100.8
2024-11-17,Delhi,Diesel,87.67
2024-11-17,Delhi,Petrol,94.77
2024-11-17,Kolkata,Diesel,91.76
2024-11-17,Kolkata,Petrol,104.95
2024-11-17,Mumbai,Diesel,89.97
2024-11-17,Mumbai,Petrol,103.44
2024-11-18,Chennai,Diesel,92.39
2024-11-18,Chennai,Petrol,100.8
2024-11-18,Delhi,Diesel,87.67
2024-11-18,Delhi,Petrol,94.77
2024-11-18,Kolkata,Diesel,91.76
2024-11-18,Kolkata,Petrol,104.95
2024-11-18,Mumbai,Diesel,89.97
2024-11-18,Mumbai,Petrol,103.44
2024-11-19,Chennai,Diesel,92.39
2024-11-19,Chennai,Petrol,100.8
2024-11-19,Delhi,Diesel,87.67
2024-11-19,Delhi,Petrol,94.77
2024-11-19,Kolkata,Diesel,91.76
2024-11-19,Kolkata,Petrol,104.95
2024-11-19,Mumbai,Diesel,89.97
2024-11-19,Mumbai,Petrol,103.44
2024-11-20,Chennai,Diesel,92.39
2024-11-20,Chennai,Petrol,100.8
2024-11-20,Delhi,Diesel,87.67
2024-11-20,Delhi,Petrol,94.77
2024-11-20,Kolkata,Diesel,91.76
2024-11-20,Kolkata,Petrol,104.95
2024-11-20,Mumbai,Diesel,89.97
2024-11-20,Mumbai,Petrol,103.44
2024-11-21,Chennai,Diesel,92.39
2024-11-21,Chennai,Petrol,100.8
2024-11-21,Delhi,Diesel,87.67
2024-11-21,Delhi,Petrol,94.77
2024-11-21,Kolkata,Diesel,91.76
2024-11-21,Kolkata,Petrol,104.95
2024-11-21,Mumbai,Diesel,89.97
2024-11-21,Mumbai,Petrol,103.44
2024-11-22,Chennai,Diesel,92.39
2024-11-22,Chennai,Petrol,100.8
2024-11-22,Delhi,Diesel,87.67
2024-11-22,Delhi,Petrol,94.77
2024-11-22,Kolkata,Diesel,91.76
2024-11-22,Kolkata,Petrol,104.95
2024-11-22,Mumbai,Diesel,89.97
2024-11-22,Mumbai,Petrol,103.44
2024-11-23,Chennai,Diesel,92.39
2024-11-23,Chennai,Petrol,100.8
2024-11-23,Delhi,Diesel,87.67
2024-11-23,Delhi,Petrol,94.77
2024-11-23,Kolkata,Diesel,91.76
2024-11-23,Kolkata,Petrol,104.95
2024-11-23,Mumbai,Diesel,89.97
2024-11-23,Mumbai,Petrol,103.44
2024-11-24,Chennai,Diesel,92.39
2024-11-24,Chennai,Petrol,100.8
2024-11-24,Delhi,Diesel,87.67
2024-11-24,Delhi,Petrol,94.77
2024-11-24,Kolkata,Diesel,91.76
2024-11-24,Kolkata,Petrol,104.95
2024-11-24,Mumbai,Diesel,89.97
2024-11-24,Mumbai,Petrol,103.44
2024-11-25,Chennai,Diesel,92.39
2024-11-25,Chennai,Petrol,100.8
2024-11-25,Delhi,Diesel,87.67
2024-11-25,Delhi,Petrol,94.77
2024-11-25,Kolkata,Diesel,91.76
2024-11-25,Kolkata,Petrol,104.95
2024-11-25,Mumbai,Diesel,89.97
2024-11-25,Mumbai,Petrol,103.44
2024-11-26,Chennai,Diesel,92.39
2024-11-26,Chennai,Petrol,100.8
2024-11-26,Delhi,Diesel,87.67
2024-11-26,Delhi,Petrol,94.77
2024-11-26,Kolkata,Diesel,91.76
2024-11-26,Kolkata,Petrol,104.95
2024-11-26,Mumbai,Diesel,89.97
2024-11-26,Mumbai,Petrol,103.44
2024-11-27,Chennai,Diesel,92.39
2024-11-27,Chennai,Petrol,100.8
2024-11-27,Delhi,Diesel,87.67
2024-11-27,Delhi,Petrol,94.77
2024-11-27,Kolkata,Diesel,91.76
2024-11-27,Kolkata,Petrol,104.95
2024-11-27,Mumbai,Diesel,89.97
2024-11-27,Mumbai,Petrol,103.44
2024-11-28,Chennai,Diesel,92.39
2024-11-28,Chennai,Petrol,100.8
2024-11-28,Delhi,Diesel,87.67
2024-11-28,Delhi,Petrol,94.77
2024-11-28,Kolkata,Diesel,91.76
2024-11-28,Kolkata,Petrol,104.95
2024-11-28,Mumbai,Diesel,89.97
2024-11-28,Mumbai,Petrol,103.44
2024-11-29,Chennai,Diesel,92.39
2024-11-29,Chennai,Petrol,100.8
2024-11-29,Delhi,Diesel,87.67
2024-11-29,Delhi,Petrol,94.77
2024-11-29,Kolkata,Diesel,91.76
2024-11-29,Kolkata,Petrol,104.95
2024-11-29,Mumbai,Diesel,89.97
2024-11-29,Mumbai,Petrol,103.44
2024-11-30,Chennai,Diesel,92.39
2024-11-30,Chennai,Petrol,100.8
2024-11-30,Delhi,Diesel,87.67
2024-11-30,Delhi,Petrol,94.77
2024-11-30,Kolkata,Diesel,91.76
2024-11-30,Kolkata,Petrol,104.95
2024-11-30,Mumbai,Diesel,89.97
2024-11-30,Mumbai,Petrol,103.44
2024-12-01,Chennai,Diesel,92.39
2024-12-01,Chennai,Petrol,100.8
2024-12-01,Delhi,Diesel,87.67
2024-12-01,Delhi,Petrol,94.77
2024-12-01,Kolkata,Diesel,91.82
2024-12-01,Kolkata,Petrol,105.01
2024-12-01,Mumbai,Diesel,90.03
2024-12-01,Mumbai,Petrol,103.5
2024-12-02,Chennai,Diesel,92.39
2024-12-02,Chennai,Petrol,100.8
2024-12-02,Delhi,Diesel,87.67
2024-12-02,Delhi,Petrol,94.77
2024-12-02,Kolkata,Diesel,91.82
2024-12-02,Kolkata,Petrol,105.01
2024-12-02,Mumbai,Diesel,90.03
2024-12-02,Mumbai,Petrol,103.5
2024-12-03,Chennai,Diesel,92.39
2024-12-03,Chennai,Petrol,100.8
2024-12-03,Delhi,Diesel,87.67
2024-12-03,Delhi,Petrol,94.77
2024-12-03,Kolkata,Diesel,91.82
2024-12-03,Kolkata,Petrol,105.01
2024-12-03,Mumbai,Diesel,90.03
2024-12-03,Mumbai,Petrol,103.5
2024-12-04,Chennai,Diesel,92.39
2024-12-04,Chennai,Petrol,100.8
2024-12-04,Delhi,Diesel,87.67
2024-12-04,Delhi,Petrol,94.77
2024-12-04,Kolkata,Diesel,91.82
2024-12-04,Kolkata,Petrol,105.01
2024-12-04,Mumbai,Diesel,90.03
2024-12-04,Mumbai,Petrol,103.5
2024-12-05,Chennai,Diesel,92.39
2024-12-05,Chennai,Petrol,100.8
2024-12-05,Delhi,Diesel,87.67
2024-12-05,Delhi,Petrol,94.77
2024-12-05,Kolkata,Diesel,91.82
2024-12-05,Kolkata,Petrol,105.01
2024-12-05,Mumbai,Diesel,90.03
2024-12-05,Mumbai,Petrol,103.5
2024-12-06,Chennai,Diesel,92.39
2024-12-06,Chennai,Petrol,100.8
2024-12-06,Delhi,Diesel,87.67
2024-12-06,Delhi,Petrol,94.77
2024-12-06,Kolkata,Diesel,91.82
2024-12-06,Kolkata,Petrol,105.01
2024-12-06,Mumbai,Diesel,90.03
2024-12-06,Mumbai,Petrol,103.5
2024-12-07,Chennai,Diesel,92.39
2024-12-07,Chennai,Petrol,100.8
2024-12-07,Delhi,Diesel,87.67
2024-12-07,Delhi,Petrol,94.77
2024-12-07,Kolkata,Diesel,91.82
2024-12-07,Kolkata,Petrol,105.01
2024-12-07,Mumbai,Diesel,90.03
2024-12-07,Mumbai,Petrol,103.5
2024-12-08,Chennai,Diesel,92.39
2024-12-08,Chennai,Petrol,100.8
2024-12-08,Delhi,Diesel,87.67
2024-12-08,Delhi,Petrol,94.77
2024-12-08,Kolkata,Diesel,91.82
2024-12-08,Kolkata,Petrol,105.01
2024-12-08,Mumbai,Diesel,90.03
2024-12-08,Mumbai,Petrol,103.5
2024-12-09,Chennai,Diesel,92.39
2024-12-09,Chennai,Petrol,100.8
2024-12-09,Delhi,Diesel,87.67
2024-12-09,Delhi,Petrol,94.77
2024-12-09,Kolkata,Diesel,91.82
2024-12-09,Kolkata,Petrol,105.01
2024-12-09,Mumbai,Diesel,90.03
2024-12-09,Mumbai,Petrol,103.5
2024-12-10,Chennai,Diesel,92.39
2024-12-10,Chennai,Petrol,100.8
2024-12-10,Delhi,Diesel,87.67
2024-12-10,Delhi,Petrol,94.77
2024-12-10,Kolkata,Diesel,91.82
2024-12-10,Kolkata,Petrol,105.01
2024-12-10,Mumbai,Diesel,90.03
2024-12-10,Mumbai,Petrol,103.5
2024-12-11,Chennai,Diesel,92.39
2024-12-11,Chennai,Petrol,100.8
2024-12-11,Delhi,Diesel,87.67
2024-12-11,Delhi,Petrol,94.77
2024-12-11,Kolkata,Diesel,91.82
2024-12-11,Kolkata,Petrol,105.01
2024-12-11,Mumbai,Diesel,90.03
2024-12-11,Mumbai,Petrol,103.5
2024-12-12,Chennai,Diesel,92.39
2024-12-12,Chennai,Petrol,100.8
2024-12-12,Delhi,Diesel,87.67
2024-12-12,Delhi,Petrol,94.77
2024-12-12,Kolkata,Diesel,91.82
2024-12-12,Kolkata,Petrol,105.01
2024-12-12,Mumbai,Diesel,90.03
2024-12-12,Mumbai,Petrol,103.5
2024-12-13,Chennai,Diesel,92.39
2024-12-13,Chennai,Petrol,100.8
2024-12-13,Delhi,Diesel,87.67
2024-12-13,Delhi,Petrol,94.77
2024-12-13,Kolkata,Diesel,91.82
2024-12-13,Kolkata,Petrol,105.01
2024-12-13,Mumbai,Diesel,90.03
2024-12-13,Mumbai,Petrol,103.5
2024-12-14,Chennai,Diesel,92.39
2024-12-14,Chennai,Petrol,100.8
2024-12-14,Delhi,Diesel,87.67
2024-12-14,Delhi,Petrol,94.77
2024-12-14,Kolkata,Diesel,91.82
2024-12-14,Kolkata,Petrol,105.01
2024-12-14,Mumbai,Diesel,90.03
2024-12-14,Mumbai,Petrol,103.5
2024-12-15,Chennai,Diesel,92.39
2024-12-15,Chennai,Petrol,100.8
2024-12-15,Delhi,Diesel,87.67
2024-12-15,Delhi,Petrol,94.77
2024-12-15,Kolkata,Diesel,91.82
2024-12-15,Kolkata,Petrol,105.01
2024-12-15,Mumbai,Diesel,90.03
2024-12-15,Mumbai,Petrol,103.5
2024-12-16,Chennai,Diesel,92.39
2024-12-16,Chennai,Petrol,100.8
2024-12-16,Delhi,Diesel,87.67
2024-12-16,Delhi,Petrol,94.77
2024-12-16,Kolkata,Diesel,91.82
2024-12-16,Kolkata,Petrol,105.01
2024-12-16,Mumbai,Diesel,90.03
2024-12-16,Mumbai,Petrol,103.5
2024-12-17,Chennai,Diesel,92.39
2024-12-17,Chennai,Petrol,100.8
2024-12-17,Delhi,Diesel,87.67
2024-12-17,Delhi,Petrol,94.77
2024-12-17,Kolkata,Diesel,91.82
2024-12-17,Kolkata,Petrol,105.01
2024-12-17,Mumbai,Diesel,90.03
2024-12-17,Mumbai,Petrol,103.5
2024-12-18,Chennai,Diesel,92.39
2024-12-18,Chennai,Petrol,100.8
2024-12-18,Delhi,Diesel,87.67
2024-12-18,Delhi,Petrol,94.77
2024-12-18,Kolkata,Diesel,91.82
2024-12-18,Kolkata,Petrol,105.01
2024-12-18,Mumbai,Diesel,90.03
2024-12-18,Mumbai,Petrol,103.5
2024-12-19,Chennai,Diesel,92.39
2024-12-19,Chennai,Petrol,100.8
2024-12-19,Delhi,Diesel,87.67
2024-12-19,Delhi,Petrol,94.77
2024-12-19,Kolkata,Diesel,91.82
2024-12-19,Kolkata,Petrol,105.01
2024-12-19,Mumbai,Diesel,90.03
2024-12-19,Mumbai,Petrol,103.5
2024-12-20,Chennai,Diesel,92.39
2024-12-20,Chennai,Petrol,100.8
2024-12-20,Delhi,Diesel,87.67
2024-12-20,Delhi,Petrol,94.77
2024-12-20,Kolkata,Diesel,91.82
2024-12-20,Kolkata,Petrol,105.01
2024-12-20,Mumbai,Diesel,90.03
2024-12-20,Mumbai,Petrol,103.5
2024-12-21,Chennai,Diesel,92.39
2024-12-21,Chennai,Petrol,100.8
2024-12-21,Delhi,Diesel,87.67
2024-12-21,Delhi,Petrol,94.77
2024-12-21,Kolkata,Diesel,91.82
2024-12-21,Kolkata,Petrol,105.01
2024-12-21,Mumbai,Diesel,90.03
2024-12-21,Mumbai,Petrol,103.5
2024-12-22,Chennai,Diesel,92.39
2024-12-22,Chennai,Petrol,100.8
2024-12-22,Delhi,Diesel,87.67
2024-12-22,Delhi,Petrol,94.77
2024-12-22,Kolkata,Diesel,91.82
2024-12-22,Kolkata,Petrol,105.01
2024-12-22,Mumbai,Diesel,90.03
2024-12-22,Mumbai,Petrol,103.5
2024-12-23,Chennai,Diesel,92.39
2024-12-23,Chennai,Petrol,100.8
2024-12-23,Delhi,Diesel,87.67
2024-12-23,Delhi,Petrol,94.77
2024-12-23,Kolkata,Diesel,91.82
2024-12-23,Kolkata,Petrol,105.01
2024-12-23,Mumbai,Diesel,90.03
2024-12-23,Mumbai,Petrol,103.5
2024-12-24,Chennai,Diesel,92.39
2024-12-24,Chennai,Petrol,100.8
2024-12-24,Delhi,Diesel,87.67
2024-12-24,Delhi,Petrol,94.77
2024-12-24,Kolkata,Diesel,91.82
2024-12-24,Kolkata,Petrol,105.01
2024-12-24,Mumbai,Diesel,90.03
2024-12-24,Mumbai,Petrol,103.5
2024-12-25,Chennai,Diesel,92.39
2024-12-25,Chennai,Petrol,100.8
2024-12-25,Delhi,Diesel,87.67
2024-12-25,Delhi,Petrol,94.77
2024-12-25,Kolkata,Diesel,91.82
2024-12-25,Kolkata,Petrol,105.01
2024-12-25,Mumbai,Diesel,90.03
2024-12-25,Mumbai,Petrol,103.5
2024-12-26,Chennai,Diesel,92.39
2024-12-26,Chennai,Petrol,100.8
2024-12-26,Delhi,Diesel,87.67
2024-12-26,Delhi,Petrol,94.77
2024-12-26,Kolkata,Diesel,91.82
2024-12-26,Kolkata,Petrol,105.01
2024-12-26,Mumbai,Diesel,90.03
2024-12-26,Mumbai,Petrol,103.5
2024-12-27,Chennai,Diesel,92.39
2024-12-27,Chennai,Petrol,100.8
2024-12-27,Delhi,Diesel,87.67
2024-12-27,Delhi,Petrol,94.77
2024-12-27,Kolkata,Diesel,91.82
2024-12-27,Kolkata,Petrol,105.01
2024-12-27,Mumbai,Diesel,90.03
2024-12-27,Mumbai,Petrol,103.5
2024-12-28,Chennai,Diesel,92.39
2024-12-28,Chennai,Petrol,100.8
2024-12-28,Delhi,Diesel,87.67
2024-12-28,Delhi,Petrol,94.77
2024-12-28,Kolkata,Diesel,91.82
2024-12-28,Kolkata,Petrol,105.01
2024-12-28,Mumbai,Diesel,90.03
2024-12-28,Mumbai,Petrol,103.5
2024-12-29,Chennai,Diesel,92.39
2024-12-29,Chennai,Petrol,100.8
2024-12-29,Delhi,Diesel,87.67
2024-12-29,Delhi,Petrol,94.77
2024-12-29,Kolkata,Diesel,91.82
2024-12-29,Kolkata,Petrol,105.01
2024-12-29,Mumbai,Diesel,90.03
2024-12-29,Mumbai,Petrol,103.5
2024-12-30,Chennai,Diesel,92.39
2024-12-30,Chennai,Petrol,100.8
2024-12-30,Delhi,Diesel,87.67
2024-12-30,Delhi,Petrol,94.77
2024-12-30,Kolkata,Diesel,91.82
2024-12-30,Kolkata,Petrol,105.01
2024-12-30,Mumbai,Diesel,90.03
2024-12-30,Mumbai,Petrol,103.5
2024-12-31,Chennai,Diesel,92.39
2024-12-31,Chennai,Petrol,100.8
2024-12-31,Delhi,Diesel,87.67
2024-12-31,Delhi,Petrol,94.77
2024-12-31,Kolkata,Diesel,91.82
2024-12-31,Kolkata,Petrol,105.01
2024-12-31,Mumbai,Diesel,90.03
2024-12-31,Mumbai,Petrol,103.5
2025-01-01,Chennai,Diesel,92.39
2025-01-01,Chennai,Petrol,100.8
2025-01-01,Delhi,Diesel,87.67
2025-01-01,Delhi,Petrol,94.77
2025-01-01,Kolkata,Diesel,91.82
2025-01-01,Kolkata,Petrol,105.01
2025-01-01,Mumbai,Diesel,90.03
2025-01-01,Mumbai,Petrol,103.5
2025-01-02,Chennai,Diesel,92.39
2025-01-02,Chennai,Petrol,100.8
2025-01-02,Delhi,Diesel,87.67
2025-01-02,Delhi,Petrol,94.77
2025-01-02,Kolkata,Diesel,91.82
2025-01-02,Kolkata,Petrol,105.01
2025-01-02,Mumbai,Diesel,90.03
2025-01-02,Mumbai,Petrol,103.5
2025-01-03,Chennai,Diesel,92.39
2025-01-03,Chennai,Petrol,100.8
2025-01-03,Delhi,Diesel,87.67
2025-01-03,Delhi,Petrol,94.77
2025-01-03,Kolkata,Diesel,91.82
2025-01-03,Kolkata,Petrol,105.01
2025-01-03,Mumbai,Diesel,90.03
2025-01-03,Mumbai,Petrol,103.5
2025-01-04,Chennai,Diesel,92.39
2025-01-04,Chennai,Petrol,100.8
2025-01-04,Delhi,Diesel,87.67
2025-01-04,Delhi,Petrol,94.77
2025-01-04,Kolkata,Diesel,91.82
2025-01-04,Kolkata,Petrol,105.01
2025-01-04,Mumbai,Diesel,90.03
2025-01-04,Mumbai,Petrol,103.5
2025-01-05,Chennai,Diesel,92.39
2025-01-05,Chennai,Petrol,100.8
2025-01-05,Delhi,Diesel,87.67
2025-01-05,Delhi,Petrol,94.77
2025-01-05,Kolkata,Diesel,91.82
2025-01-05,Kolkata,Petrol,105.01
2025-01-05,Mumbai,Diesel,90.03
2025-01-05,Mumbai,Petrol,103.5
2025-01-06,Chennai,Diesel,92.39
2025-01-06,Chennai,Petrol,100.8
2025-01-06,Delhi,Diesel,87.67
2025-01-06,Delhi,Petrol,94.77
2025-01-06,Kolkata,Diesel,91.82
2025-01-06,Kolkata,Petrol,105.01
2025-01-06,Mumbai,Diesel,90.03
2025-01-06,Mumbai,Petrol,103.5
2025-01-07,Chennai,Diesel,92.39
2025-01-07,Chennai,Petrol,100.8
2025-01-07,Delhi,Diesel,87.67
2025-01-07,Delhi,Petrol,94.77
2025-01-07,Kolkata,Diesel,91.82
2025-01-07,Kolkata,Petrol,105.01
2025-01-07,Mumbai,Diesel,90.03
2025-01-07,Mumbai,Petrol,103.5
2025-01-08,Chennai,Diesel,92.39
2025-01-08,Chennai,Petrol,100.8
2025-01-08,Delhi,Diesel,87.67
2025-01-08,Delhi,Petrol,94.77
2025-01-08,Kolkata,Diesel,91.82
2025-01-08,Kolkata,Petrol,105.01
2025-01-08,Mumbai,Diesel,90.03
2025-01-08,Mumbai,Petrol,103.5
2025-01-09,Chennai,Diesel,92.39
2025-01-09,Chennai,Petrol,100.8
2025-01-09,Delhi,Diesel,87.67
2025-01-09,Delhi,Petrol,94.77
2025-01-09,Kolkata,Diesel,91.82
2025-01-09,Kolkata,Petrol,105.01
2025-01-09,Mumbai,Diesel,90.03
2025-01-09,Mumbai,Petrol,103.5
2025-01-10,Chennai,Diesel,92.39
2025-01-10,Chennai,Petrol,100.8
2025-01-10,Delhi,Diesel,87.67
2025-01-10,Delhi,Petrol,94.77
2025-01-10,Kolkata,Diesel,91.82
2025-01-10,Kolkata,Petrol,105.01
2025-01-10,Mumbai,Diesel,90.03
2025-01-10,Mumbai,Petrol,103.5
2025-01-11,Chennai,Diesel,92.39
2025-01-11,Chennai,Petrol,100.8
2025-01-11,Delhi,Diesel,87.67
2025-01-11,Delhi,Petrol,94.77
2025-01-11,Kolkata,Diesel,91.82
2025-01-11,Kolkata,Petrol,105.01
2025-01-11,Mumbai,Diesel,90.03
2025-01-11,Mumbai,Petrol,103.5
2025-01-12,Chennai,Diesel,92.39
2025-01-12,Chennai,Petrol,100.8
2025-01-12,Delhi,Diesel,87.67
2025-01-12,Delhi,Petrol,94.77
2025-01-12,Kolkata,Diesel,91.82
2025-01-12,Kolkata,Petrol,105.01
2025-01-12,Mumbai,Diesel,90.03
2025-01-12,Mumbai,Petrol,103.5
2025-01-13,Chennai,Diesel,92.39
2025-01-13,Chennai,Petrol,100.8
2025-01-13,Delhi,Diesel,87.67
2025-01-13,Delhi,Petrol,94.77
2025-01-13,Kolkata,Diesel,91.82
2025-01-13,Kolkata,Petrol,105.01
2025-01-13,Mumbai,Diesel,90.03
2025-01-13,Mumbai,Petrol,103.5
2025-01-14,Chennai,Diesel,92.39
2025-01-14,Chennai,Petrol,100.8
2025-01-14,Delhi,Diesel,87.67
2025-01-14,Delhi,Petrol,94.77
2025-01-14,Kolkata,Diesel,91.82
2025-01-14,Kolkata,Petrol,105.01
2025-01-14,Mumbai,Diesel,90.03
2025-01-14,Mumbai,Petrol,103.5
2025-01-15,Chennai,Diesel,92.39
2025-01-15,Chennai,Petrol,100.8
2025-01-15,Delhi,Diesel,87.67
2025-01-15,Delhi,Petrol,94.77
2025-01-15,Kolkata,Diesel,91.82
2025-01-15,Kolkata,Petrol,105.01
2025-01-15,Mumbai,Diesel,90.03
2025-01-15,Mumbai,Petrol,103.5
2025-01-16,Chennai,Diesel,92.39
2025-01-16,Chennai,Petrol,100.8
2025-01-16,Delhi,Diesel,87.67
2025-01-16,Delhi,Petrol,94.77
2025-01-16,Kolkata,Diesel,91.82
2025-01-16,Kolkata,Petrol,105.01
2025-01-16,Mumbai,Diesel,90.03
2025-01-16,Mumbai,Petrol,103.5
2025-01-17,Chennai,Diesel,92.39
2025-01-17,Chennai,Petrol,100.8
2025-01-17,Delhi,Diesel,87.67
2025-01-17,Delhi,Petrol,94.77
2025-01-17,Kolkata,Diesel,91.82
2025-01-17,Kolkata,Petrol,105.01
2025-01-17,Mumbai,Diesel,90.03
2025-01-17,Mumbai,Petrol,103.5
2025-01-18,Chennai,Diesel,92.39
2025-01-18,Chennai,Petrol,100.8
2025-01-18,Delhi,Diesel,87.67
2025-01-18,Delhi,Petrol,94.77
2025-01-18,Kolkata,Diesel,91.82
2025-01-18,Kolkata,Petrol,105.01
2025-01-18,Mumbai,Diesel,90.03
2025-01-18,Mumbai,Petrol,103.5
2025-01-19,Chennai,Diesel,92.39
2025-01-19,Chennai,Petrol,100.8
2025-01-19,Delhi,Diesel,87.67
2025-01-19,Delhi,Petrol,94.77
2025-01-19,Kolkata,Diesel,91.82
2025-01-19,Kolkata,Petrol,105.01
2025-01-19,Mumbai,Diesel,90.03
2025-01-19,Mumbai,Petrol,103.5
2025-01-20,Chennai,Diesel,92.39
2025-01-20,Chennai,Petrol,100.8
2025-01-20,Delhi,Diesel,87.67
2025-01-20,Delhi,Petrol,94.77
2025-01-20,Kolkata,Diesel,91.82
2025-01-20,Kolkata,Petrol,105.01
2025-01-20,Mumbai,Diesel,90.03
2025-01-20,Mumbai,Petrol,103.5
2025-01-21,Chennai,Diesel,92.39
2025-01-21,Chennai,Petrol,100.8
2025-01-21,Delhi,Diesel,87.67
2025-01-21,Delhi,Petrol,94.77
2025-01-21,Kolkata,Diesel,91.82
2025-01-21,Kolkata,Petrol,105.01
2025-01-21,Mumbai,Diesel,90.03
2025-01-21,Mumbai,Petrol,103.5
2025-01-22,Chennai,Diesel,92.39
2025-01-22,Chennai,Petrol,100.8
2025-01-22,Delhi,Diesel,87.67
2025-01-22,Delhi,Petrol,94.77
2025-01-22,Kolkata,Diesel,91.82
2025-01-22,Kolkata,Petrol,105.01
2025-01-22,Mumbai,Diesel,90.03
2025-01-22,Mumbai,Petrol,103.5
2025-01-23,Chennai,Diesel,92.39
2025-01-23,Chennai,Petrol,100.8
2025-01-23,Delhi,Diesel,87.67
2025-01-23,Delhi,Petrol,94.77
2025-01-23,Kolkata,Diesel,91.82
2025-01-23,Kolkata,Petrol,105.01
2025-01-23,Mumbai,Diesel,90.03
2025-01-23,Mumbai,Petrol,103.5
2025-01-24,Chennai,Diesel,92.39
2025-01-24,Chennai,Petrol,100.8
2025-01-24,Delhi,Diesel,87.67
2025-01-24,Delhi,Petrol,94.77
2025-01-24,Kolkata,Diesel,91.82
2025-01-24,Kolkata,Petrol,105.01
2025-01-24,Mumbai,Diesel,90.03
2025-01-24,Mumbai,Petrol,103.5
2025-01-25,Chennai,Diesel,92.39
2025-01-25,Chennai,Petrol,100.8
2025-01-25,Delhi,Diesel,87.67
2025-01-25,Delhi,Petrol,94.77
2025-01-25,Kolkata,Diesel,91.82
2025-01-25,Kolkata,Petrol,105.01
2025-01-25,Mumbai,Diesel,90.03
2025-01-25,Mumbai,Petrol,103.5
2025-01-26,Chennai,Diesel,92.39
2025-01-26,Chennai,Petrol,100.8
2025-01-26,Delhi,Diesel,87.67
2025-01-26,Delhi,Petrol,94.77
2025-01-26,Kolkata,Diesel,91.82
2025-01-26,Kolkata,Petrol,105.01
2025-01-26,Mumbai,Diesel,90.03
2025-01-26,Mumbai,Petrol,103.5
2025-01-27,Chennai,Diesel,92.39
2025-01-27,Chennai,Petrol,100.8
2025-01-27,Delhi,Diesel,87.67
2025-01-27,Delhi,Petrol,94.77
2025-01-27,Kolkata,Diesel,91.82
2025-01-27,Kolkata,Petrol,105.01
2025-01-27,Mumbai,Diesel,90.03
2025-01-27,Mumbai,Petrol,103.5
2025-01-28,Chennai,Diesel,92.39
2025-01-28,Chennai,Petrol,100.8
2025-01-28,Delhi,Diesel,87.67
2025-01-28,Delhi,Petrol,94.77
2025-01-28,Kolkata,Diesel,91.82
2025-01-28,Kolkata,Petrol,105.01
2025-01-28,Mumbai,Diesel,90.03
2025-01-28,Mumbai,Petrol,103.5
2025-01-29,Chennai,Diesel,92.39
2025-01-29,Chennai,Petrol,100.8
2025-01-29,Delhi,Diesel,87.67
2025-01-29,Delhi,Petrol,94.77
2025-01-29,Kolkata,Diesel,91.82
2025-01-29,Kolkata,Petrol,105.01
2025-01-29,Mumbai,Diesel,90.03
2025-01-29,Mumbai,Petrol,103.5
2025-01-30,Chennai,Diesel,92.39
2025-01-30,Chennai,Petrol,100.8
2025-01-30,Delhi,Diesel,87.67
2025-01-30,Delhi,Petrol,94.77
2025-01-30,Kolkata,Diesel,91.82
2025-01-30,Kolkata,Petrol,105.01
2025-01-30,Mumbai,Diesel,90.03
2025-01-30,Mumbai,Petrol,103.5
2025-01-31,Chennai,Diesel,92.39
2025-01-31,Chennai,Petrol,100.8
2025-01-31,Delhi,Diesel,87.67
2025-01-31,Delhi,Petrol,94.77
2025-01-31,Kolkata,Diesel,91.82
2025-01-31,Kolkata,Petrol,105.01
2025-01-31,Mumbai,Diesel,90.03
2025-01-31,Mumbai,Petrol,103.5
2025-02-01,Chennai,Diesel,92.39
2025-02-01,Chennai,Petrol,100.8
2025-02-01,Delhi,Diesel,87.67
2025-02-01,Delhi,Petrol,94.77
2025-02-01,Kolkata,Diesel,91.82
2025-02-01,Kolkata,Petrol,105.01
2025-02-01,Mumbai,Diesel,90.03
2025-02-01,Mumbai,Petrol,103.5
2025-02-02,Chennai,Diesel,92.39
2025-02-02,Chennai,Petrol,100.8
2025-02-02,Delhi,Diesel,87.67
2025-02-02,Delhi,Petrol,94.77
2025-02-02,Kolkata,Diesel,91.82
2025-02-02,Kolkata,Petrol,105.01
2025-02-02,Mumbai,Diesel,90.03
2025-02-02,Mumbai,Petrol,103.5
2025-02-03,Chennai,Diesel,92.39
2025-02-03,Chennai,Petrol,100.8
2025-02-03,Delhi,Diesel,87.67
2025-02-03,Delhi,Petrol,94.77
2025-02-03,Kolkata,Diesel,91.82
2025-02-03,Kolkata,Petrol,105.01
2025-02-03,Mumbai,Diesel,90.03
2025-02-03,Mumbai,Petrol,103.5
2025-02-04,Chennai,Diesel,92.39
2025-02-04,Chennai,Petrol,100.8
2025-02-04,Delhi,Diesel,87.67
2025-02-04,Delhi,Petrol,94.77
2025-02-04,Kolkata,Diesel,91.82
2025-02-04,Kolkata,Petrol,105.01
2025-02-04,Mumbai,Diesel,90.03
2025-02-04,Mumbai,Petrol,103.5
2025-02-05,Chennai,Diesel,92.39
2025-02-05,Chennai,Petrol,100.8
2025-02-05,Delhi,Diesel,87.67
2025-02-05,Delhi,Petrol,94.77
2025-02-05,Kolkata,Diesel,91.82
2025-02-05,Kolkata,Petrol,105.01
2025-02-05,Mumbai,Diesel,90.03
2025-02-05,Mumbai,Petrol,103.5
2025-02-06,Chennai,Diesel,92.39
2025-02-06,Chennai,Petrol,100.8
2025-02-06,Delhi,Diesel,87.67
2025-02-06,Delhi,Petrol,94.77
2025-02-06,Kolkata,Diesel,91.82
2025-02-06,Kolkata,Petrol,105.01
2025-02-06,Mumbai,Diesel,90.03
2025-02-06,Mumbai,Petrol,103.5
2025-02-07,Chennai,Diesel,92.39
2025-02-07,Chennai,Petrol,100.8
2025-02-07,Delhi,Diesel,87.67
2025-02-07,Delhi,Petrol,94.77
2025-02-07,Kolkata,Diesel,91.82
2025-02-07,Kolkata,Petrol,105.01
2025-02-07,Mumbai,Diesel,90.03
2025-02-07,Mumbai,Petrol,103.5
2025-02-08,Chennai,Diesel,92.39
2025-02-08,Chennai,Petrol,100.8
2025-02-08,Delhi,Diesel,87.67
2025-02-08,Delhi,Petrol,94.77
2025-02-08,Kolkata,Diesel,91.82
2025-02-08,Kolkata,Petrol,105.01
2025-02-08,Mumbai,Diesel,90.03
2025-02-08,Mumbai,Petrol,103.5
2025-02-09,Chennai,Diesel,92.39
2025-02-09,Chennai,Petrol,100.8
2025-02-09,Delhi,Diesel,87.67
2025-02-09,Delhi,Petrol,94.77
2025-02-09,Kolkata,Diesel,91.82
2025-02-09,Kolkata,Petrol,105.01
2025-02-09,Mumbai,Diesel,90.03
2025-02-09,Mumbai,Petrol,103.5
2025-02-10,Chennai,Diesel,92.39
2025-02-10,Chennai,Petrol,100.8
2025-02-10,Delhi,Diesel,87.67
2025-02-10,Delhi,Petrol,94.77
2025-02-10,Kolkata,Diesel,91.82
2025-02-10,Kolkata,Petrol,105.01
2025-02-10,Mumbai,Diesel,90.03
2025-02-10,Mumbai,Petrol,103.5
2025-02-11,Chennai,Diesel,92.39
2025-02-11,Chennai,Petrol,100.8
2025-02-11,Delhi,Diesel,87.67
2025-02-11,Delhi,Petrol,94.77
2025-02-11,Kolkata,Diesel,91.82
2025-02-11,Kolkata,Petrol,105.01
2025-02-11,Mumbai,Diesel,90.03
2025-02-11,Mumbai,Petrol,103.5
2025-02-12,Chennai,Diesel,92.39
2025-02-12,Chennai,Petrol,100.8
2025-02-12,Delhi,Diesel,87.67
2025-02-12,Delhi,Petrol,94.77
2025-02-12,Kolkata,Diesel,91.82
2025-02-12,Kolkata,Petrol,105.01
2025-02-12,Mumbai,Diesel,90.03
2025-02-12,Mumbai,Petrol,103.5
2025-02-13,Chennai,Diesel,92.39
2025-02-13,Chennai,Petrol,100.8
2025-02-13,Delhi,Diesel,87.67
2025-02-13,Delhi,Petrol,94.77
2025-02-13,Kolkata,Diesel,91.82
2025-02-13,Kolkata,Petrol,105.01
2025-02-13,Mumbai,Diesel,90.03
2025-02-13,Mumbai,Petrol,103.5
2025-02-14,Chennai,Diesel,92.39
2025-02-14,Chennai,Petrol,100.8
2025-02-14,Delhi,Diesel,87.67
2025-02-14,Delhi,Petrol,94.77
2025-02-14,Kolkata,Diesel,91.82
2025-02-14,Kolkata,Petrol,105.01
2025-02-14,Mumbai,Diesel,90.03
2025-02-14,Mumbai,Petrol,103.5
2025-02-15,Chennai,Diesel,92.39
2025-02-15,Chennai,Petrol,100.8
2025-02-15,Delhi,Diesel,87.67
2025-02-15,Delhi,Petrol,94.77
2025-02-15,Kolkata,Diesel,91.82
2025-02-15,Kolkata,Petrol,105.01
2025-02-15,Mumbai,Diesel,90.03
2025-02-15,Mumbai,Petrol,103.5
2025-02-16,Chennai,Diesel,92.39
2025-02-16,Chennai,Petrol,100.8
2025-02-16,Delhi,Diesel,87.67
2025-02-16,Delhi,Petrol,94.77
2025-02-16,Kolkata,Diesel,91.82
2025-02-16,Kolkata,Petrol,105.01
2025-02-16,Mumbai,Diesel,90.03
2025-02-16,Mumbai,Petrol,103.5
2025-02-17,Chennai,Diesel,92.39
2025-02-17,Chennai,Petrol,100.8
2025-02-17,Delhi,Diesel,87.67
2025-02-17,Delhi,Petrol,94.77
2025-02-17,Kolkata,Diesel,91.82
2025-02-17,Kolkata,Petrol,105.01
2025-02-17,Mumbai,Diesel,90.03
2025-02-17,Mumbai,Petrol,103.5
2025-02-18,Chennai,Diesel,92.39
2025-02-18,Chennai,Petrol,100.8
2025-02-18,Delhi,Diesel,87.67
2025-02-18,Delhi,Petrol,94.77
2025-02-18,Kolkata,Diesel,91.82
2025-02-18,Kolkata,Petrol,105.01
2025-02-18,Mumbai,Diesel,90.03
2025-02-18,Mumbai,Petrol,103.5
2025-02-19,Chennai,Diesel,92.39
2025-02-19,Chennai,Petrol,100.8
2025-02-19,Delhi,Diesel,87.67
2025-02-19,Delhi,Petrol,94.77
2025-02-19,Kolkata,Diesel,91.82
2025-02-19,Kolkata,Petrol,105.01
2025-02-19,Mumbai,Diesel,90.03
2025-02-19,Mumbai,Petrol,103.5
2025-02-20,Chennai,Diesel,92.39
2025-02-20,Chennai,Petrol,100.8
2025-02-20,Delhi,Diesel,87.67
2025-02-20,Delhi,Petrol,94.77
2025-02-20,Kolkata,Diesel,91.82
2025-02-20,Kolkata,Petrol,105.01
2025-02-20,Mumbai,Diesel,90.03
2025-02-20,Mumbai,Petrol,103.5
2025-02-21,Chennai,Diesel,92.39
2025-02-21,Chennai,Petrol,100.8
2025-02-21,Delhi,Diesel,87.67
2025-02-21,Delhi,Petrol,94.77
2025-02-21,Kolkata,Diesel,91.82
2025-02-21,Kolkata,Petrol,105.01
2025-02-21,Mumbai,Diesel,90.03
2025-02-21,Mumbai,Petrol,103.5
2025-02-22,Chennai,Diesel,92.39
2025-02-22,Chennai,Petrol,100.8
2025-02-22,Delhi,Diesel,87.67
2025-02-22,Delhi,Petrol,94.77
2025-02-22,Kolkata,Diesel,91.82
2025-02-22,Kolkata,Petrol,105.01
2025-02-22,Mumbai,Diesel,90.03
2025-02-22,Mumbai,Petrol,103.5
2025-02-23,Chennai,Diesel,92.39
2025-02-23,Chennai,Petrol,100.8
2025-02-23,Delhi,Diesel,87.67
2025-02-23,Delhi,Petrol,94.77
2025-02-23,Kolkata,Diesel,91.82
2025-02-23,Kolkata,Petrol,105.01
2025-02-23,Mumbai,Diesel,90.03
2025-02-23,Mumbai,Petrol,103.5
2025-02-24,Chennai,Diesel,92.39
2025-02-24,Chennai,Petrol,100.8
2025-02-24,Delhi,Diesel,87.67
2025-02-24,Delhi,Petrol,94.77
2025-02-24,Kolkata,Diesel,91.82
2025-02-24,Kolkata,Petrol,105.01
2025-02-24,Mumbai,Diesel,90.03
2025-02-24,Mumbai,Petrol,103.5
2025-02-25,Chennai,Diesel,92.39
2025-02-25,Chennai,Petrol,100.8
2025-02-25,Delhi,Diesel,87.67
2025-02-25,Delhi,Petrol,94.77
2025-02-25,Kolkata,Diesel,91.82
2025-02-25,Kolkata,Petrol,105.01
2025-02-25,Mumbai,Diesel,90.03
2025-02-25,Mumbai,Petrol,103.5
2025-02-26,Chennai,Diesel,92.39
2025-02-26,Chennai,Petrol,100.8
2025-02-26,Delhi,Diesel,87.67
2025-02-26,Delhi,Petrol,94.77
2025-02-26,Kolkata,Diesel,91.82
2025-02-26,Kolkata,Petrol,105.01
2025-02-26,Mumbai,Diesel,90.03
2025-02-26,Mumbai,Petrol,103.5
2025-02-27,Chennai,Diesel,92.39
2025-02-27,Chennai,Petrol,100.8
2025-02-27,Delhi,Diesel,87.67
2025-02-27,Delhi,Petrol,94.77
2025-02-27,Kolkata,Diesel,91.82
2025-02-27,Kolkata,Petrol,105.01
2025-02-27,Mumbai,Diesel,90.03
2025-02-27,Mumbai,Petrol,103.5
2025-02-28,Chennai,Diesel,92.39
2025-02-28,Chennai,Petrol,100.8
2025-02-28,Delhi,Diesel,87.67
2025-02-28,Delhi,Petrol,94.77
2025-02-28,Kolkata,Diesel,91.82
2025-02-28,Kolkata,Petrol,105.01
2025-02-28,Mumbai,Diesel,90.03
2025-02-28,Mumbai,Petrol,103.5
2025-03-01,Chennai,Diesel,92.39
2025-03-01,Chennai,Petrol,100.8
2025-03-01,Delhi,Diesel,87.67
2025-03-01,Delhi,Petrol,94.77
2025-03-01,Kolkata,Diesel,91.82
2025-03-01,Kolkata,Petrol,105.01
2025-03-01,Mumbai,Diesel,90.03
2025-03-01,Mumbai,Petrol,103.5
2025-03-02,Chennai,Diesel,92.39
2025-03-02,Chennai,Petrol,100.8
2025-03-02,Delhi,Diesel,87.67
2025-03-02,Delhi,Petrol,94.77
2025-03-02,Kolkata,Diesel,91.82
2025-03-02,Kolkata,Petrol,105.01
2025-03-02,Mumbai,Diesel,90.03
2025-03-02,Mumbai,Petrol,103.5
2025-03-03,Chennai,Diesel,92.39
2025-03-03,Chennai,Petrol,100.8
2025-03-03,Delhi,Diesel,87.67
2025-03-03,Delhi,Petrol,94.77
2025-03-03,Kolkata,Diesel,91.82
2025-03-03,Kolkata,Petrol,105.01
2025-03-03,Mumbai,Diesel,90.03
2025-03-03,Mumbai,Petrol,103.5
2025-03-04,Chennai,Diesel,92.39
2025-03-04,Chennai,Petrol,100.8
2025-03-04,Delhi,Diesel,87.67
2025-03-04,Delhi,Petrol,94.77
2025-03-04,Kolkata,Diesel,91.82
2025-03-04,Kolkata,Petrol,105.01
2025-03-04,Mumbai,Diesel,90.03
2025-03-04,Mumbai,Petrol,103.5
2025-03-05,Chennai,Diesel,92.39
2025-03-05,Chennai,Petrol,100.8
2025-03-05,Delhi,Diesel,87.67
2025-03-05,Delhi,Petrol,94.77
2025-03-05,Kolkata,Diesel,91.82
2025-03-05,Kolkata,Petrol,105.01
2025-03-05,Mumbai,Diesel,90.03
2025-03-05,Mumbai,Petrol,103.5
2025-03-06,Chennai,Diesel,92.39
2025-03-06,Chennai,Petrol,100.8
2025-03-06,Delhi,Diesel,87.67
2025-03-06,Delhi,Petrol,94.77
2025-03-06,Kolkata,Diesel,91.82
2025-03-06,Kolkata,Petrol,105.01
2025-03-06,Mumbai,Diesel,90.03
2025-03-06,Mumbai,Petrol,103.5
2025-03-07,Chennai,Diesel,92.39
2025-03-07,Chennai,Petrol,100.8
2025-03-07,Delhi,Diesel,87.67
2025-03-07,Delhi,Petrol,94.77
2025-03-07,Kolkata,Diesel,91.82
2025-03-07,Kolkata,Petrol,105.01
2025-03-07,Mumbai,Diesel,90.03
2025-03-07,Mumbai,Petrol,103.5
2025-03-08,Chennai,Diesel,92.39
2025-03-08,Chennai,Petrol,100.8
2025-03-08,Delhi,Diesel,87.67
2025-03-08,Delhi,Petrol,94.77
2025-03-08,Kolkata,Diesel,91.82
2025-03-08,Kolkata,Petrol,105.01
2025-03-08,Mumbai,Diesel,90.03
2025-03-08,Mumbai,Petrol,103.5
2025-03-09,Chennai,Diesel,92.39
2025-03-09,Chennai,Petrol,100.8
2025-03-09,Delhi,Diesel,87.67
2025-03-09,Delhi,Petrol,94.77
2025-03-09,Kolkata,Diesel,91.82
2025-03-09,Kolkata,Petrol,105.01
2025-03-09,Mumbai,Diesel,90.03
2025-03-09,Mumbai,Petrol,103.5
2025-03-10,Chennai,Diesel,92.39
2025-03-10,Chennai,Petrol,100.8
2025-03-10,Delhi,Diesel,87.67
2025-03-10,Delhi,Petrol,94.77
2025-03-10,Kolkata,Diesel,91.82
2025-03-10,Kolkata,Petrol,105.01
2025-03-10,Mumbai,Diesel,90.03
2025-03-10,Mumbai,Petrol,103.5
2025-03-11,Chennai,Diesel,92.39
2025-03-11,Chennai,Petrol,100.8
2025-03-11,Delhi,Diesel,87.67
2025-03-11,Delhi,Petrol,94.77
2025-03-11,Kolkata,Diesel,91.82
2025-03-11,Kolkata,Petrol,105.01
2025-03-11,Mumbai,Diesel,90.03
2025-03-11,Mumbai,Petrol,103.5
2025-03-12,Chennai,Diesel,92.39
2025-03-12,Chennai,Petrol,100.8
2025-03-12,Delhi,Diesel,87.67
2025-03-12,Delhi,Petrol,94.77
2025-03-12,Kolkata,Diesel,91.82
2025-03-12,Kolkata,Petrol,105.01
2025-03-12,Mumbai,Diesel,90.03
2025-03-12,Mumbai,Petrol,103.5
2025-03-13,Chennai,Diesel,92.39
2025-03-13,Chennai,Petrol,100.8
2025-03-13,Delhi,Diesel,87.67
2025-03-13,Delhi,Petrol,94.77
2025-03-13,Kolkata,Diesel,91.82
2025-03-13,Kolkata,Petrol,105.01
2025-03-13,Mumbai,Diesel,90.03
2025-03-13,Mumbai,Petrol,103.5
2025-03-14,Chennai,Diesel,92.39
2025-03-14,Chennai,Petrol,100.8
2025-03-14,Delhi,Diesel,87.67
2025-03-14,Delhi,Petrol,94.77
2025-03-14,Kolkata,Diesel,91.82
2025-03-14,Kolkata,Petrol,105.01
2025-03-14,Mumbai,Diesel,90.03
2025-03-14,Mumbai,Petrol,103.5
2025-03-15,Chennai,Diesel,92.39
2025-03-15,Chennai,Petrol,100.8
2025-03-15,Delhi,Diesel,87.67
2025-03-15,Delhi,Petrol,94.77
2025-03-15,Kolkata,Diesel,91.82
2025-03-15,Kolkata,Petrol,105.01
2025-03-15,Mumbai,Diesel,90.03
2025-03-15,Mumbai,Petrol,103.5
2025-03-16,Chennai,Diesel,92.39
2025-03-16,Chennai,Petrol,100.8
2025-03-16,Delhi,Diesel,87.67
2025-03-16,Delhi,Petrol,94.77
2025-03-16,Kolkata,Diesel,91.82
2025-03-16,Kolkata,Petrol,105.01
2025-03-16,Mumbai,Diesel,90.03
2025-03-16,Mumbai,Petrol,103.5
2025-03-17,Chennai,Diesel,92.39
2025-03-17,Chennai,Petrol,100.8
2025-03-17,Delhi,Diesel,87.67
2025-03-17,Delhi,Petrol,94.77
2025-03-17,Kolkata,Diesel,91.82
2025-03-17,Kolkata,Petrol,105.01
2025-03-17,Mumbai,Diesel,90.03
2025-03-17,Mumbai,Petrol,103.5
2025-03-18,Chennai,Diesel,92.39
2025-03-18,Chennai,Petrol,100.8
2025-03-18,Delhi,Diesel,87.67
2025-03-18,Delhi,Petrol,94.77
2025-03-18,Kolkata,Diesel,91.82
2025-03-18,Kolkata,Petrol,105.01
2025-03-18,Mumbai,Diesel,90.03
2025-03-18,Mumbai,Petrol,103.5
2025-03-19,Chennai,Diesel,92.39
2025-03-19,Chennai,Petrol,100.8
2025-03-19,Delhi,Diesel,87.67
2025-03-19,Delhi,Petrol,94.77
2025-03-19,Kolkata,Diesel,91.82
2025-03-19,Kolkata,Petrol,105.01
2025-03-19,Mumbai,Diesel,90.03
2025-03-19,Mumbai,Petrol,103.5
2025-03-20,Chennai,Diesel,92.39
2025-03-20,Chennai,Petrol,100.8
2025-03-20,Delhi,Diesel,87.67
2025-03-20,Delhi,Petrol,94.77
2025-03-20,Kolkata,Diesel,91.82
2025-03-20,Kolkata,Petrol,105.01
2025-03-20,Mumbai,Diesel,90.03
2025-03-20,Mumbai,Petrol,103.5
2025-03-21,Chennai,Diesel,92.39
2025-03-21,Chennai,Petrol,100.8
2025-03-21,Delhi,Diesel,87.67
2025-03-21,Delhi,Petrol,94.77
2025-03-21,Kolkata,Diesel,91.82
2025-03-21,Kolkata,Petrol,105.01
2025-03-21,Mumbai,Diesel,90.03
2025-03-21,Mumbai,Petrol,103.5
2025-03-22,Chennai,Diesel,92.39
2025-03-22,Chennai,Petrol,100.8
2025-03-22,Delhi,Diesel,87.67
2025-03-22,Delhi,Petrol,94.77
2025-03-22,Kolkata,Diesel,91.82
2025-03-22,Kolkata,Petrol,105.01
2025-03-22,Mumbai,Diesel,90.03
2025-03-22,Mumbai,Petrol,103.5
2025-03-23,Chennai,Diesel,92.39
2025-03-23,Chennai,Petrol,100.8
2025-03-23,Delhi,Diesel,87.67
2025-03-23,Delhi,Petrol,94.77
2025-03-23,Kolkata,Diesel,91.82
2025-03-23,Kolkata,Petrol,105.01
2025-03-23,Mumbai,Diesel,90.03
2025-03-23,Mumbai,Petrol,103.5
2025-03-24,Chennai,Diesel,92.39
2025-03-24,Chennai,Petrol,100.8
2025-03-24,Delhi,Diesel,87.67
2025-03-24,Delhi,Petrol,94.77
2025-03-24,Kolkata,Diesel,91.82
2025-03-24,Kolkata,Petrol,105.01
2025-03-24,Mumbai,Diesel,90.03
2025-03-24,Mumbai,Petrol,103.5
2025-03-25,Chennai,Diesel,92.39
2025-03-25,Chennai,Petrol,100.8
2025-03-25,Delhi,Diesel,87.67
2025-03-25,Delhi,Petrol,94.77
2025-03-25,Kolkata,Diesel,91.82
2025-03-25,Kolkata,Petrol,105.01
2025-03-25,Mumbai,Diesel,90.03
2025-03-25,Mumbai,Petrol,103.5
2025-03-26,Chennai,Diesel,92.39
2025-03-26,Chennai,Petrol,100.8
2025-03-26,Delhi,Diesel,87.67
2025-03-26,Delhi,Petrol,94.77
2025-03-26,Kolkata,Diesel,91.82
2025-03-26,Kolkata,Petrol,105.01
2025-03-26,Mumbai,Diesel,90.03
2025-03-26,Mumbai,Petrol,103.5
2025-03-27,Chennai,Diesel,92.39
2025-03-27,Chennai,Petrol,100.8
2025-03-27,Delhi,Diesel,87.67
2025-03-27,Delhi,Petrol,94.77
2025-03-27,Kolkata,Diesel,91.82
2025-03-27,Kolkata,Petrol,105.01
2025-03-27,Mumbai,Diesel,90.03
2025-03-27,Mumbai,Petrol,103.5
2025-03-28,Chennai,Diesel,92.39
2025-03-28,Chennai,Petrol,100.8
2025-03-28,Delhi,Diesel,87.67
2025-03-28,Delhi,Petrol,94.77
2025-03-28,Kolkata,Diesel,91.82
2025-03-28,Kolkata,Petrol,105.01
2025-03-28,Mumbai,Diesel,90.03
2025-03-28,Mumbai,Petrol,103.5
2025-03-29,Chennai,Diesel,92.39
2025-03-29,Chennai,Petrol,100.8
2025-03-29,Delhi,Diesel,87.67
2025-03-29,Delhi,Petrol,94.77
2025-03-29,Kolkata,Diesel,91.82
2025-03-29,Kolkata,Petrol,105.01
2025-03-29,Mumbai,Diesel,90.03
2025-03-29,Mumbai,Petrol,103.5
2025-03-30,Chennai,Diesel,92.39
2025-03-30,Chennai,Petrol,100.8
2025-03-30,Delhi,Diesel,87.67
2025-03-30,Delhi,Petrol,94.77
2025-03-30,Kolkata,Diesel,91.82
2025-03-30,Kolkata,Petrol,105.01
2025-03-30,Mumbai,Diesel,90.03
2025-03-30,Mumbai,Petrol,103.5
2025-03-31,Chennai,Diesel,92.39
2025-03-31,Chennai,Petrol,100.8
2025-03-31,Delhi,Diesel,87.67
2025-03-31,Delhi,Petrol,94.77
2025-03-31,Kolkata,Diesel,91.82
2025-03-31,Kolkata,Petrol,105.01
2025-03-31,Mumbai,Diesel,90.03
2025-03-31,Mumbai,Petrol,103.5
2025-04-01,Chennai,Diesel,92.39
2025-04-01,Chennai,Petrol,100.8
2025-04-01,Delhi,Diesel,87.67
2025-04-01,Delhi,Petrol,94.77
2025-04-01,Kolkata,Diesel,91.82
2025-04-01,Kolkata,Petrol,105.01
2025-04-01,Mumbai,Diesel,90.03
2025-04-01,Mumbai,Petrol,103.5
2025-04-02,Chennai,Diesel,92.39
2025-04-02,Chennai,Petrol,100.8
2025-04-02,Delhi,Diesel,87.67
2025-04-02,Delhi,Petrol,94.77
2025-04-02,Kolkata,Diesel,91.82
2025-04-02,Kolkata,Petrol,105.01
2025-04-02,Mumbai,Diesel,90.03
2025-04-02,Mumbai,Petrol,103.5
2025-04-03,Chennai,Diesel,92.39
2025-04-03,Chennai,Petrol,100.8
2025-04-03,Delhi,Diesel,87.67
2025-04-03,Delhi,Petrol,94.77
2025-04-03,Kolkata,Diesel,91.82
2025-04-03,Kolkata,Petrol,105.01
2025-04-03,Mumbai,Diesel,90.03
2025-04-03,Mumbai,Petrol,103.5
2025-04-04,Chennai,Diesel,92.39
2025-04-04,Chennai,Petrol,100.8
2025-04-04,Delhi,Diesel,87.67
2025-04-04,Delhi,Petrol,94.77
2025-04-04,Kolkata,Diesel,91.82
2025-04-04,Kolkata,Petrol,105.01
2025-04-04,Mumbai,Diesel,90.03
2025-04-04,Mumbai,Petrol,103.5
2025-04-05,Chennai,Diesel,92.39
2025-04-05,Chennai,Petrol,100.8
2025-04-05,Delhi,Diesel,87.67
2025-04-05,Delhi,Petrol,94.77
2025-04-05,Kolkata,Diesel,91.82
2025-04-05,Kolkata,Petrol,105.01
2025-04-05,Mumbai,Diesel,90.03
2025-04-05,Mumbai,Petrol,103.5
2025-04-06,Chennai,Diesel,92.39
2025-04-06,Chennai,Petrol,100.8
2025-04-06,Delhi,Diesel,87.67
2025-04-06,Delhi,Petrol,94.77
2025-04-06,Kolkata,Diesel,91.82
2025-04-06,Kolkata,Petrol,105.01
2025-04-06,Mumbai,Diesel,90.03
2025-04-06,Mumbai,Petrol,103.5
2025-04-07,Chennai,Diesel,92.39
2025-04-07,Chennai,Petrol,100.8
2025-04-07,Delhi,Diesel,87.67
2025-04-07,Delhi,Petrol,94.77
2025-04-07,Kolkata,Diesel,91.82
2025-04-07,Kolkata,Petrol,105.01
2025-04-07,Mumbai,Diesel,90.03
2025-04-07,Mumbai,Petrol,103.5
2025-04-08,Chennai,Diesel,92.39
2025-04-08,Chennai,Petrol,100.8
2025-04-08,Delhi,Diesel,87.67
2025-04-08,Delhi,Petrol,94.77
2025-04-08,Kolkata,Diesel,91.82
2025-04-08,Kolkata,Petrol,105.01
2025-04-08,Mumbai,Diesel,90.03
2025-04-08,Mumbai,Petrol,103.5
2025-04-09,Chennai,Diesel,92.39
2025-04-09,Chennai,Petrol,100.8
2025-04-09,Delhi,Diesel,87.67
2025-04-09,Delhi,Petrol,94.77
2025-04-09,Kolkata,Diesel,91.82
2025-04-09,Kolkata,Petrol,105.01
2025-04-09,Mumbai,Diesel,90.03
2025-04-09,Mumbai,Petrol,103.5
2025-04-10,Chennai,Diesel,92.39
2025-04-10,Chennai,Petrol,100.8
2025-04-10,Delhi,Diesel,87.67
2025-04-10,Delhi,Petrol,94.77
2025-04-10,Kolkata,Diesel,91.82
2025-04-10,Kolkata,Petrol,105.01
2025-04-10,Mumbai,Diesel,90.03
2025-04-10,Mumbai,Petrol,103.5
2025-04-11,Chennai,Diesel,92.39
2025-04-11,Chennai,Petrol,100.8
2025-04-11,Delhi,Diesel,87.67
2025-04-11,Delhi,Petrol,94.77
2025-04-11,Kolkata,Diesel,91.82
2025-04-11,Kolkata,Petrol,105.01
2025-04-11,Mumbai,Diesel,90.03
2025-04-11,Mumbai,Petrol,103.5
2025-04-12,Chennai,Diesel,92.39
2025-04-12,Chennai,Petrol,100.8
2025-04-12,Delhi,Diesel,87.67
2025-04-12,Delhi,Petrol,94.77
2025-04-12,Kolkata,Diesel,91.82
2025-04-12,Kolkata,Petrol,105.01
2025-04-12,Mumbai,Diesel,90.03
2025-04-12,Mumbai,Petrol,103.5
2025-04-13,Chennai,Diesel,92.39
2025-04-13,Chennai,Petrol,100.8
2025-04-13,Delhi,Diesel,87.67
2025-04-13,Delhi,Petrol,94.77
2025-04-13,Kolkata,Diesel,91.82
2025-04-13,Kolkata,Petrol,105.01
2025-04-13,Mumbai,Diesel,90.03
2025-04-13,Mumbai,Petrol,103.5
2025-04-14,Chennai,Diesel,92.39
2025-04-14,Chennai,Petrol,100.8
2025-04-14,Delhi,Diesel,87.67
2025-04-14,Delhi,Petrol,94.77
2025-04-14,Kolkata,Diesel,91.82
2025-04-14,Kolkata,Petrol,105.01
2025-04-14,Mumbai,Diesel,90.03
2025-04-14,Mumbai,Petrol,103.5
2025-04-15,Chennai,Diesel,92.39
2025-04-15,Chennai,Petrol,100.8
2025-04-15,Delhi,Diesel,87.67
2025-04-15,Delhi,Petrol,94.77
2025-04-15,Kolkata,Diesel,91.82
2025-04-15,Kolkata,Petrol,105.01
2025-04-15,Mumbai,Diesel,90.03
2025-04-15,Mumbai,Petrol,103.5
2025-04-16,Chennai,Diesel,92.39
2025-04-16,Chennai,Petrol,100.8
2025-04-16,Delhi,Diesel,87.67
2025-04-16,Delhi,Petrol,94.77
2025-04-16,Kolkata,Diesel,91.82
2025-04-16,Kolkata,Petrol,105.01
2025-04-16,Mumbai,Diesel,90.03
2025-04-16,Mumbai,Petrol,103.5
2025-04-17,Chennai,Diesel,92.39
2025-04-17,Chennai,Petrol,100.8
2025-04-17,Delhi,Diesel,87.67
2025-04-17,Delhi,Petrol,94.77
2025-04-17,Kolkata,Diesel,91.82
2025-04-17,Kolkata,Petrol,105.01
2025-04-17,Mumbai,Diesel,90.03
2025-04-17,Mumbai,Petrol,103.5
2025-04-18,Chennai,Diesel,92.39
2025-04-18,Chennai,Petrol,100.8
2025-04-18,Delhi,Diesel,87.67
2025-04-18,Delhi,Petrol,94.77
2025-04-18,Kolkata,Diesel,91.82
2025-04-18,Kolkata,Petrol,105.01
2025-04-18,Mumbai,Diesel,90.03
2025-04-18,Mumbai,Petrol,103.5
2025-04-19,Chennai,Diesel,92.39
2025-04-19,Chennai,Petrol,100.8
2025-04-19,Delhi,Diesel,87.67
2025-04-19,Delhi,Petrol,94.77
2025-04-19,Kolkata,Diesel,91.82
2025-04-19,Kolkata,Petrol,105.01
2025-04-19,Mumbai,Diesel,90.03
2025-04-19,Mumbai,Petrol,103.5
2025-04-20,Chennai,Diesel,92.39
2025-04-20,Chennai,Petrol,100.8
2025-04-20,Delhi,Diesel,87.67
2025-04-20,Delhi,Petrol,94.77
2025-04-20,Kolkata,Diesel,91.82
2025-04-20,Kolkata,Petrol,105.01
2025-04-20,Mumbai,Diesel,90.03
2025-04-20,Mumbai,Petrol,103.5
2025-04-21,Chennai,Diesel,92.39
2025-04-21,Chennai,Petrol,100.8
2025-04-21,Delhi,Diesel,87.67
2025-04-21,Delhi,Petrol,94.77
2025-04-21,Kolkata,Diesel,91.82
2025-04-21,Kolkata,Petrol,105.01
2025-04-21,Mumbai,Diesel,90.03
2025-04-21,Mumbai,Petrol,103.5
2025-04-22,Chennai,Diesel,92.39
2025-04-22,Chennai,Petrol,100.8
2025-04-22,Delhi,Diesel,87.67
2025-04-22,Delhi,Petrol,94.77
2025-04-22,Kolkata,Diesel,91.82
2025-04-22,Kolkata,Petrol,105.01
2025-04-22,Mumbai,Diesel,90.03
2025-04-22,Mumbai,Petrol,103.5
2025-04-23,Chennai,Diesel,92.39
2025-04-23,Chennai,Petrol,100.8
2025-04-23,Delhi,Diesel,87.67
2025-04-23,Delhi,Petrol,94.77
2025-04-23,Kolkata,Diesel,91.82
2025-04-23,Kolkata,Petrol,105.01
2025-04-23,Mumbai,Diesel,90.03
2025-04-23,Mumbai,Petrol,103.5
2025-04-24,Chennai,Diesel,92.39
2025-04-24,Chennai,Petrol,100.8
2025-04-24,Delhi,Diesel,87.67
2025-04-24,Delhi,Petrol,94.77
2025-04-24,Kolkata,Diesel,91.82
2025-04-24,Kolkata,Petrol,105.01
2025-04-24,Mumbai,Diesel,90.03
2025-04-24,Mumbai,Petrol,103.5
2025-04-25,Chennai,Diesel,92.39
2025-04-25,Chennai,Petrol,100.8
2025-04-25,Delhi,Diesel,87.67
2025-04-25,Delhi,Petrol,94.77
2025-04-25,Kolkata,Diesel,91.82
2025-04-25,Kolkata,Petrol,105.01
2025-04-25,Mumbai,Diesel,90.03
2025-04-25,Mumbai,Petrol,103.5
2025-04-26,Chennai,Diesel,92.39
2025-04-26,Chennai,Petrol,100.8
2025-04-26,Delhi,Diesel,87.67
2025-04-26,Delhi,Petrol,94.77
2025-04-26,Kolkata,Diesel,91.82
2025-04-26,Kolkata,Petrol,105.01
2025-04-26,Mumbai,Diesel,90.03
2025-04-26,Mumbai,Petrol,103.5
2025-04-27,Chennai,Diesel,92.39
2025-04-27,Chennai,Petrol,100.8
2025-04-27,Delhi,Diesel,87.67
2025-04-27,Delhi,Petrol,94.77
2025-04-27,Kolkata,Diesel,91.82
2025-04-27,Kolkata,Petrol,105.01
2025-04-27,Mumbai,Diesel,90.03
2025-04-27,Mumbai,Petrol,103.5
2025-04-28,Chennai,Diesel,92.39
2025-04-28,Chennai,Petrol,100.8
2025-04-28,Delhi,Diesel,87.67
2025-04-28,Delhi,Petrol,94.77
2025-04-28,Kolkata,Diesel,91.82
2025-04-28,Kolkata,Petrol,105.01
2025-04-28,Mumbai,Diesel,90.03
2025-04-28,Mumbai,Petrol,103.5
2025-04-29,Chennai,Diesel,92.39
2025-04-29,Chennai,Petrol,100.8
2025-04-29,Delhi,Diesel,87.67
2025-04-29,Delhi,Petrol,94.77
2025-04-29,Kolkata,Diesel,91.82
2025-04-29,Kolkata,Petrol,105.01
2025-04-29,Mumbai,Diesel,90.03
2025-04-29,Mumbai,Petrol,103.5
2025-04-30,Chennai,Diesel,92.39
2025-04-30,Chennai,Petrol,100.8
2025-04-30,Delhi,Diesel,87.67
2025-04-30,Delhi,Petrol,94.77
2025-04-30,Kolkata,Diesel,91.82
2025-04-30,Kolkata,Petrol,105.01
2025-04-30,Mumbai,Diesel,90.03
2025-04-30,Mumbai,Petrol,103.5
2025-05-01,Chennai,Diesel,92.39
2025-05-01,Chennai,Petrol,100.8
2025-05-01,Delhi,Diesel,87.67
2025-05-01,Delhi,Petrol,94.77
2025-05-01,Kolkata,Diesel,91.82
2025-05-01,Kolkata,Petrol,105.01
2025-05-01,Mumbai,Diesel,90.03
2025-05-01,Mumbai,Petrol,103.5
2025-05-02,Chennai,Diesel,92.39
2025-05-02,Chennai,Petrol,100.8
2025-05-02,Delhi,Diesel,87.67
2025-05-02,Delhi,Petrol,94.77
2025-05-02,Kolkata,Diesel,91.82
2025-05-02,Kolkata,Petrol,105.01
2025-05-02,Mumbai,Diesel,90.03
2025-05-02,Mumbai,Petrol,103.5
2025-05-03,Chennai,Diesel,92.39
2025-05-03,Chennai,Petrol,100.8
2025-05-03,Delhi,Diesel,87.67
2025-05-03,Delhi,Petrol,94.77
2025-05-03,Kolkata,Diesel,91.82
2025-05-03,Kolkata,Petrol,105.01
2025-05-03,Mumbai,Diesel,90.03
2025-05-03,Mumbai,Petrol,103.5
2025-05-04,Chennai,Diesel,92.39
2025-05-04,Chennai,Petrol,100.8
2025-05-04,Delhi,Diesel,87.67
2025-05-04,Delhi,Petrol,94.77
2025-05-04,Kolkata,Diesel,91.82
2025-05-04,Kolkata,Petrol,105.01
2025-05-04,Mumbai,Diesel,90.03
2025-05-04,Mumbai,Petrol,103.5
2025-05-05,Chennai,Diesel,92.39
2025-05-05,Chennai,Petrol,100.8
2025-05-05,Delhi,Diesel,87.67
2025-05-05,Delhi,Petrol,94.77
2025-05-05,Kolkata,Diesel,91.82
2025-05-05,Kolkata,Petrol,105.01
2025-05-05,Mumbai,Diesel,90.03
2025-05-05,Mumbai,Petrol,103.5
2025-05-06,Chennai,Diesel,92.39
2025-05-06,Chennai,Petrol,100.8
2025-05-06,Delhi,Diesel,87.67
2025-05-06,Delhi,Petrol,94.77
2025-05-06,Kolkata,Diesel,91.82
2025-05-06,Kolkata,Petrol,105.01
2025-05-06,Mumbai,Diesel,90.03
2025-05-06,Mumbai,Petrol,103.5
2025-05-07,Chennai,Diesel,92.39
2025-05-07,Chennai,Petrol,100.8
2025-05-07,Delhi,Diesel,87.67
2025-05-07,Delhi,Petrol,94.77
2025-05-07,Kolkata,Diesel,91.82
2025-05-07,Kolkata,Petrol,105.01
2025-05-07,Mumbai,Diesel,90.03
2025-05-07,Mumbai,Petrol,103.5
2025-05-08,Chennai,Diesel,92.39
2025-05-08,Chennai,Petrol,100.8
2025-05-08,Delhi,Diesel,87.67
2025-05-08,Delhi,Petrol,94.77
2025-05-08,Kolkata,Diesel,91.82
2025-05-08,Kolkata,Petrol,105.01
2025-05-08,Mumbai,Diesel,90.03
2025-05-08,Mumbai,Petrol,103.5
2025-05-09,Chennai,Diesel,92.39
2025-05-09,Chennai,Petrol,100.8
2025-05-09,Delhi,Diesel,87.67
2025-05-09,Delhi,Petrol,94.77
2025-05-09,Kolkata,Diesel,91.82
2025-05-09,Kolkata,Petrol,105.01
2025-05-09,Mumbai,Diesel,90.03
2025-05-09,Mumbai,Petrol,103.5
2025-05-10,Chennai,Diesel,92.39
2025-05-10,Chennai,Petrol,100.8
2025-05-10,Delhi,Diesel,87.67
2025-05-10,Delhi,Petrol,94.77
2025-05-10,Kolkata,Diesel,91.82
2025-05-10,Kolkata,Petrol,105.01
2025-05-10,Mumbai,Diesel,90.03
2025-05-10,Mumbai,Petrol,103.5
2025-05-11,Chennai,Diesel,92.39
2025-05-11,Chennai,Petrol,100.8
2025-05-11,Delhi,Diesel,87.67
2025-05-11,Delhi,Petrol,94.77
2025-05-11,Kolkata,Diesel,91.82
2025-05-11,Kolkata,Petrol,105.01
2025-05-11,Mumbai,Diesel,90.03
2025-05-11,Mumbai,Petrol,103.5
2025-05-12,Chennai,Diesel,92.39
2025-05-12,Chennai,Petrol,100.8
2025-05-12,Delhi,Diesel,87.67
2025-05-12,Delhi,Petrol,94.77
2025-05-12,Kolkata,Diesel,92.02
2025-05-12,Kolkata,Petrol,105.41
2025-05-12,Mumbai,Diesel,90.03
2025-05-12,Mumbai,Petrol,103.5
2025-05-13,Chennai,Diesel,92.39
2025-05-13,Chennai,Petrol,100.8
2025-05-13,Delhi,Diesel,87.67
2025-05-13,Delhi,Petrol,94.77
2025-05-13,Kolkata,Diesel,92.02
2025-05-13,Kolkata,Petrol,105.41
2025-05-13,Mumbai,Diesel,90.03
2025-05-13,Mumbai,Petrol,103.5
2025-05-14,Chennai,Diesel,92.39
2025-05-14,Chennai,Petrol,100.8
2025-05-14,Delhi,Diesel,87.67
2025-05-14,Delhi,Petrol,94.77
2025-05-14,Kolkata,Diesel,92.02
2025-05-14,Kolkata,Petrol,105.41
2025-05-14,Mumbai,Diesel,90.03
2025-05-14,Mumbai,Petrol,103.5
2025-05-15,Chennai,Diesel,92.39
2025-05-15,Chennai,Petrol,100.8
2025-05-15,Delhi,Diesel,87.67
2025-05-15,Delhi,Petrol,94.77
2025-05-15,Kolkata,Diesel,92.02
2025-05-15,Kolkata,Petrol,105.41
2025-05-15,Mumbai,Diesel,90.03
2025-05-15,Mumbai,Petrol,103.5
2025-05-16,Chennai,Diesel,92.39
2025-05-16,Chennai,Petrol,100.8
2025-05-16,Delhi,Diesel,87.67
2025-05-16,Delhi,Petrol,94.77
2025-05-16,Kolkata,Diesel,92.02
2025-05-16,Kolkata,Petrol,105.41
2025-05-16,Mumbai,Diesel,90.03
2025-05-16,Mumbai,Petrol,103.5
2025-05-17,Chennai,Diesel,92.39
2025-05-17,Chennai,Petrol,100.8
2025-05-17,Delhi,Diesel,87.67
2025-05-17,Delhi,Petrol,94.77
2025-05-17,Kolkata,Diesel,92.02
2025-05-17,Kolkata,Petrol,105.41
2025-05-17,Mumbai,Diesel,90.03
2025-05-17,Mumbai,Petrol,103.5
2025-05-18,Chennai,Diesel,92.39
2025-05-18,Chennai,Petrol,100.8
2025-05-18,Delhi,Diesel,87.67
2025-05-18,Delhi,Petrol,94.77
2025-05-18,Kolkata,Diesel,92.02
2025-05-18,Kolkata,Petrol,105.41
2025-05-18,Mumbai,Diesel,90.03
2025-05-18,Mumbai,Petrol,103.5
2025-05-19,Chennai,Diesel,92.39
2025-05-19,Chennai,Petrol,100.8
2025-05-19,Delhi,Diesel,87.67
2025-05-19,Delhi,Petrol,94.77
2025-05-19,Kolkata,Diesel,92.02
2025-05-19,Kolkata,Petrol,105.41
2025-05-19,Mumbai,Diesel,90.03
2025-05-19,Mumbai,Petrol,103.5
2025-05-20,Chennai,Diesel,92.39
2025-05-20,Chennai,Petrol,100.8
2025-05-20,Delhi,Diesel,87.67
2025-05-20,Delhi,Petrol,94.77
2025-05-20,Kolkata,Diesel,92.02
2025-05-20,Kolkata,Petrol,105.41
2025-05-20,Mumbai,Diesel,90.03
2025-05-20,Mumbai,Petrol,103.5
2025-05-21,Chennai,Diesel,92.39
2025-05-21,Chennai,Petrol,100.8
2025-05-21,Delhi,Diesel,87.67
2025-05-21,Delhi,Petrol,94.77
2025-05-21,Kolkata,Diesel,92.02
2025-05-21,Kolkata,Petrol,105.41
2025-05-21,Mumbai,Diesel,90.03
2025-05-21,Mumbai,Petrol,103.5
2025-05-22,Chennai,Diesel,92.39
2025-05-22,Chennai,Petrol,100.8
2025-05-22,Delhi,Diesel,87.67
2025-05-22,Delhi,Petrol,94.77
2025-05-22,Kolkata,Diesel,92.02
2025-05-22,Kolkata,Petrol,105.41
2025-05-22,Mumbai,Diesel,90.03
2025-05-22,Mumbai,Petrol,103.5
2025-05-23,Chennai,Diesel,92.39
2025-05-23,Chennai,Petrol,100.8
2025-05-23,Delhi,Diesel,87.67
2025-05-23,Delhi,Petrol,94.77
2025-05-23,Kolkata,Diesel,92.02
2025-05-23,Kolkata,Petrol,105.41
2025-05-23,Mumbai,Diesel,90.03
2025-05-23,Mumbai,Petrol,103.5
2025-05-24,Chennai,Diesel,92.39
2025-05-24,Chennai,Petrol,100.8
2025-05-24,Delhi,Diesel,87.67
2025-05-24,Delhi,Petrol,94.77
2025-05-24,Kolkata,Diesel,92.02
2025-05-24,Kolkata,Petrol,105.41
2025-05-24,Mumbai,Diesel,90.03
2025-05-24,Mumbai,Petrol,103.5
2025-05-25,Chennai,Diesel,92.39
2025-05-25,Chennai,Petrol,100.8
2025-05-25,Delhi,Diesel,87.67
2025-05-25,Delhi,Petrol,94.77
2025-05-25,Kolkata,Diesel,92.02
2025-05-25,Kolkata,Petrol,105.41
2025-05-25,Mumbai,Diesel,90.03
2025-05-25,Mumbai,Petrol,103.5
2025-05-26,Chennai,Diesel,92.39
2025-05-26,Chennai,Petrol,100.8
2025-05-26,Delhi,Diesel,87.67
2025-05-26,Delhi,Petrol,94.77
2025-05-26,Kolkata,Diesel,92.02
2025-05-26,Kolkata,Petrol,105.41
2025-05-26,Mumbai,Diesel,90.03
2025-05-26,Mumbai,Petrol,103.5
2025-05-27,Chennai,Diesel,92.39
2025-05-27,Chennai,Petrol,100.8
2025-05-27,Delhi,Diesel,87.67
2025-05-27,Delhi,Petrol,94.77
2025-05-27,Kolkata,Diesel,92.02
2025-05-27,Kolkata,Petrol,105.41
2025-05-27,Mumbai,Diesel,90.03
2025-05-27,Mumbai,Petrol,103.5
2025-05-28,Chennai,Diesel,92.39
2025-05-28,Chennai,Petrol,100.8
2025-05-28,Delhi,Diesel,87.67
2025-05-28,Delhi,Petrol,94.77
2025-05-28,Kolkata,Diesel,92.02
2025-05-28,Kolkata,Petrol,105.41
2025-05-28,Mumbai,Diesel,90.03
2025-05-28,Mumbai,Petrol,103.5
2025-05-29,Chennai,Diesel,92.39
2025-05-29,Chennai,Petrol,100.8
2025-05-29,Delhi,Diesel,87.67
2025-05-29,Delhi,Petrol,94.77
2025-05-29,Kolkata,Diesel,92.02
2025-05-29,Kolkata,Petrol,105.41
2025-05-29,Mumbai,Diesel,90.03
2025-05-29,Mumbai,Petrol,103.5
2025-05-30,Chennai,Diesel,92.39
2025-05-30,Chennai,Petrol,100.8
2025-05-30,Delhi,Diesel,87.67
2025-05-30,Delhi,Petrol,94.77
2025-05-30,Kolkata,Diesel,92.02
2025-05-30,Kolkata,Petrol,105.41
2025-05-30,Mumbai,Diesel,90.03
2025-05-30,Mumbai,Petrol,103.5
2025-05-31,Chennai,Diesel,92.39
2025-05-31,Chennai,Petrol,100.8
2025-05-31,Delhi,Diesel,87.67
2025-05-31,Delhi,Petrol,94.77
2025-05-31,Kolkata,Diesel,92.02
2025-05-31,Kolkata,Petrol,105.41
2025-05-31,Mumbai,Diesel,90.03
2025-05-31,Mumbai,Petrol,103.5
2025-06-01,Chennai,Diesel,92.39
2025-06-01,Chennai,Petrol,100.8
2025-06-01,Delhi,Diesel,87.67
2025-06-01,Delhi,Petrol,94.77
2025-06-01,Kolkata,Diesel,92.02
2025-06-01,Kolkata,Petrol,105.41
2025-06-01,Mumbai,Diesel,90.03
2025-06-01,Mumbai,Petrol,103.5
2025-06-02,Chennai,Diesel,92.39
2025-06-02,Chennai,Petrol,100.8
2025-06-02,Delhi,Diesel,87.67
2025-06-02,Delhi,Petrol,94.77
2025-06-02,Kolkata,Diesel,92.02
2025-06-02,Kolkata,Petrol,105.41
2025-06-02,Mumbai,Diesel,90.03
2025-06-02,Mumbai,Petrol,103.5
2025-06-03,Chennai,Diesel,92.39
2025-06-03,Chennai,Petrol,100.8
2025-06-03,Delhi,Diesel,87.67
2025-06-03,Delhi,Petrol,94.77
2025-06-03,Kolkata,Diesel,92.02
2025-06-03,Kolkata,Petrol,105.41
2025-06-03,Mumbai,Diesel,90.03
2025-06-03,Mumbai,Petrol,103.5
2025-06-04,Chennai,Diesel,92.39
2025-06-04,Chennai,Petrol,100.8
2025-06-04,Delhi,Diesel,87.67
2025-06-04,Delhi,Petrol,94.77
2025-06-04,Kolkata,Diesel,92.02
2025-06-04,Kolkata,Petrol,105.41
2025-06-04,Mumbai,Diesel,90.03
2025-06-04,Mumbai,Petrol,103.5
2025-06-05,Chennai,Diesel,92.39
2025-06-05,Chennai,Petrol,100.8
2025-06-05,Delhi,Diesel,87.67
2025-06-05,Delhi,Petrol,94.77
2025-06-05,Kolkata,Diesel,92.02
2025-06-05,Kolkata,Petrol,105.41
2025-06-05,Mumbai,Diesel,90.03
2025-06-05,Mumbai,Petrol,103.5
2025-06-06,Chennai,Diesel,92.39
2025-06-06,Chennai,Petrol,100.8
2025-06-06,Delhi,Diesel,87.67
2025-06-06,Delhi,Petrol,94.77
2025-06-06,Kolkata,Diesel,92.02
2025-06-06,Kolkata,Petrol,105.41
2025-06-06,Mumbai,Diesel,90.03
2025-06-06,Mumbai,Petrol,103.5
2025-06-07,Chennai,Diesel,92.39
2025-06-07,Chennai,Petrol,100.8
2025-06-07,Delhi,Diesel,87.67
2025-06-07,Delhi,Petrol,94.77
2025-06-07,Kolkata,Diesel,92.02
2025-06-07,Kolkata,Petrol,105.41
2025-06-07,Mumbai,Diesel,90.03
2025-06-07,Mumbai,Petrol,103.5
2025-06-08,Chennai,Diesel,92.39
2025-06-08,Chennai,Petrol,100.8
2025-06-08,Delhi,Diesel,87.67
2025-06-08,Delhi,Petrol,94.77
2025-06-08,Kolkata,Diesel,92.02
2025-06-08,Kolkata,Petrol,105.41
2025-06-08,Mumbai,Diesel,90.03
2025-06-08,Mumbai,Petrol,103.5
2025-06-09,Chennai,Diesel,92.39
2025-06-09,Chennai,Petrol,100.8
2025-06-09,Delhi,Diesel,87.67
2025-06-09,Delhi,Petrol,94.77
2025-06-09,Kolkata,Diesel,92.02
2025-06-09,Kolkata,Petrol,105.41
2025-06-09,Mumbai,Diesel,90.03
2025-06-09,Mumbai,Petrol,103.5
2025-06-10,Chennai,Diesel,92.39
2025-06-10,Chennai,Petrol,100.8
2025-06-10,Delhi,Diesel,87.67
2025-06-10,Delhi,Petrol,94.77
2025-06-10,Kolkata,Diesel,92.02
2025-06-10,Kolkata,Petrol,105.41
2025-06-10,Mumbai,Diesel,90.03
2025-06-10,Mumbai,Petrol,103.5
2025-06-11,Chennai,Diesel,92.39
2025-06-11,Chennai,Petrol,100.8
2025-06-11,Delhi,Diesel,87.67
2025-06-11,Delhi,Petrol,94.77
2025-06-11,Kolkata,Diesel,92.02
2025-06-11,Kolkata,Petrol,105.41
2025-06-11,Mumbai,Diesel,90.03
2025-06-11,Mumbai,Petrol,103.5
2025-06-12,Chennai,Diesel,92.39
2025-06-12,Chennai,Petrol,100.8
2025-06-12,Delhi,Diesel,87.67
2025-06-12,Delhi,Petrol,94.77
2025-06-12,Kolkata,Diesel,92.02
2025-06-12,Kolkata,Petrol,105.41
2025-06-12,Mumbai,Diesel,90.03
2025-06-12,Mumbai,Petrol,103.5
2025-06-13,Chennai,Diesel,92.39
2025-06-13,Chennai,Petrol,100.8
2025-06-13,Delhi,Diesel,87.67
2025-06-13,Delhi,Petrol,94.77
2025-06-13,Kolkata,Diesel,92.02
2025-06-13,Kolkata,Petrol,105.41
2025-06-13,Mumbai,Diesel,90.03
2025-06-13,Mumbai,Petrol,103.5
2025-06-14,Chennai,Diesel,92.39
2025-06-14,Chennai,Petrol,100.8
2025-06-14,Delhi,Diesel,87.67
2025-06-14,Delhi,Petrol,94.77
2025-06-14,Kolkata,Diesel,92.02
2025-06-14,Kolkata,Petrol,105.41
2025-06-14,Mumbai,Diesel,90.03
2025-06-14,Mumbai,Petrol,103.5
2025-06-15,Chennai,Diesel,92.39
2025-06-15,Chennai,Petrol,100.8
2025-06-15,Delhi,Diesel,87.67
2025-06-15,Delhi,Petrol,94.77
2025-06-15,Kolkata,Diesel,92.02
2025-06-15,Kolkata,Petrol,105.41
2025-06-15,Mumbai,Diesel,90.03
2025-06-15,Mumbai,Petrol,103.5
2025-06-16,Chennai,Diesel,92.39
2025-06-16,Chennai,Petrol,100.8
2025-06-16,Delhi,Diesel,87.67
2025-06-16,Delhi,Petrol,94.77
2025-06-16,Kolkata,Diesel,92.02
2025-06-16,Kolkata,Petrol,105.41
2025-06-16,Mumbai,Diesel,90.03
2025-06-16,Mumbai,Petrol,103.5
2025-06-17,Chennai,Diesel,92.39
2025-06-17,Chennai,Petrol,100.8
2025-06-17,Delhi,Diesel,87.67
2025-06-17,Delhi,Petrol,94.77
2025-06-17,Kolkata,Diesel,92.02
2025-06-17,Kolkata,Petrol,105.41
2025-06-17,Mumbai,Diesel,90.03
2025-06-17,Mumbai,Petrol,103.5
2025-06-18,Chennai,Diesel,92.39
2025-06-18,Chennai,Petrol,100.8
2025-06-18,Delhi,Diesel,87.67
2025-06-18,Delhi,Petrol,94.77
2025-06-18,Kolkata,Diesel,92.02
2025-06-18,Kolkata,Petrol,105.41
2025-06-18,Mumbai,Diesel,90.03
2025-06-18,Mumbai,Petrol,103.5
2025-06-19,Chennai,Diesel,92.39
2025-06-19,Chennai,Petrol,100.8
2025-06-19,Delhi,Diesel,87.67
2025-06-19,Delhi,Petrol,94.77
2025-06-19,Kolkata,Diesel,92.02
2025-06-19,Kolkata,Petrol,105.41
2025-06-19,Mumbai,Diesel,90.03
2025-06-19,Mumbai,Petrol,103.5
2025-06-20,Chennai,Diesel,92.39
2025-06-20,Chennai,Petrol,100.8
2025-06-20,Delhi,Diesel,87.67
2025-06-20,Delhi,Petrol,94.77
2025-06-20,Kolkata,Diesel,92.02
2025-06-20,Kolkata,Petrol,105.41
2025-06-20,Mumbai,Diesel,90.03
2025-06-20,Mumbai,Petrol,103.5
2025-06-21,Chennai,Diesel,92.39
2025-06-21,Chennai,Petrol,100.8
2025-06-21,Delhi,Diesel,87.67
2025-06-21,Delhi,Petrol,94.77
2025-06-21,Kolkata,Diesel,92.02
2025-06-21,Kolkata,Petrol,105.41
2025-06-21,Mumbai,Diesel,90.03
2025-06-21,Mumbai,Petrol,103.5
2025-06-22,Chennai,Diesel,92.39
2025-06-22,Chennai,Petrol,100.8
2025-06-22,Delhi,Diesel,87.67
2025-06-22,Delhi,Petrol,94.77
2025-06-22,Kolkata,Diesel,92.02
2025-06-22,Kolkata,Petrol,105.41
2025-06-22,Mumbai,Diesel,90.03
2025-06-22,Mumbai,Petrol,103.5
2025-06-23,Chennai,Diesel,92.39
2025-06-23,Chennai,Petrol,100.8
2025-06-23,Delhi,Diesel,87.67
2025-06-23,Delhi,Petrol,94.77
2025-06-23,Kolkata,Diesel,92.02
2025-06-23,Kolkata,Petrol,105.41
2025-06-23,Mumbai,Diesel,90.03
2025-06-23,Mumbai,Petrol,103.5
2025-06-24,Chennai,Diesel,92.39
2025-06-24,Chennai,Petrol,100.8
2025-06-24,Delhi,Diesel,87.67
2025-06-24,Delhi,Petrol,94.77
2025-06-24,Kolkata,Diesel,92.02
2025-06-24,Kolkata,Petrol,105.41
2025-06-24,Mumbai,Diesel,90.03
2025-06-24,Mumbai,Petrol,103.5
2025-06-25,Chennai,Diesel,92.39
2025-06-25,Chennai,Petrol,100.8
2025-06-25,Delhi,Diesel,87.67
2025-06-25,Delhi,Petrol,94.77
2025-06-25,Kolkata,Diesel,92.02
2025-06-25,Kolkata,Petrol,105.41
2025-06-25,Mumbai,Diesel,90.03
2025-06-25,Mumbai,Petrol,103.5
2025-06-26,Chennai,Diesel,92.39
2025-06-26,Chennai,Petrol,100.8
2025-06-26,Delhi,Diesel,87.67
2025-06-26,Delhi,Petrol,94.77
2025-06-26,Kolkata,Diesel,92.02
2025-06-26,Kolkata,Petrol,105.41
2025-06-26,Mumbai,Diesel,90.03
2025-06-26,Mumbai,Petrol,103.5
2025-06-27,Chennai,Diesel,92.39
2025-06-27,Chennai,Petrol,100.8
2025-06-27,Delhi,Diesel,87.67
2025-06-27,Delhi,Petrol,94.77
2025-06-27,Kolkata,Diesel,92.02
2025-06-27,Kolkata,Petrol,105.41
2025-06-27,Mumbai,Diesel,90.03
2025-06-27,Mumbai,Petrol,103.5
2025-06-28,Chennai,Diesel,92.39
2025-06-28,Chennai,Petrol,100.8
2025-06-28,Delhi,Diesel,87.67
2025-06-28,Delhi,Petrol,94.77
2025-06-28,Kolkata,Diesel,92.02
2025-06-28,Kolkata,Petrol,105.41
2025-06-28,Mumbai,Diesel,90.03
2025-06-28,Mumbai,Petrol,103.5
2025-06-29,Chennai,Diesel,92.39
2025-06-29,Chennai,Petrol,100.8
2025-06-29,Delhi,Diesel,87.67
2025-06-29,Delhi,Petrol,94.77
2025-06-29,Kolkata,Diesel,92.02
2025-06-29,Kolkata,Petrol,105.41
2025-06-29,Mumbai,Diesel,90.03
2025-06-29,Mumbai,Petrol,103.5
2025-06-30,Chennai,Diesel,92.39
2025-06-30,Chennai,Petrol,100.8
2025-06-30,Delhi,Diesel,87.67
2025-06-30,Delhi,Petrol,94.77
2025-06-30,Kolkata,Diesel,92.02
2025-06-30,Kolkata,Petrol,105.41
2025-06-30,Mumbai,Diesel,90.03
2025-06-30,Mumbai,Petrol,103.5
2025-07-01,Chennai,Diesel,92.39
2025-07-01,Chennai,Petrol,100.8
2025-07-01,Delhi,Diesel,87.67
2025-07-01,Delhi,Petrol,94.77
2025-07-01,Kolkata,Diesel,92.02
2025-07-01,Kolkata,Petrol,105.41
2025-07-01,Mumbai,Diesel,90.03
2025-07-01,Mumbai,Petrol,103.5
2025-07-02,Chennai,Diesel,92.39
2025-07-02,Chennai,Petrol,100.8
2025-07-02,Delhi,Diesel,87.67
2025-07-02,Delhi,Petrol,94.77
2025-07-02,Kolkata,Diesel,92.02
2025-07-02,Kolkata,Petrol,105.41
2025-07-02,Mumbai,Diesel,90.03
2025-07-02,Mumbai,Petrol,103.5
2025-07-03,Chennai,Diesel,92.39
2025-07-03,Chennai,Petrol,100.8
2025-07-03,Delhi,Diesel,87.67
2025-07-03,Delhi,Petrol,94.77
2025-07-03,Kolkata,Diesel,92.02
2025-07-03,Kolkata,Petrol,105.41
2025-07-03,Mumbai,Diesel,90.03
2025-07-03,Mumbai,Petrol,103.5
2025-07-04,Chennai,Diesel,92.39
2025-07-04,Chennai,Petrol,100.8
2025-07-04,Delhi,Diesel,87.67
2025-07-04,Delhi,Petrol,94.77
2025-07-04,Kolkata,Diesel,92.02
2025-07-04,Kolkata,Petrol,105.41
2025-07-04,Mumbai,Diesel,90.03
2025-07-04,Mumbai,Petrol,103.5
2025-07-05,Chennai,Diesel,92.39
2025-07-05,Chennai,Petrol,100.8
2025-07-05,Delhi,Diesel,87.67
2025-07-05,Delhi,Petrol,94.77
2025-07-05,Kolkata,Diesel,92.02
2025-07-05,Kolkata,Petrol,105.41
2025-07-05,Mumbai,Diesel,90.03
2025-07-05,Mumbai,Petrol,103.5
2025-07-06,Chennai,Diesel,92.39
2025-07-06,Chennai,Petrol,100.8
2025-07-06,Delhi,Diesel,87.67
2025-07-06,Delhi,Petrol,94.77
2025-07-06,Kolkata,Diesel,92.02
2025-07-06,Kolkata,Petrol,105.41
2025-07-06,Mumbai,Diesel,90.03
2025-07-06,Mumbai,Petrol,103.5
2025-07-07,Chennai,Diesel,92.39
2025-07-07,Chennai,Petrol,100.8
2025-07-07,Delhi,Diesel,87.67
2025-07-07,Delhi,Petrol,94.77
2025-07-07,Kolkata,Diesel,92.02
2025-07-07,Kolkata,Petrol,105.41
2025-07-07,Mumbai,Diesel,90.03
2025-07-07,Mumbai,Petrol,103.5
2025-07-08,Chennai,Diesel,92.39
2025-07-08,Chennai,Petrol,100.8
2025-07-08,Delhi,Diesel,87.67
2025-07-08,Delhi,Petrol,94.77
2025-07-08,Kolkata,Diesel,92.02
2025-07-08,Kolkata,Petrol,105.41
2025-07-08,Mumbai,Diesel,90.03
2025-07-08,Mumbai,Petrol,103.5
2025-07-09,Chennai,Diesel,92.39
2025-07-09,Chennai,Petrol,100.8
2025-07-09,Delhi,Diesel,87.67
2025-07-09,Delhi,Petrol,94.77
2025-07-09,Kolkata,Diesel,92.02
2025-07-09,Kolkata,Petrol,105.41
2025-07-09,Mumbai,Diesel,90.03
2025-07-09,Mumbai,Petrol,103.5
2025-07-10,Chennai,Diesel,92.39
2025-07-10,Chennai,Petrol,100.8
2025-07-10,Delhi,Diesel,87.67
2025-07-10,Delhi,Petrol,94.77
2025-07-10,Kolkata,Diesel,92.02
2025-07-10,Kolkata,Petrol,105.41
2025-07-10,Mumbai,Diesel,90.03
2025-07-10,Mumbai,Petrol,103.5
2025-07-11,Chennai,Diesel,92.39
2025-07-11,Chennai,Petrol,100.8
2025-07-11,Delhi,Diesel,87.67
2025-07-11,Delhi,Petrol,94.77
2025-07-11,Kolkata,Diesel,92.02
2025-07-11,Kolkata,Petrol,105.41
2025-07-11,Mumbai,Diesel,90.03
2025-07-11,Mumbai,Petrol,103.5
2025-07-12,Chennai,Diesel,92.39
2025-07-12,Chennai,Petrol,100.8
2025-07-12,Delhi,Diesel,87.67
2025-07-12,Delhi,Petrol,94.77
2025-07-12,Kolkata,Diesel,92.02
2025-07-12,Kolkata,Petrol,105.41
2025-07-12,Mumbai,Diesel,90.03
2025-07-12,Mumbai,Petrol,103.5
2025-07-13,Chennai,Diesel,92.39
2025-07-13,Chennai,Petrol,100.8
2025-07-13,Delhi,Diesel,87.67
2025-07-13,Delhi,Petrol,94.77
2025-07-13,Kolkata,Diesel,92.02
2025-07-13,Kolkata,Petrol,105.41
2025-07-13,Mumbai,Diesel,90.03
2025-07-13,Mumbai,Petrol,103.5
2025-07-14,Chennai,Diesel,92.39
2025-07-14,Chennai,Petrol,100.8
2025-07-14,Delhi,Diesel,87.67
2025-07-14,Delhi,Petrol,94.77
2025-07-14,Kolkata,Diesel,92.02
2025-07-14,Kolkata,Petrol,105.41
2025-07-14,Mumbai,Diesel,90.03
2025-07-14,Mumbai,Petrol,103.5
2025-07-15,Chennai,Diesel,92.39
2025-07-15,Chennai,Petrol,100.8
2025-07-15,Delhi,Diesel,87.67
2025-07-15,Delhi,Petrol,94.77
2025-07-15,Kolkata,Diesel,92.02
2025-07-15,Kolkata,Petrol,105.41
2025-07-15,Mumbai,Diesel,90.03
2025-07-15,Mumbai,Petrol,103.5
2025-07-16,Chennai,Diesel,92.39
2025-07-16,Chennai,Petrol,100.8
2025-07-16,Delhi,Diesel,87.67
2025-07-16,Delhi,Petrol,94.77
2025-07-16,Kolkata,Diesel,92.02
2025-07-16,Kolkata,Petrol,105.41
2025-07-16,Mumbai,Diesel,90.03
2025-07-16,Mumbai,Petrol,103.5
2025-07-17,Chennai,Diesel,92.39
2025-07-17,Chennai,Petrol,100.8
2025-07-17,Delhi,Diesel,87.67
2025-07-17,Delhi,Petrol,94.77
2025-07-17,Kolkata,Diesel,92.02
2025-07-17,Kolkata,Petrol,105.41
2025-07-17,Mumbai,Diesel,90.03
2025-07-17,Mumbai,Petrol,103.5
2025-07-18,Chennai,Diesel,92.39
2025-07-18,Chennai,Petrol,100.8
2025-07-18,Delhi,Diesel,87.67
2025-07-18,Delhi,Petrol,94.77
2025-07-18,Kolkata,Diesel,92.02
2025-07-18,Kolkata,Petrol,105.41
2025-07-18,Mumbai,Diesel,90.03
2025-07-18,Mumbai,Petrol,103.5
2025-07-19,Chennai,Diesel,92.39
2025-07-19,Chennai,Petrol,100.8
2025-07-19,Delhi,Diesel,87.67
2025-07-19,Delhi,Petrol,94.77
2025-07-19,Kolkata,Diesel,92.02
2025-07-19,Kolkata,Petrol,105.41
2025-07-19,Mumbai,Diesel,90.03
2025-07-19,Mumbai,Petrol,103.5
2025-07-20,Chennai,Diesel,92.39
2025-07-20,Chennai,Petrol,100.8
2025-07-20,Delhi,Diesel,87.67
2025-07-20,Delhi,Petrol,94.77
2025-07-20,Kolkata,Diesel,92.02
2025-07-20,Kolkata,Petrol,105.41
2025-07-20,Mumbai,Diesel,90.03
2025-07-20,Mumbai,Petrol,103.5
2025-07-21,Chennai,Diesel,92.39
2025-07-21,Chennai,Petrol,100.8
2025-07-21,Delhi,Diesel,87.67
2025-07-21,Delhi,Petrol,94.77
2025-07-21,Kolkata,Diesel,92.02
2025-07-21,Kolkata,Petrol,105.41
2025-07-21,Mumbai,Diesel,90.03
2025-07-21,Mumbai,Petrol,103.5
2025-07-22,Chennai,Diesel,92.39
2025-07-22,Chennai,Petrol,100.8
2025-07-22,Delhi,Diesel,87.67
2025-07-22,Delhi,Petrol,94.77
2025-07-22,Kolkata,Diesel,92.02
2025-07-22,Kolkata,Petrol,105.41
2025-07-22,Mumbai,Diesel,90.03
2025-07-22,Mumbai,Petrol,103.5
2025-07-23,Chennai,Diesel,92.39
2025-07-23,Chennai,Petrol,100.8
2025-07-23,Delhi,Diesel,87.67
2025-07-23,Delhi,Petrol,94.77
2025-07-23,Kolkata,Diesel,92.02
2025-07-23,Kolkata,Petrol,105.41
2025-07-23,Mumbai,Diesel,90.03
2025-07-23,Mumbai,Petrol,103.5
2025-07-24,Chennai,Diesel,92.39
2025-07-24,Chennai,Petrol,100.8
2025-07-24,Delhi,Diesel,87.67
2025-07-24,Delhi,Petrol,94.77
2025-07-24,Kolkata,Diesel,92.02
2025-07-24,Kolkata,Petrol,105.41
2025-07-24,Mumbai,Diesel,90.03
2025-07-24,Mumbai,Petrol,103.5
2025-07-25,Chennai,Diesel,92.39
2025-07-25,Chennai,Petrol,100.8
2025-07-25,Delhi,Diesel,87.67
2025-07-25,Delhi,Petrol,94.77
2025-07-25,Kolkata,Diesel,92.02
2025-07-25,Kolkata,Petrol,105.41
2025-07-25,Mumbai,Diesel,90.03
2025-07-25,Mumbai,Petrol,103.5
2025-07-26,Chennai,Diesel,92.39
2025-07-26,Chennai,Petrol,100.8
2025-07-26,Delhi,Diesel,87.67
2025-07-26,Delhi,Petrol,94.77
2025-07-26,Kolkata,Diesel,92.02
2025-07-26,Kolkata,Petrol,105.41
2025-07-26,Mumbai,Diesel,90.03
2025-07-26,Mumbai,Petrol,103.5
2025-07-27,Chennai,Diesel,92.39
2025-07-27,Chennai,Petrol,100.8
2025-07-27,Delhi,Diesel,87.67
2025-07-27,Delhi,Petrol,94.77
2025-07-27,Kolkata,Diesel,92.02
2025-07-27,Kolkata,Petrol,105.41
2025-07-27,Mumbai,Diesel,90.03
2025-07-27,Mumbai,Petrol,103.5
2025-07-28,Chennai,Diesel,92.39
2025-07-28,Chennai,Petrol,100.8
2025-07-28,Delhi,Diesel,87.67
2025-07-28,Delhi,Petrol,94.77
2025-07-28,Kolkata,Diesel,92.02
2025-07-28,Kolkata,Petrol,105.41
2025-07-28,Mumbai,Diesel,90.03
2025-07-28,Mumbai,Petrol,103.5
2025-07-29,Chennai,Diesel,92.39
2025-07-29,Chennai,Petrol,100.8
2025-07-29,Delhi,Diesel,87.67
2025-07-29,Delhi,Petrol,94.77
2025-07-29,Kolkata,Diesel,92.02
2025-07-29,Kolkata,Petrol,105.41
2025-07-29,Mumbai,Diesel,90.03
2025-07-29,Mumbai,Petrol,103.5
2025-07-30,Chennai,Diesel,92.39
2025-07-30,Chennai,Petrol,100.8
2025-07-30,Delhi,Diesel,87.67
2025-07-30,Delhi,Petrol,94.77
2025-07-30,Kolkata,Diesel,92.02
2025-07-30,Kolkata,Petrol,105.41
2025-07-30,Mumbai,Diesel,90.03
2025-07-30,Mumbai,Petrol,103.5
2025-07-31,Chennai,Diesel,92.39
2025-07-31,Chennai,Petrol,100.8
2025-07-31,Delhi,Diesel,87.67
2025-07-31,Delhi,Petrol,94.77
2025-07-31,Kolkata,Diesel,92.02
2025-07-31,Kolkata,Petrol,105.41
2025-07-31,Mumbai,Diesel,90.03
2025-07-31,Mumbai,Petrol,103.5
2025-08-01,Chennai,Diesel,92.39
2025-08-01,Chennai,Petrol,100.8
2025-08-01,Delhi,Diesel,87.67
2025-08-01,Delhi,Petrol,94.77
2025-08-01,Kolkata,Diesel,92.02
2025-08-01,Kolkata,Petrol,105.41
2025-08-01,Mumbai,Diesel,90.03
2025-08-01,Mumbai,Petrol,103.5
2025-08-02,Chennai,Diesel,92.39
2025-08-02,Chennai,Petrol,100.8
2025-08-02,Delhi,Diesel,87.67
2025-08-02,Delhi,Petrol,94.77
2025-08-02,Kolkata,Diesel,92.02
2025-08-02,Kolkata,Petrol,105.41
2025-08-02,Mumbai,Diesel,90.03
2025-08-02,Mumbai,Petrol,103.5
2025-08-03,Chennai,Diesel,92.39
2025-08-03,Chennai,Petrol,100.8
2025-08-03,Delhi,Diesel,87.67
2025-08-03,Delhi,Petrol,94.77
2025-08-03,Kolkata,Diesel,92.02
2025-08-03,Kolkata,Petrol,105.41
2025-08-03,Mumbai,Diesel,90.03
2025-08-03,Mumbai,Petrol,103.5
2025-08-04,Chennai,Diesel,92.39
2025-08-04,Chennai,Petrol,100.8
2025-08-04,Delhi,Diesel,87.67
2025-08-04,Delhi,Petrol,94.77
2025-08-04,Kolkata,Diesel,92.02
2025-08-04,Kolkata,Petrol,105.41
2025-08-04,Mumbai,Diesel,90.03
2025-08-04,Mumbai,Petrol,103.5
2025-08-05,Chennai,Diesel,92.39
2025-08-05,Chennai,Petrol,100.8
2025-08-05,Delhi,Diesel,87.67
2025-08-05,Delhi,Petrol,94.77
2025-08-05,Kolkata,Diesel,92.02
2025-08-05,Kolkata,Petrol,105.41
2025-08-05,Mumbai,Diesel,90.03
2025-08-05,Mumbai,Petrol,103.5
2025-08-06,Chennai,Diesel,92.39
2025-08-06,Chennai,Petrol,100.8
2025-08-06,Delhi,Diesel,87.67
2025-08-06,Delhi,Petrol,94.77
2025-08-06,Kolkata,Diesel,92.02
2025-08-06,Kolkata,Petrol,105.41
2025-08-06,Mumbai,Diesel,90.03
2025-08-06,Mumbai,Petrol,103.5
2025-08-07,Chennai,Diesel,92.39
2025-08-07,Chennai,Petrol,100.8
2025-08-07,Delhi,Diesel,87.67
2025-08-07,Delhi,Petrol,94.77
2025-08-07,Kolkata,Diesel,92.02
2025-08-07,Kolkata,Petrol,105.41
2025-08-07,Mumbai,Diesel,90.03
2025-08-07,Mumbai,Petrol,103.5
2025-08-08,Chennai,Diesel,92.39
2025-08-08,Chennai,Petrol,100.8
2025-08-08,Delhi,Diesel,87.67
2025-08-08,Delhi,Petrol,94.77
2025-08-08,Kolkata,Diesel,92.02
2025-08-08,Kolkata,Petrol,105.41
2025-08-08,Mumbai,Diesel,90.03
2025-08-08,Mumbai,Petrol,103.5
2025-08-09,Chennai,Diesel,92.39
2025-08-09,Chennai,Petrol,100.8
2025-08-09,Delhi,Diesel,87.67
2025-08-09,Delhi,Petrol,94.77
2025-08-09,Kolkata,Diesel,92.02
2025-08-09,Kolkata,Petrol,105.41
2025-08-09,Mumbai,Diesel,90.03
2025-08-09,Mumbai,Petrol,103.5
2025-08-10,Chennai,Diesel,92.39
2025-08-10,Chennai,Petrol,100.8
2025-08-10,Delhi,Diesel,87.67
2025-08-10,Delhi,Petrol,94.77
2025-08-10,Kolkata,Diesel,92.02
2025-08-10,Kolkata,Petrol,105.41
2025-08-10,Mumbai,Diesel,90.03
2025-08-10,Mumbai,Petrol,103.5
2025-08-11,Chennai,Diesel,92.39
2025-08-11,Chennai,Petrol,100.8
2025-08-11,Delhi,Diesel,87.67
2025-08-11,Delhi,Petrol,94.77
2025-08-11,Kolkata,Diesel,92.02
2025-08-11,Kolkata,Petrol,105.41
2025-08-11,Mumbai,Diesel,90.03
2025-08-11,Mumbai,Petrol,103.5
2025-08-12,Chennai,Diesel,92.39
2025-08-12,Chennai,Petrol,100.8
2025-08-12,Delhi,Diesel,87.67
2025-08-12,Delhi,Petrol,94.77
2025-08-12,Kolkata,Diesel,92.02
2025-08-12,Kolkata,Petrol,105.41
2025-08-12,Mumbai,Diesel,90.03
2025-08-12,Mumbai,Petrol,103.5
2025-08-13,Chennai,Diesel,92.39
2025-08-13,Chennai,Petrol,100.8
2025-08-13,Delhi,Diesel,87.67
2025-08-13,Delhi,Petrol,94.77
2025-08-13,Kolkata,Diesel,92.02
2025-08-13,Kolkata,Petrol,105.41
2025-08-13,Mumbai,Diesel,90.03
2025-08-13,Mumbai,Petrol,103.5
2025-08-14,Chennai,Diesel,92.39
2025-08-14,Chennai,Petrol,100.8
2025-08-14,Delhi,Diesel,87.67
2025-08-14,Delhi,Petrol,94.77
2025-08-14,Kolkata,Diesel,92.02
2025-08-14,Kolkata,Petrol,105.41
2025-08-14,Mumbai,Diesel,90.03
2025-08-14,Mumbai,Petrol,103.5
2025-08-15,Chennai,Diesel,92.39
2025-08-15,Chennai,Petrol,100.8
2025-08-15,Delhi,Diesel,87.67
2025-08-15,Delhi,Petrol,94.77
2025-08-15,Kolkata,Diesel,92.02
2025-08-15,Kolkata,Petrol,105.41
2025-08-15,Mumbai,Diesel,90.03
2025-08-15,Mumbai,Petrol,103.5
2025-08-16,Chennai,Diesel,92.39
2025-08-16,Chennai,Petrol,100.8
2025-08-16,Delhi,Diesel,87.67
2025-08-16,Delhi,Petrol,94.77
2025-08-16,Kolkata,Diesel,92.02
2025-08-16,Kolkata,Petrol,105.41
2025-08-16,Mumbai,Diesel,90.03
2025-08-16,Mumbai,Petrol,103.5
2025-08-17,Chennai,Diesel,92.39
2025-08-17,Chennai,Petrol,100.8
2025-08-17,Delhi,Diesel,87.67
2025-08-17,Delhi,Petrol,94.77
2025-08-17,Kolkata,Diesel,92.02
2025-08-17,Kolkata,Petrol,105.41
2025-08-17,Mumbai,Diesel,90.03
2025-08-17,Mumbai,Petrol,103.5
2025-08-18,Chennai,Diesel,92.39
2025-08-18,Chennai,Petrol,100.8
2025-08-18,Delhi,Diesel,87.67
2025-08-18,Delhi,Petrol,94.77
2025-08-18,Kolkata,Diesel,92.02
2025-08-18,Kolkata,Petrol,105.41
2025-08-18,Mumbai,Diesel,90.03
2025-08-18,Mumbai,Petrol,103.5
2025-08-19,Chennai,Diesel,92.39
2025-08-19,Chennai,Petrol,100.8
2025-08-19,Delhi,Diesel,87.67
2025-08-19,Delhi,Petrol,94.77
2025-08-19,Kolkata,Diesel,92.02
2025-08-19,Kolkata,Petrol,105.41
2025-08-19,Mumbai,Diesel,90.03
2025-08-19,Mumbai,Petrol,103.5
2025-08-20,Chennai,Diesel,92.39
2025-08-20,Chennai,Petrol,100.8
2025-08-20,Delhi,Diesel,87.67
2025-08-20,Delhi,Petrol,94.77
2025-08-20,Kolkata,Diesel,92.02
2025-08-20,Kolkata,Petrol,105.41
2025-08-20,Mumbai,Diesel,90.03
2025-08-20,Mumbai,Petrol,103.5
2025-08-21,Chennai,Diesel,92.39
2025-08-21,Chennai,Petrol,100.8
2025-08-21,Delhi,Diesel,87.67
2025-08-21,Delhi,Petrol,94.77
2025-08-21,Kolkata,Diesel,92.02
2025-08-21,Kolkata,Petrol,105.41
2025-08-21,Mumbai,Diesel,90.03
2025-08-21,Mumbai,Petrol,103.5
2025-08-22,Chennai,Diesel,92.39
2025-08-22,Chennai,Petrol,100.8
2025-08-22,Delhi,Diesel,87.67
2025-08-22,Delhi,Petrol,94.77
2025-08-22,Kolkata,Diesel,92.02
2025-08-22,Kolkata,Petrol,105.41
2025-08-22,Mumbai,Diesel,90.03
2025-08-22,Mumbai,Petrol,103.5
2025-08-23,Chennai,Diesel,92.39
2025-08-23,Chennai,Petrol,100.8
2025-08-23,Delhi,Diesel,87.67
2025-08-23,Delhi,Petrol,94.77
2025-08-23,Kolkata,Diesel,92.02
2025-08-23,Kolkata,Petrol,105.41
2025-08-23,Mumbai,Diesel,90.03
2025-08-23,Mumbai,Petrol,103.5
2025-08-24,Chennai,Diesel,92.39
2025-08-24,Chennai,Petrol,100.8
2025-08-24,Delhi,Diesel,87.67
2025-08-24,Delhi,Petrol,94.77
2025-08-24,Kolkata,Diesel,92.02
2025-08-24,Kolkata,Petrol,105.41
2025-08-24,Mumbai,Diesel,90.03
2025-08-24,Mumbai,Petrol,103.5
2025-08-25,Chennai,Diesel,92.39
2025-08-25,Chennai,Petrol,100.8
2025-08-25,Delhi,Diesel,87.67
2025-08-25,Delhi,Petrol,94.77
2025-08-25,Kolkata,Diesel,92.02
2025-08-25,Kolkata,Petrol,105.41
2025-08-25,Mumbai,Diesel,90.03
2025-08-25,Mumbai,Petrol,103.5
2025-08-26,Chennai,Diesel,92.39
2025-08-26,Chennai,Petrol,100.8
2025-08-26,Delhi,Diesel,87.67
2025-08-26,Delhi,Petrol,94.77
2025-08-26,Kolkata,Diesel,92.02
2025-08-26,Kolkata,Petrol,105.41
2025-08-26,Mumbai,Diesel,90.03
2025-08-26,Mumbai,Petrol,103.5
2025-08-27,Chennai,Diesel,92.39
2025-08-27,Chennai,Petrol,100.8
2025-08-27,Delhi,Diesel,87.67
2025-08-27,Delhi,Petrol,94.77
2025-08-27,Kolkata,Diesel,92.02
2025-08-27,Kolkata,Petrol,105.41
2025-08-27,Mumbai,Diesel,90.03
2025-08-27,Mumbai,Petrol,103.5
2025-08-28,Chennai,Diesel,92.39
2025-08-28,Chennai,Petrol,100.8
2025-08-28,Delhi,Diesel,87.67
2025-08-28,Delhi,Petrol,94.77
2025-08-28,Kolkata,Diesel,92.02
2025-08-28,Kolkata,Petrol,105.41
2025-08-28,Mumbai,Diesel,90.03
2025-08-28,Mumbai,Petrol,103.5
2025-08-29,Chennai,Diesel,92.39
2025-08-29,Chennai,Petrol,100.8
2025-08-29,Delhi,Diesel,87.67
2025-08-29,Delhi,Petrol,94.77
2025-08-29,Kolkata,Diesel,92.02
2025-08-29,Kolkata,Petrol,105.41
2025-08-29,Mumbai,Diesel,90.03
2025-08-29,Mumbai,Petrol,103.5
2025-08-30,Chennai,Diesel,92.39
2025-08-30,Chennai,Petrol,100.8
2025-08-30,Delhi,Diesel,87.67
2025-08-30,Delhi,Petrol,94.77
2025-08-30,Kolkata,Diesel,92.02
2025-08-30,Kolkata,Petrol,105.41
2025-08-30,Mumbai,Diesel,90.03
2025-08-30,Mumbai,Petrol,103.5
2025-08-31,Chennai,Diesel,92.39
2025-08-31,Chennai,Petrol,100.8
2025-08-31,Delhi,Diesel,87.67
2025-08-31,Delhi,Petrol,94.77
2025-08-31,Kolkata,Diesel,92.02
2025-08-31,Kolkata,Petrol,105.41
2025-08-31,Mumbai,Diesel,90.03
2025-08-31,Mumbai,Petrol,103.5
2025-09-01,Chennai,Diesel,92.39
2025-09-01,Chennai,Petrol,100.8
2025-09-01,Delhi,Diesel,87.67
2025-09-01,Delhi,Petrol,94.77
2025-09-01,Kolkata,Diesel,92.02
2025-09-01,Kolkata,Petrol,105.41
2025-09-01,Mumbai,Diesel,90.03
2025-09-01,Mumbai,Petrol,103.5
2025-09-02,Chennai,Diesel,92.39
2025-09-02,Chennai,Petrol,100.8
2025-09-02,Delhi,Diesel,87.67
2025-09-02,Delhi,Petrol,94.77
2025-09-02,Kolkata,Diesel,92.02
2025-09-02,Kolkata,Petrol,105.41
2025-09-02,Mumbai,Diesel,90.03
2025-09-02,Mumbai,Petrol,103.5
2025-09-03,Chennai,Diesel,92.39
2025-09-03,Chennai,Petrol,100.8
2025-09-03,Delhi,Diesel,87.67
2025-09-03,Delhi,Petrol,94.77
2025-09-03,Kolkata,Diesel,92.02
2025-09-03,Kolkata,Petrol,105.41
2025-09-03,Mumbai,Diesel,90.03
2025-09-03,Mumbai,Petrol,103.5
2025-09-04,Chennai,Diesel,92.39
2025-09-04,Chennai,Petrol,100.8
2025-09-04,Delhi,Diesel,87.67
2025-09-04,Delhi,Petrol,94.77
2025-09-04,Kolkata,Diesel,92.02
2025-09-04,Kolkata,Petrol,105.41
2025-09-04,Mumbai,Diesel,90.03
2025-09-04,Mumbai,Petrol,103.5
2025-09-05,Chennai,Diesel,92.39
2025-09-05,Chennai,Petrol,100.8
2025-09-05,Delhi,Diesel,87.67
2025-09-05,Delhi,Petrol,94.77
2025-09-05,Kolkata,Diesel,92.02
2025-09-05,Kolkata,Petrol,105.41
2025-09-05,Mumbai,Diesel,90.03
2025-09-05,Mumbai,Petrol,103.5
2025-09-06,Chennai,Diesel,92.39
2025-09-06,Chennai,Petrol,100.8
2025-09-06,Delhi,Diesel,87.67
2025-09-06,Delhi,Petrol,94.77
2025-09-06,Kolkata,Diesel,92.02
2025-09-06,Kolkata,Petrol,105.41
2025-09-06,Mumbai,Diesel,90.03
2025-09-06,Mumbai,Petrol,103.5
2025-09-07,Chennai,Diesel,92.39
2025-09-07,Chennai,Petrol,100.8
2025-09-07,Delhi,Diesel,87.67
2025-09-07,Delhi,Petrol,94.77
2025-09-07,Kolkata,Diesel,92.02
2025-09-07,Kolkata,Petrol,105.41
2025-09-07,Mumbai,Diesel,90.03
2025-09-07,Mumbai,Petrol,103.5
2025-09-08,Chennai,Diesel,92.39
2025-09-08,Chennai,Petrol,100.8
2025-09-08,Delhi,Diesel,87.67
2025-09-08,Delhi,Petrol,94.77
2025-09-08,Kolkata,Diesel,92.02
2025-09-08,Kolkata,Petrol,105.41
2025-09-08,Mumbai,Diesel,90.03
2025-09-08,Mumbai,Petrol,103.5
2025-09-09,Chennai,Diesel,92.39
2025-09-09,Chennai,Petrol,100.8
2025-09-09,Delhi,Diesel,87.67
2025-09-09,Delhi,Petrol,94.77
2025-09-09,Kolkata,Diesel,92.02
2025-09-09,Kolkata,Petrol,105.41
2025-09-09,Mumbai,Diesel,90.03
2025-09-09,Mumbai,Petrol,103.5
2025-09-10,Chennai,Diesel,92.39
2025-09-10,Chennai,Petrol,100.8
2025-09-10,Delhi,Diesel,87.67
2025-09-10,Delhi,Petrol,94.77
2025-09-10,Kolkata,Diesel,92.02
2025-09-10,Kolkata,Petrol,105.41
2025-09-10,Mumbai,Diesel,90.03
2025-09-10,Mumbai,Petrol,103.5
2025-09-11,Chennai,Diesel,92.39
2025-09-11,Chennai,Petrol,100.8
2025-09-11,Delhi,Diesel,87.67
2025-09-11,Delhi,Petrol,94.77
2025-09-11,Kolkata,Diesel,92.02
2025-09-11,Kolkata,Petrol,105.41
2025-09-11,Mumbai,Diesel,90.03
2025-09-11,Mumbai,Petrol,103.5
2025-09-12,Chennai,Diesel,92.39
2025-09-12,Chennai,Petrol,100.8
2025-09-12,Delhi,Diesel,87.67
2025-09-12,Delhi,Petrol,94.77
2025-09-12,Kolkata,Diesel,92.02
2025-09-12,Kolkata,Petrol,105.41
2025-09-12,Mumbai,Diesel,90.03
2025-09-12,Mumbai,Petrol,103.5
2025-09-13,Chennai,Diesel,92.39
2025-09-13,Chennai,Petrol,100.8
2025-09-13,Delhi,Diesel,87.67
2025-09-13,Delhi,Petrol,94.77
2025-09-13,Kolkata,Diesel,92.02
2025-09-13,Kolkata,Petrol,105.41
2025-09-13,Mumbai,Diesel,90.03
2025-09-13,Mumbai,Petrol,103.5
2025-09-14,Chennai,Diesel,92.39
2025-09-14,Chennai,Petrol,100.8
2025-09-14,Delhi,Diesel,87.67
2025-09-14,Delhi,Petrol,94.77
2025-09-14,Kolkata,Diesel,92.02
2025-09-14,Kolkata,Petrol,105.41
2025-09-14,Mumbai,Diesel,90.03
2025-09-14,Mumbai,Petrol,103.5
2025-09-15,Chennai,Diesel,92.39
2025-09-15,Chennai,Petrol,100.8
2025-09-15,Delhi,Diesel,87.67
2025-09-15,Delhi,Petrol,94.77
2025-09-15,Kolkata,Diesel,92.02
2025-09-15,Kolkata,Petrol,105.41
2025-09-15,Mumbai,Diesel,90.03
2025-09-15,Mumbai,Petrol,103.5
2025-09-16,Chennai,Diesel,92.39
2025-09-16,Chennai,Petrol,100.8
2025-09-16,Delhi,Diesel,87.67
2025-09-16,Delhi,Petrol,94.77
2025-09-16,Kolkata,Diesel,92.02
2025-09-16,Kolkata,Petrol,105.41
2025-09-16,Mumbai,Diesel,90.03
2025-09-16,Mumbai,Petrol,103.5
2025-09-17,Chennai,Diesel,92.39
2025-09-17,Chennai,Petrol,100.8
2025-09-17,Delhi,Diesel,87.67
2025-09-17,Delhi,Petrol,94.77
2025-09-17,Kolkata,Diesel,92.02
2025-09-17,Kolkata,Petrol,105.41
2025-09-17,Mumbai,Diesel,90.03
2025-09-17,Mumbai,Petrol,103.5
2025-09-18,Chennai,Diesel,92.39
2025-09-18,Chennai,Petrol,100.8
2025-09-18,Delhi,Diesel,87.67
2025-09-18,Delhi,Petrol,94.77
2025-09-18,Kolkata,Diesel,92.02
2025-09-18,Kolkata,Petrol,105.41
2025-09-18,Mumbai,Diesel,90.03
2025-09-18,Mumbai,Petrol,103.5
2025-09-19,Chennai,Diesel,92.39
2025-09-19,Chennai,Petrol,100.8
2025-09-19,Delhi,Diesel,87.67
2025-09-19,Delhi,Petrol,94.77
2025-09-19,Kolkata,Diesel,92.02
2025-09-19,Kolkata,Petrol,105.41
2025-09-19,Mumbai,Diesel,90.03
2025-09-19,Mumbai,Petrol,103.5
2025-09-20,Chennai,Diesel,92.39
2025-09-20,Chennai,Petrol,100.8
2025-09-20,Delhi,Diesel,87.67
2025-09-20,Delhi,Petrol,94.77
2025-09-20,Kolkata,Diesel,92.02
2025-09-20,Kolkata,Petrol,105.41
2025-09-20,Mumbai,Diesel,90.03
2025-09-20,Mumbai,Petrol,103.5
2025-09-21,Chennai,Diesel,92.39
2025-09-21,Chennai,Petrol,100.8
2025-09-21,Delhi,Diesel,87.67
2025-09-21,Delhi,Petrol,94.77
2025-09-21,Kolkata,Diesel,92.02
2025-09-21,Kolkata,Petrol,105.41
2025-09-21,Mumbai,Diesel,90.03
2025-09-21,Mumbai,Petrol,103.5
2025-09-22,Chennai,Diesel,92.39
2025-09-22,Chennai,Petrol,100.8
2025-09-22,Delhi,Diesel,87.67
2025-09-22,Delhi,Petrol,94.77
2025-09-22,Kolkata,Diesel,92.02
2025-09-22,Kolkata,Petrol,105.41
2025-09-22,Mumbai,Diesel,90.03
2025-09-22,Mumbai,Petrol,103.5
2025-09-23,Chennai,Diesel,92.39
2025-09-23,Chennai,Petrol,100.8
2025-09-23,Delhi,Diesel,87.67
2025-09-23,Delhi,Petrol,94.77
2025-09-23,Kolkata,Diesel,92.02
2025-09-23,Kolkata,Petrol,105.41
2025-09-23,Mumbai,Diesel,90.03
2025-09-23,Mumbai,Petrol,103.5
2025-09-24,Chennai,Diesel,92.39
2025-09-24,Chennai,Petrol,100.8
2025-09-24,Delhi,Diesel,87.67
2025-09-24,Delhi,Petrol,94.77
2025-09-24,Kolkata,Diesel,92.02
2025-09-24,Kolkata,Petrol,105.41
2025-09-24,Mumbai,Diesel,90.03
2025-09-24,Mumbai,Petrol,103.5
2025-09-25,Chennai,Diesel,92.39
2025-09-25,Chennai,Petrol,100.8
2025-09-25,Delhi,Diesel,87.67
2025-09-25,Delhi,Petrol,94.77
2025-09-25,Kolkata,Diesel,92.02
2025-09-25,Kolkata,Petrol,105.41
2025-09-25,Mumbai,Diesel,90.03
2025-09-25,Mumbai,Petrol,103.5
2025-09-26,Chennai,Diesel,92.39
2025-09-26,Chennai,Petrol,100.8
2025-09-26,Delhi,Diesel,87.67
2025-09-26,Delhi,Petrol,94.77
2025-09-26,Kolkata,Diesel,92.02
2025-09-26,Kolkata,Petrol,105.41
2025-09-26,Mumbai,Diesel,90.03
2025-09-26,Mumbai,Petrol,103.5
2025-09-27,Chennai,Diesel,92.39
2025-09-27,Chennai,Petrol,100.8
2025-09-27,Delhi,Diesel,87.67
2025-09-27,Delhi,Petrol,94.77
2025-09-27,Kolkata,Diesel,92.02
2025-09-27,Kolkata,Petrol,105.41
2025-09-27,Mumbai,Diesel,90.03
2025-09-27,Mumbai,Petrol,103.5
2025-09-28,Chennai,Diesel,92.39
2025-09-28,Chennai,Petrol,100.8
2025-09-28,Delhi,Diesel,87.67
2025-09-28,Delhi,Petrol,94.77
2025-09-28,Kolkata,Diesel,92.02
2025-09-28,Kolkata,Petrol,105.41
2025-09-28,Mumbai,Diesel,90.03
2025-09-28,Mumbai,Petrol,103.5
2025-09-29,Chennai,Diesel,92.39
2025-09-29,Chennai,Petrol,100.8
2025-09-29,Delhi,Diesel,87.67
2025-09-29,Delhi,Petrol,94.77
2025-09-29,Kolkata,Diesel,92.02
2025-09-29,Kolkata,Petrol,105.41
2025-09-29,Mumbai,Diesel,90.03
2025-09-29,Mumbai,Petrol,103.5
2025-09-30,Chennai,Diesel,92.39
2025-09-30,Chennai,Petrol,100.8
2025-09-30,Delhi,Diesel,87.67
2025-09-30,Delhi,Petrol,94.77
2025-09-30,Kolkata,Diesel,92.02
2025-09-30,Kolkata,Petrol,105.41
2025-09-30,Mumbai,Diesel,90.03
2025-09-30,Mumbai,Petrol,103.5
2025-10-01,Chennai,Diesel,92.39
2025-10-01,Chennai,Petrol,100.8
2025-10-01,Delhi,Diesel,87.67
2025-10-01,Delhi,Petrol,94.77
2025-10-01,Kolkata,Diesel,92.02
2025-10-01,Kolkata,Petrol,105.41
2025-10-01,Mumbai,Diesel,90.03
2025-10-01,Mumbai,Petrol,103.5
2025-10-02,Chennai,Diesel,92.39
2025-10-02,Chennai,Petrol,100.8
2025-10-02,Delhi,Diesel,87.67
2025-10-02,Delhi,Petrol,94.77
2025-10-02,Kolkata,Diesel,92.02
2025-10-02,Kolkata,Petrol,105.41
2025-10-02,Mumbai,Diesel,90.03
2025-10-02,Mumbai,Petrol,103.5
2025-10-03,Chennai,Diesel,92.39
2025-10-03,Chennai,Petrol,100.8
2025-10-03,Delhi,Diesel,87.67
2025-10-03,Delhi,Petrol,94.77
2025-10-03,Kolkata,Diesel,92.02
2025-10-03,Kolkata,Petrol,105.41
2025-10-03,Mumbai,Diesel,90.03
2025-10-03,Mumbai,Petrol,103.5
2025-10-04,Chennai,Diesel,92.39
2025-10-04,Chennai,Petrol,100.8
2025-10-04,Delhi,Diesel,87.67
2025-10-04,Delhi,Petrol,94.77
2025-10-04,Kolkata,Diesel,92.02
2025-10-04,Kolkata,Petrol,105.41
2025-10-04,Mumbai,Diesel,90.03
2025-10-04,Mumbai,Petrol,103.5
2025-10-05,Chennai,Diesel,92.39
2025-10-05,Chennai,Petrol,100.8
2025-10-05,Delhi,Diesel,87.67
2025-10-05,Delhi,Petrol,94.77
2025-10-05,Kolkata,Diesel,92.02
2025-10-05,Kolkata,Petrol,105.41
2025-10-05,Mumbai,Diesel,90.03
2025-10-05,Mumbai,Petrol,103.5
2025-10-06,Chennai,Diesel,92.39
2025-10-06,Chennai,Petrol,100.8
2025-10-06,Delhi,Diesel,87.67
2025-10-06,Delhi,Petrol,94.77
2025-10-06,Kolkata,Diesel,92.02
2025-10-06,Kolkata,Petrol,105.41
2025-10-06,Mumbai,Diesel,90.03
2025-10-06,Mumbai,Petrol,103.5
2025-10-07,Chennai,Diesel,92.39
2025-10-07,Chennai,Petrol,100.8
2025-10-07,Delhi,Diesel,87.67
2025-10-07,Delhi,Petrol,94.77
2025-10-07,Kolkata,Diesel,92.02
2025-10-07,Kolkata,Petrol,105.41
2025-10-07,Mumbai,Diesel,90.03
2025-10-07,Mumbai,Petrol,103.5
2025-10-08,Chennai,Diesel,92.39
2025-10-08,Chennai,Petrol,100.8
2025-10-08,Delhi,Diesel,87.67
2025-10-08,Delhi,Petrol,94.77
2025-10-08,Kolkata,Diesel,92.02
2025-10-08,Kolkata,Petrol,105.41
2025-10-08,Mumbai,Diesel,90.03
2025-10-08,Mumbai,Petrol,103.5
2025-10-09,Chennai,Diesel,92.39
2025-10-09,Chennai,Petrol,100.8
2025-10-09,Delhi,Diesel,87.67
2025-10-09,Delhi,Petrol,94.77
2025-10-09,Kolkata,Diesel,92.02
2025-10-09,Kolkata,Petrol,105.41
2025-10-09,Mumbai,Diesel,90.03
2025-10-09,Mumbai,Petrol,103.5
2025-10-10,Chennai,Diesel,92.39
2025-10-10,Chennai,Petrol,100.8
2025-10-10,Delhi,Diesel,87.67
2025-10-10,Delhi,Petrol,94.77
2025-10-10,Kolkata,Diesel,92.02
2025-10-10,Kolkata,Petrol,105.41
2025-10-10,Mumbai,Diesel,90.03
2025-10-10,Mumbai,Petrol,103.5
2025-10-11,Chennai,Diesel,92.39
2025-10-11,Chennai,Petrol,100.8
2025-10-11,Delhi,Diesel,87.67
2025-10-11,Delhi,Petrol,94.77
2025-10-11,Kolkata,Diesel,92.02
2025-10-11,Kolkata,Petrol,105.41
2025-10-11,Mumbai,Diesel,90.03
2025-10-11,Mumbai,Petrol,103.5
2025-10-12,Chennai,Diesel,92.39
2025-10-12,Chennai,Petrol,100.8
2025-10-12,Delhi,Diesel,87.67
2025-10-12,Delhi,Petrol,94.77
2025-10-12,Kolkata,Diesel,92.02
2025-10-12,Kolkata,Petrol,105.41
2025-10-12,Mumbai,Diesel,90.03
2025-10-12,Mumbai,Petrol,103.5
2025-10-13,Chennai,Diesel,92.39
2025-10-13,Chennai,Petrol,100.8
2025-10-13,Delhi,Diesel,87.67
2025-10-13,Delhi,Petrol,94.77
2025-10-13,Kolkata,Diesel,92.02
2025-10-13,Kolkata,Petrol,105.41
2025-10-13,Mumbai,Diesel,90.03
2025-10-13,Mumbai,Petrol,103.5
2025-10-14,Chennai,Diesel,92.39
2025-10-14,Chennai,Petrol,100.8
2025-10-14,Delhi,Diesel,87.67
2025-10-14,Delhi,Petrol,94.77
2025-10-14,Kolkata,Diesel,92.02
2025-10-14,Kolkata,Petrol,105.41
2025-10-14,Mumbai,Diesel,90.03
2025-10-14,Mumbai,Petrol,103.5
2025-10-15,Chennai,Diesel,92.39
2025-10-15,Chennai,Petrol,100.8
2025-10-15,Delhi,Diesel,87.67
2025-10-15,Delhi,Petrol,94.77
2025-10-15,Kolkata,Diesel,92.02
2025-10-15,Kolkata,Petrol,105.41
2025-10-15,Mumbai,Diesel,90.03
2025-10-15,Mumbai,Petrol,103.5
2025-10-16,Chennai,Diesel,92.39
2025-10-16,Chennai,Petrol,100.8
2025-10-16,Delhi,Diesel,87.67
2025-10-16,Delhi,Petrol,94.77
2025-10-16,Kolkata,Diesel,92.02
2025-10-16,Kolkata,Petrol,105.41
2025-10-16,Mumbai,Diesel,90.03
2025-10-16,Mumbai,Petrol,103.5
2025-10-17,Chennai,Diesel,92.39
2025-10-17,Chennai,Petrol,100.8
2025-10-17,Delhi,Diesel,87.67
2025-10-17,Delhi,Petrol,94.77
2025-10-17,Kolkata,Diesel,92.02
2025-10-17,Kolkata,Petrol,105.41
2025-10-17,Mumbai,Diesel,90.03
2025-10-17,Mumbai,Petrol,103.5
2025-10-18,Chennai,Diesel,92.39
2025-10-18,Chennai,Petrol,100.8
2025-10-18,Delhi,Diesel,87.67
2025-10-18,Delhi,Petrol,94.77
2025-10-18,Kolkata,Diesel,92.02
2025-10-18,Kolkata,Petrol,105.41
2025-10-18,Mumbai,Diesel,90.03
2025-10-18,Mumbai,Petrol,103.5
2025-10-19,Chennai,Diesel,92.39
2025-10-19,Chennai,Petrol,100.8
2025-10-19,Delhi,Diesel,87.67
2025-10-19,Delhi,Petrol,94.77
2025-10-19,Kolkata,Diesel,92.02
2025-10-19,Kolkata,Petrol,105.41
2025-10-19,Mumbai,Diesel,90.03
2025-10-19,Mumbai,Petrol,103.5
2025-10-20,Chennai,Diesel,92.39
2025-10-20,Chennai,Petrol,100.8
2025-10-20,Delhi,Diesel,87.67
2025-10-20,Delhi,Petrol,94.77
2025-10-20,Kolkata,Diesel,92.02
2025-10-20,Kolkata,Petrol,105.41
2025-10-20,Mumbai,Diesel,90.03
2025-10-20,Mumbai,Petrol,103.5
2025-10-21,Chennai,Diesel,92.39
2025-10-21,Chennai,Petrol,100.8
2025-10-21,Delhi,Diesel,87.67
2025-10-21,Delhi,Petrol,94.77
2025-10-21,Kolkata,Diesel,92.02
2025-10-21,Kolkata,Petrol,105.41
2025-10-21,Mumbai,Diesel,90.03
2025-10-21,Mumbai,Petrol,103.5
2025-10-22,Chennai,Diesel,92.39
2025-10-22,Chennai,Petrol,100.8
2025-10-22,Delhi,Diesel,87.67
2025-10-22,Delhi,Petrol,94.77
2025-10-22,Kolkata,Diesel,92.02
2025-10-22,Kolkata,Petrol,105.41
2025-10-22,Mumbai,Diesel,90.03
2025-10-22,Mumbai,Petrol,103.5
2025-10-23,Chennai,Diesel,92.39
2025-10-23,Chennai,Petrol,100.8
2025-10-23,Delhi,Diesel,87.67
2025-10-23,Delhi,Petrol,94.77
2025-10-23,Kolkata,Diesel,92.02
2025-10-23,Kolkata,Petrol,105.41
2025-10-23,Mumbai,Diesel,90.03
2025-10-23,Mumbai,Petrol,103.5
2025-10-24,Chennai,Diesel,92.39
2025-10-24,Chennai,Petrol,100.8
2025-10-24,Delhi,Diesel,87.67
2025-10-24,Delhi,Petrol,94.77
2025-10-24,Kolkata,Diesel,92.02
2025-10-24,Kolkata,Petrol,105.41
2025-10-24,Mumbai,Diesel,90.03
2025-10-24,Mumbai,Petrol,103.5
2025-10-25,Chennai,Diesel,92.39
2025-10-25,Chennai,Petrol,100.8
2025-10-25,Delhi,Diesel,87.67
2025-10-25,Delhi,Petrol,94.77
2025-10-25,Kolkata,Diesel,92.02
2025-10-25,Kolkata,Petrol,105.41
2025-10-25,Mumbai,Diesel,90.03
2025-10-25,Mumbai,Petrol,103.5
2025-10-26,Chennai,Diesel,92.39
2025-10-26,Chennai,Petrol,100.8
2025-10-26,Delhi,Diesel,87.67
2025-10-26,Delhi,Petrol,94.77
2025-10-26,Kolkata,Diesel,92.02
2025-10-26,Kolkata,Petrol,105.41
2025-10-26,Mumbai,Diesel,90.03
2025-10-26,Mumbai,Petrol,103.5
2025-10-27,Chennai,Diesel,92.39
2025-10-27,Chennai,Petrol,100.8
2025-10-27,Delhi,Diesel,87.67
2025-10-27,Delhi,Petrol,94.77
2025-10-27,Kolkata,Diesel,92.02
2025-10-27,Kolkata,Petrol,105.41
2025-10-27,Mumbai,Diesel,90.03
2025-10-27,Mumbai,Petrol,103.5
2025-10-28,Chennai,Diesel,92.39
2025-10-28,Chennai,Petrol,100.8
2025-10-28,Delhi,Diesel,87.67
2025-10-28,Delhi,Petrol,94.77
2025-10-28,Kolkata,Diesel,92.02
2025-10-28,Kolkata,Petrol,105.41
2025-10-28,Mumbai,Diesel,90.03
2025-10-28,Mumbai,Petrol,103.5
2025-10-29,Chennai,Diesel,92.39
2025-10-29,Chennai,Petrol,100.8
2025-10-29,Delhi,Diesel,87.67
2025-10-29,Delhi,Petrol,94.77
2025-10-29,Kolkata,Diesel,92.02
2025-10-29,Kolkata,Petrol,105.41
2025-10-29,Mumbai,Diesel,90.03
2025-10-29,Mumbai,Petrol,103.5
2025-10-30,Chennai,Diesel,92.39
2025-10-30,Chennai,Petrol,100.8
2025-10-30,Delhi,Diesel,87.67
2025-10-30,Delhi,Petrol,94.77
2025-10-30,Kolkata,Diesel,92.02
2025-10-30,Kolkata,Petrol,105.41
2025-10-30,Mumbai,Diesel,90.03
2025-10-30,Mumbai,Petrol,103.5
2025-10-31,Chennai,Diesel,92.39
2025-10-31,Chennai,Petrol,100.8
2025-10-31,Delhi,Diesel,87.67
2025-10-31,Delhi,Petrol,94.77
2025-10-31,Kolkata,Diesel,92.02
2025-10-31,Kolkata,Petrol,105.41
2025-10-31,Mumbai,Diesel,90.03
2025-10-31,Mumbai,Petrol,103.5
2025-11-01,Chennai,Diesel,92.39
2025-11-01,Chennai,Petrol,100.8
2025-11-01,Delhi,Diesel,87.67
2025-11-01,Delhi,Petrol,94.77
2025-11-01,Kolkata,Diesel,92.02
2025-11-01,Kolkata,Petrol,105.41
2025-11-01,Mumbai,Diesel,90.03
2025-11-01,Mumbai,Petrol,103.5
2025-11-02,Chennai,Diesel,92.39
2025-11-02,Chennai,Petrol,100.8
2025-11-02,Delhi,Diesel,87.67
2025-11-02,Delhi,Petrol,94.77
2025-11-02,Kolkata,Diesel,92.02
2025-11-02,Kolkata,Petrol,105.41
2025-11-02,Mumbai,Diesel,90.03
2025-11-02,Mumbai,Petrol,103.5
2025-11-03,Chennai,Diesel,92.39
2025-11-03,Chennai,Petrol,100.8
2025-11-03,Delhi,Diesel,87.67
2025-11-03,Delhi,Petrol,94.77
2025-11-03,Kolkata,Diesel,92.02
2025-11-03,Kolkata,Petrol,105.41
2025-11-03,Mumbai,Diesel,90.03
2025-11-03,Mumbai,Petrol,103.5
2025-11-04,Chennai,Diesel,92.39
2025-11-04,Chennai,Petrol,100.8
2025-11-04,Delhi,Diesel,87.67
2025-11-04,Delhi,Petrol,94.77
2025-11-04,Kolkata,Diesel,92.02
2025-11-04,Kolkata,Petrol,105.41
2025-11-04,Mumbai,Diesel,90.03
2025-11-04,Mumbai,Petrol,103.5
2025-11-05,Chennai,Diesel,92.39
2025-11-05,Chennai,Petrol,100.8
2025-11-05,Delhi,Diesel,87.67
2025-11-05,Delhi,Petrol,94.77
2025-11-05,Kolkata,Diesel,92.02
2025-11-05,Kolkata,Petrol,105.41
2025-11-05,Mumbai,Diesel,90.03
2025-11-05,Mumbai,Petrol,103.5
2025-11-06,Chennai,Diesel,92.39
2025-11-06,Chennai,Petrol,100.8
2025-11-06,Delhi,Diesel,87.67
2025-11-06,Delhi,Petrol,94.77
2025-11-06,Kolkata,Diesel,92.02
2025-11-06,Kolkata,Petrol,105.41
2025-11-06,Mumbai,Diesel,90.03
2025-11-06,Mumbai,Petrol,103.5
2025-11-07,Chennai,Diesel,92.39
2025-11-07,Chennai,Petrol,100.8
2025-11-07,Delhi,Diesel,87.67
2025-11-07,Delhi,Petrol,94.77
2025-11-07,Kolkata,Diesel,92.02
2025-11-07,Kolkata,Petrol,105.41
2025-11-07,Mumbai,Diesel,90.03
2025-11-07,Mumbai,Petrol,103.5
2025-11-08,Chennai,Diesel,92.39
2025-11-08,Chennai,Petrol,100.8
2025-11-08,Delhi,Diesel,87.67
2025-11-08,Delhi,Petrol,94.77
2025-11-08,Kolkata,Diesel,92.02
2025-11-08,Kolkata,Petrol,105.41
2025-11-08,Mumbai,Diesel,90.03
2025-11-08,Mumbai,Petrol,103.5
2025-11-09,Chennai,Diesel,92.39
2025-11-09,Chennai,Petrol,100.8
2025-11-09,Delhi,Diesel,87.67
2025-11-09,Delhi,Petrol,94.77
2025-11-09,Kolkata,Diesel,92.02
2025-11-09,Kolkata,Petrol,105.41
2025-11-09,Mumbai,Diesel,90.03
2025-11-09,Mumbai,Petrol,103.5
2025-11-10,Chennai,Diesel,92.39
2025-11-10,Chennai,Petrol,100.8
2025-11-10,Delhi,Diesel,87.67
2025-11-10,Delhi,Petrol,94.77
2025-11-10,Kolkata,Diesel,92.02
2025-11-10,Kolkata,Petrol,105.41
2025-11-10,Mumbai,Diesel,90.03
2025-11-10,Mumbai,Petrol,103.5
2025-11-11,Chennai,Diesel,92.39
2025-11-11,Chennai,Petrol,100.8
2025-11-11,Delhi,Diesel,87.67
2025-11-11,Delhi,Petrol,94.77
2025-11-11,Kolkata,Diesel,92.02
2025-11-11,Kolkata,Petrol,105.41
2025-11-11,Mumbai,Diesel,90.03
2025-11-11,Mumbai,Petrol,103.5
2025-11-12,Chennai,Diesel,92.39
2025-11-12,Chennai,Petrol,100.8
2025-11-12,Delhi,Diesel,87.67
2025-11-12,Delhi,Petrol,94.77
2025-11-12,Kolkata,Diesel,92.02
2025-11-12,Kolkata,Petrol,105.41
2025-11-12,Mumbai,Diesel,90.03
2025-11-12,Mumbai,Petrol,103.5
2025-11-13,Chennai,Diesel,92.39
2025-11-13,Chennai,Petrol,100.8
2025-11-13,Delhi,Diesel,87.67
2025-11-13,Delhi,Petrol,94.77
2025-11-13,Kolkata,Diesel,92.02
2025-11-13,Kolkata,Petrol,105.41
2025-11-13,Mumbai,Diesel,90.03
2025-11-13,Mumbai,Petrol,103.5
2025-11-14,Chennai,Diesel,92.39
2025-11-14,Chennai,Petrol,100.8
2025-11-14,Delhi,Diesel,87.67
2025-11-14,Delhi,Petrol,94.77
2025-11-14,Kolkata,Diesel,92.02
2025-11-14,Kolkata,Petrol,105.41
2025-11-14,Mumbai,Diesel,90.03
2025-11-14,Mumbai,Petrol,103.5
2025-11-15,Chennai,Diesel,92.39
2025-11-15,Chennai,Petrol,100.8
2025-11-15,Delhi,Diesel,87.67
2025-11-15,Delhi,Petrol,94.77
2025-11-15,Kolkata,Diesel,92.02
2025-11-15,Kolkata,Petrol,105.41
2025-11-15,Mumbai,Diesel,90.03
2025-11-15,Mumbai,Petrol,103.5
2025-11-16,Chennai,Diesel,92.39
2025-11-16,Chennai,Petrol,100.8
2025-11-16,Delhi,Diesel,87.67
2025-11-16,Delhi,Petrol,94.77
2025-11-16,Kolkata,Diesel,92.02
2025-11-16,Kolkata,Petrol,105.41
2025-11-16,Mumbai,Diesel,90.03
2025-11-16,Mumbai,Petrol,103.5
2025-11-17,Chennai,Diesel,92.39
2025-11-17,Chennai,Petrol,100.8
2025-11-17,Delhi,Diesel,87.67
2025-11-17,Delhi,Petrol,94.77
2025-11-17,Kolkata,Diesel,92.02
2025-11-17,Kolkata,Petrol,105.41
2025-11-17,Mumbai,Diesel,90.03
2025-11-17,Mumbai,Petrol,103.5
2025-11-18,Chennai,Diesel,92.39
2025-11-18,Chennai,Petrol,100.8
2025-11-18,Delhi,Diesel,87.67
2025-11-18,Delhi,Petrol,94.77
2025-11-18,Kolkata,Diesel,92.02
2025-11-18,Kolkata,Petrol,105.41
2025-11-18,Mumbai,Diesel,90.03
2025-11-18,Mumbai,Petrol,103.5
2025-11-19,Chennai,Diesel,92.39
2025-11-19,Chennai,Petrol,100.8
2025-11-19,Delhi,Diesel,87.67
2025-11-19,Delhi,Petrol,94.77
2025-11-19,Kolkata,Diesel,92.02
2025-11-19,Kolkata,Petrol,105.41
2025-11-19,Mumbai,Diesel,90.03
2025-11-19,Mumbai,Petrol,103.5
2025-11-20,Chennai,Diesel,92.39
2025-11-20,Chennai,Petrol,100.8
2025-11-20,Delhi,Diesel,87.67
2025-11-20,Delhi,Petrol,94.77
2025-11-20,Kolkata,Diesel,92.02
2025-11-20,Kolkata,Petrol,105.41
2025-11-20,Mumbai,Diesel,90.03
2025-11-20,Mumbai,Petrol,103.5
2025-11-21,Chennai,Diesel,92.39
2025-11-21,Chennai,Petrol,100.8
2025-11-21,Delhi,Diesel,87.67
2025-11-21,Delhi,Petrol,94.77
2025-11-21,Kolkata,Diesel,92.02
2025-11-21,Kolkata,Petrol,105.41
2025-11-21,Mumbai,Diesel,90.03
2025-11-21,Mumbai,Petrol,103.5
2025-11-22,Chennai,Diesel,92.39
2025-11-22,Chennai,Petrol,100.8
2025-11-22,Delhi,Diesel,87.67
2025-11-22,Delhi,Petrol,94.77
2025-11-22,Kolkata,Diesel,92.02
2025-11-22,Kolkata,Petrol,105.41
2025-11-22,Mumbai,Diesel,90.03
2025-11-22,Mumbai,Petrol,103.5
2025-11-23,Chennai,Diesel,92.39
2025-11-23,Chennai,Petrol,100.8
2025-11-23,Delhi,Diesel,87.67
2025-11-23,Delhi,Petrol,94.77
2025-11-23,Kolkata,Diesel,92.02
2025-11-23,Kolkata,Petrol,105.41
2025-11-23,Mumbai,Diesel,90.03
2025-11-23,Mumbai,Petrol,103.5
2025-11-24,Chennai,Diesel,92.39
2025-11-24,Chennai,Petrol,100.8
2025-11-24,Delhi,Diesel,87.67
2025-11-24,Delhi,Petrol,94.77
2025-11-24,Kolkata,Diesel,92.02
2025-11-24,Kolkata,Petrol,105.41
2025-11-24,Mumbai,Diesel,90.03
2025-11-24,Mumbai,Petrol,103.5
2025-11-25,Chennai,Diesel,92.39
2025-11-25,Chennai,Petrol,100.8
2025-11-25,Delhi,Diesel,87.67
2025-11-25,Delhi,Petrol,94.77
2025-11-25,Kolkata,Diesel,92.02
2025-11-25,Kolkata,Petrol,105.41
2025-11-25,Mumbai,Diesel,90.03
2025-11-25,Mumbai,Petrol,103.5
2025-11-26,Chennai,Diesel,92.39
2025-11-26,Chennai,Petrol,100.8
2025-11-26,Delhi,Diesel,87.67
2025-11-26,Delhi,Petrol,94.77
2025-11-26,Kolkata,Diesel,92.02
2025-11-26,Kolkata,Petrol,105.41
2025-11-26,Mumbai,Diesel,90.03
2025-11-26,Mumbai,Petrol,103.5
2025-11-27,Chennai,Diesel,92.39
2025-11-27,Chennai,Petrol,100.8
2025-11-27,Delhi,Diesel,87.67
2025-11-27,Delhi,Petrol,94.77
2025-11-27,Kolkata,Diesel,92.02
2025-11-27,Kolkata,Petrol,105.41
2025-11-27,Mumbai,Diesel,90.03
2025-11-27,Mumbai,Petrol,103.5
2025-11-28,Chennai,Diesel,92.39
2025-11-28,Chennai,Petrol,100.8
2025-11-28,Delhi,Diesel,87.67
2025-11-28,Delhi,Petrol,94.77
2025-11-28,Kolkata,Diesel,92.02
2025-11-28,Kolkata,Petrol,105.41
2025-11-28,Mumbai,Diesel,90.03
2025-11-28,Mumbai,Petrol,103.5
2025-11-29,Chennai,Diesel,92.39
2025-11-29,Chennai,Petrol,100.8
2025-11-29,Delhi,Diesel,87.67
2025-11-29,Delhi,Petrol,94.77
2025-11-29,Kolkata,Diesel,92.02
2025-11-29,Kolkata,Petrol,105.41
2025-11-29,Mumbai,Diesel,90.03
2025-11-29,Mumbai,Petrol,103.5
2025-11-30,Chennai,Diesel,92.39
2025-11-30,Chennai,Petrol,100.8
2025-11-30,Delhi,Diesel,87.67
2025-11-30,Delhi,Petrol,94.77
2025-11-30,Kolkata,Diesel,92.02
2025-11-30,Kolkata,Petrol,105.41
2025-11-30,Mumbai,Diesel,90.03
2025-11-30,Mumbai,Petrol,103.5
2025-12-01,Chennai,Diesel,92.39
2025-12-01,Chennai,Petrol,100.8
2025-12-01,Delhi,Diesel,87.67
2025-12-01,Delhi,Petrol,94.77
2025-12-01,Kolkata,Diesel,92.02
2025-12-01,Kolkata,Petrol,105.41
2025-12-01,Mumbai,Diesel,90.03
2025-12-01,Mumbai,Petrol,103.5
2025-12-02,Chennai,Diesel,92.39
2025-12-02,Chennai,Petrol,100.8
2025-12-02,Delhi,Diesel,87.67
2025-12-02,Delhi,Petrol,94.77
2025-12-02,Kolkata,Diesel,92.02
2025-12-02,Kolkata,Petrol,105.41
2025-12-02,Mumbai,Diesel,90.03
2025-12-02,Mumbai,Petrol,103.5
2025-12-03,Chennai,Diesel,92.39
2025-12-03,Chennai,Petrol,100.8
2025-12-03,Delhi,Diesel,87.67
2025-12-03,Delhi,Petrol,94.77
2025-12-03,Kolkata,Diesel,92.02
2025-12-03,Kolkata,Petrol,105.41
2025-12-03,Mumbai,Diesel,90.03
2025-12-03,Mumbai,Petrol,103.5
2025-12-04,Chennai,Diesel,92.39
2025-12-04,Chennai,Petrol,100.8
2025-12-04,Delhi,Diesel,87.67
2025-12-04,Delhi,Petrol,94.77
2025-12-04,Kolkata,Diesel,92.02
2025-12-04,Kolkata,Petrol,105.41
2025-12-04,Mumbai,Diesel,90.03
2025-12-04,Mumbai,Petrol,103.5
2025-12-05,Chennai,Diesel,92.39
2025-12-05,Chennai,Petrol,100.8
2025-12-05,Delhi,Diesel,87.67
2025-12-05,Delhi,Petrol,94.77
2025-12-05,Kolkata,Diesel,92.02
2025-12-05,Kolkata,Petrol,105.41
2025-12-05,Mumbai,Diesel,90.03
2025-12-05,Mumbai,Petrol,103.5
2025-12-06,Chennai,Diesel,92.39
2025-12-06,Chennai,Petrol,100.8
2025-12-06,Delhi,Diesel,87.67
2025-12-06,Delhi,Petrol,94.77
2025-12-06,Kolkata,Diesel,92.02
2025-12-06,Kolkata,Petrol,105.41
2025-12-06,Mumbai,Diesel,90.03
2025-12-06,Mumbai,Petrol,103.54
2025-12-07,Chennai,Diesel,92.39
2025-12-07,Chennai,Petrol,100.8
2025-12-07,Delhi,Diesel,87.67
2025-12-07,Delhi,Petrol,94.77
2025-12-07,Kolkata,Diesel,92.02
2025-12-07,Kolkata,Petrol,105.41
2025-12-07,Mumbai,Diesel,90.03
2025-12-07,Mumbai,Petrol,103.54
2025-12-08,Chennai,Diesel,92.39
2025-12-08,Chennai,Petrol,100.8
2025-12-08,Delhi,Diesel,87.67
2025-12-08,Delhi,Petrol,94.77
2025-12-08,Kolkata,Diesel,92.02
2025-12-08,Kolkata,Petrol,105.41
2025-12-08,Mumbai,Diesel,90.03
2025-12-08,Mumbai,Petrol,103.54
2025-12-09,Chennai,Diesel,92.39
2025-12-09,Chennai,Petrol,100.8
2025-12-09,Delhi,Diesel,87.67
2025-12-09,Delhi,Petrol,94.77
2025-12-09,Kolkata,Diesel,92.02
2025-12-09,Kolkata,Petrol,105.41
2025-12-09,Mumbai,Diesel,90.03
2025-12-09,Mumbai,Petrol,103.54
2025-12-10,Chennai,Diesel,92.39
2025-12-10,Chennai,Petrol,100.8
2025-12-10,Delhi,Diesel,87.67
2025-12-10,Delhi,Petrol,94.77
2025-12-10,Kolkata,Diesel,92.02
2025-12-10,Kolkata,Petrol,105.41
2025-12-10,Mumbai,Diesel,90.03
2025-12-10,Mumbai,Petrol,103.54
2025-12-11,Chennai,Diesel,92.39
2025-12-11,Chennai,Petrol,100.8
2025-12-11,Delhi,Diesel,87.67
2025-12-11,Delhi,Petrol,94.77
2025-12-11,Kolkata,Diesel,92.02
2025-12-11,Kolkata,Petrol,105.41
2025-12-11,Mumbai,Diesel,90.03
2025-12-11,Mumbai,Petrol,103.54
2025-12-12,Chennai,Diesel,92.39
2025-12-12,Chennai,Petrol,100.8
2025-12-12,Delhi,Diesel,87.67
2025-12-12,Delhi,Petrol,94.77
2025-12-12,Kolkata,Diesel,92.02
2025-12-12,Kolkata,Petrol,105.41
2025-12-12,Mumbai,Diesel,90.03
2025-12-12,Mumbai,Petrol,103.54
2025-12-13,Chennai,Diesel,92.39
2025-12-13,Chennai,Petrol,100.8
2025-12-13,Delhi,Diesel,87.67
2025-12-13,Delhi,Petrol,94.77
2025-12-13,Kolkata,Diesel,92.02
2025-12-13,Kolkata,Petrol,105.41
2025-12-13,Mumbai,Diesel,90.03
2025-12-13,Mumbai,Petrol,103.54
2025-12-14,Chennai,Diesel,92.39
2025-12-14,Chennai,Petrol,100.8
2025-12-14,Delhi,Diesel,87.67
2025-12-14,Delhi,Petrol,94.77
2025-12-14,Kolkata,Diesel,92.02
2025-12-14,Kolkata,Petrol,105.41
2025-12-14,Mumbai,Diesel,90.03
2025-12-14,Mumbai,Petrol,103.54
2025-12-15,Chennai,Diesel,92.39
2025-12-15,Chennai,Petrol,100.8
2025-12-15,Delhi,Diesel,87.67
2025-12-15,Delhi,Petrol,94.77
2025-12-15,Kolkata,Diesel,92.02
2025-12-15,Kolkata,Petrol,105.41
2025-12-15,Mumbai,Diesel,90.03
2025-12-15,Mumbai,Petrol,103.54
2025-12-16,Chennai,Diesel,92.39
2025-12-16,Chennai,Petrol,100.8
2025-12-16,Delhi,Diesel,87.67
2025-12-16,Delhi,Petrol,94.77
2025-12-16,Kolkata,Diesel,92.02
2025-12-16,Kolkata,Petrol,105.41
2025-12-16,Mumbai,Diesel,90.03
2025-12-16,Mumbai,Petrol,103.54
2025-12-17,Chennai,Diesel,92.39
2025-12-17,Chennai,Petrol,100.8
2025-12-17,Delhi,Diesel,87.67
2025-12-17,Delhi,Petrol,94.77
2025-12-17,Kolkata,Diesel,92.02
2025-12-17,Kolkata,Petrol,105.41
2025-12-17,Mumbai,Diesel,90.03
2025-12-17,Mumbai,Petrol,103.54
2025-12-18,Chennai,Diesel,92.39
2025-12-18,Chennai,Petrol,100.8
2025-12-18,Delhi,Diesel,87.67
2025-12-18,Delhi,Petrol,94.77
2025-12-18,Kolkata,Diesel,92.02
2025-12-18,Kolkata,Petrol,105.41
2025-12-18,Mumbai,Diesel,90.03
2025-12-18,Mumbai,Petrol,103.54
2025-12-19,Chennai,Diesel,92.39
2025-12-19,Chennai,Petrol,100.8
2025-12-19,Delhi,Diesel,87.67
2025-12-19,Delhi,Petrol,94.77
2025-12-19,Kolkata,Diesel,92.02
2025-12-19,Kolkata,Petrol,105.41
2025-12-19,Mumbai,Diesel,90.03
2025-12-19,Mumbai,Petrol,103.54
2025-12-20,Chennai,Diesel,92.39
2025-12-20,Chennai,Petrol,100.8
2025-12-20,Delhi,Diesel,87.67
2025-12-20,Delhi,Petrol,94.77
2025-12-20,Kolkata,Diesel,92.02
2025-12-20,Kolkata,Petrol,105.41
2025-12-20,Mumbai,Diesel,90.03
2025-12-20,Mumbai,Petrol,103.54
2025-12-21,Chennai,Diesel,92.39
2025-12-21,Chennai,Petrol,100.8
2025-12-21,Delhi,Diesel,87.67
2025-12-21,Delhi,Petrol,94.77
2025-12-21,Kolkata,Diesel,92.02
2025-12-21,Kolkata,Petrol,105.41
2025-12-21,Mumbai,Diesel,90.03
2025-12-21,Mumbai,Petrol,103.54
2025-12-22,Chennai,Diesel,92.39
2025-12-22,Chennai,Petrol,100.8
2025-12-22,Delhi,Diesel,87.67
2025-12-22,Delhi,Petrol,94.77
2025-12-22,Kolkata,Diesel,92.02
2025-12-22,Kolkata,Petrol,105.41
2025-12-22,Mumbai,Diesel,90.03
2025-12-22,Mumbai,Petrol,103.54
2025-12-23,Chennai,Diesel,92.39
2025-12-23,Chennai,Petrol,100.8
2025-12-23,Delhi,Diesel,87.67
2025-12-23,Delhi,Petrol,94.77
2025-12-23,Kolkata,Diesel,92.02
2025-12-23,Kolkata,Petrol,105.41
2025-12-23,Mumbai,Diesel,90.03
2025-12-23,Mumbai,Petrol,103.54
2025-12-24,Chennai,Diesel,92.39
2025-12-24,Chennai,Petrol,100.8
2025-12-24,Delhi,Diesel,87.67
2025-12-24,Delhi,Petrol,94.77
2025-12-24,Kolkata,Diesel,92.02
2025-12-24,Kolkata,Petrol,105.41
2025-12-24,Mumbai,Diesel,90.03
2025-12-24,Mumbai,Petrol,103.54
2025-12-25,Chennai,Diesel,92.39
2025-12-25,Chennai,Petrol,100.8
2025-12-25,Delhi,Diesel,87.67
2025-12-25,Delhi,Petrol,94.77
2025-12-25,Kolkata,Diesel,92.02
2025-12-25,Kolkata,Petrol,105.41
2025-12-25,Mumbai,Diesel,90.03
2025-12-25,Mumbai,Petrol,103.54
2025-12-26,Chennai,Diesel,92.39
2025-12-26,Chennai,Petrol,100.8
2025-12-26,Delhi,Diesel,87.67
2025-12-26,Delhi,Petrol,94.77
2025-12-26,Kolkata,Diesel,92.02
2025-12-26,Kolkata,Petrol,105.41
2025-12-26,Mumbai,Diesel,90.03
2025-12-26,Mumbai,Petrol,103.54
2025-12-27,Chennai,Diesel,92.39
2025-12-27,Chennai,Petrol,100.8
2025-12-27,Delhi,Diesel,87.67
2025-12-27,Delhi,Petrol,94.77
2025-12-27,Kolkata,Diesel,92.02
2025-12-27,Kolkata,Petrol,105.41
2025-12-27,Mumbai,Diesel,90.03
2025-12-27,Mumbai,Petrol,103.54
2025-12-28,Chennai,Diesel,92.39
2025-12-28,Chennai,Petrol,100.8
2025-12-28,Delhi,Diesel,87.67
2025-12-28,Delhi,Petrol,94.77
2025-12-28,Kolkata,Diesel,92.02
2025-12-28,Kolkata,Petrol,105.41
2025-12-28,Mumbai,Diesel,90.03
2025-12-28,Mumbai,Petrol,103.54
2025-12-29,Chennai,Diesel,92.39
2025-12-29,Chennai,Petrol,100.8
2025-12-29,Delhi,Diesel,87.67
2025-12-29,Delhi,Petrol,94.77
2025-12-29,Kolkata,Diesel,92.02
2025-12-29,Kolkata,Petrol,105.41
2025-12-29,Mumbai,Diesel,90.03
2025-12-29,Mumbai,Petrol,103.54
2025-12-30,Chennai,Diesel,92.39
2025-12-30,Chennai,Petrol,100.8
2025-12-30,Delhi,Diesel,87.67
2025-12-30,Delhi,Petrol,94.77
2025-12-30,Kolkata,Diesel,92.02
2025-12-30,Kolkata,Petrol,105.41
2025-12-30,Mumbai,Diesel,90.03
2025-12-30,Mumbai,Petrol,103.54
2025-12-31,Chennai,Diesel,92.39
2025-12-31,Chennai,Petrol,100.8
2025-12-31,Delhi,Diesel,87.67
2025-12-31,Delhi,Petrol,94.77
2025-12-31,Kolkata,Diesel,92.02
2025-12-31,Kolkata,Petrol,105.41
2025-12-31,Mumbai,Diesel,90.03
2025-12-31,Mumbai,Petrol,103.54
2026-01-01,Chennai,Diesel,92.39
2026-01-01,Chennai,Petrol,100.84
2026-01-01,Delhi,Diesel,87.67
2026-01-01,Delhi,Petrol,94.77
2026-01-01,Kolkata,Diesel,92.02
2026-01-01,Kolkata,Petrol,105.45
2026-01-01,Mumbai,Diesel,90.03
2026-01-01,Mumbai,Petrol,103.54
2026-01-02,Chennai,Diesel,92.39
2026-01-02,Chennai,Petrol,100.84
2026-01-02,Delhi,Diesel,87.67
2026-01-02,Delhi,Petrol,94.77
2026-01-02,Kolkata,Diesel,92.02
2026-01-02,Kolkata,Petrol,105.45
2026-01-02,Mumbai,Diesel,90.03
2026-01-02,Mumbai,Petrol,103.54
2026-01-03,Chennai,Diesel,92.39
2026-01-03,Chennai,Petrol,100.84
2026-01-03,Delhi,Diesel,87.67
2026-01-03,Delhi,Petrol,94.77
2026-01-03,Kolkata,Diesel,92.02
2026-01-03,Kolkata,Petrol,105.45
2026-01-03,Mumbai,Diesel,90.03
2026-01-03,Mumbai,Petrol,103.54
2026-01-04,Chennai,Diesel,92.39
2026-01-04,Chennai,Petrol,100.84
2026-01-04,Delhi,Diesel,87.67
2026-01-04,Delhi,Petrol,94.77
2026-01-04,Kolkata,Diesel,92.02
2026-01-04,Kolkata,Petrol,105.45
2026-01-04,Mumbai,Diesel,90.03
2026-01-04,Mumbai,Petrol,103.54
2026-01-05,Chennai,Diesel,92.39
2026-01-05,Chennai,Petrol,100.84
2026-01-05,Delhi,Diesel,87.67
2026-01-05,Delhi,Petrol,94.77
2026-01-05,Kolkata,Diesel,92.02
2026-01-05,Kolkata,Petrol,105.45
2026-01-05,Mumbai,Diesel,90.03
2026-01-05,Mumbai,Petrol,103.54
2026-01-06,Chennai,Diesel,92.39
2026-01-06,Chennai,Petrol,100.84
2026-01-06,Delhi,Diesel,87.67
2026-01-06,Delhi,Petrol,94.77
2026-01-06,Kolkata,Diesel,92.02
2026-01-06,Kolkata,Petrol,105.45
2026-01-06,Mumbai,Diesel,90.03
2026-01-06,Mumbai,Petrol,103.54
2026-01-07,Chennai,Diesel,92.39
2026-01-07,Chennai,Petrol,100.84
2026-01-07,Delhi,Diesel,87.67
2026-01-07,Delhi,Petrol,94.77
2026-01-07,Kolkata,Diesel,92.02
2026-01-07,Kolkata,Petrol,105.45
2026-01-07,Mumbai,Diesel,90.03
2026-01-07,Mumbai,Petrol,103.54
2026-01-08,Chennai,Diesel,92.39
2026-01-08,Chennai,Petrol,100.84
2026-01-08,Delhi,Diesel,87.67
2026-01-08,Delhi,Petrol,94.77
2026-01-08,Kolkata,Diesel,92.02
2026-01-08,Kolkata,Petrol,105.45
2026-01-08,Mumbai,Diesel,90.03
2026-01-08,Mumbai,Petrol,103.54
2026-01-09,Chennai,Diesel,92.39
2026-01-09,Chennai,Petrol,100.84
2026-01-09,Delhi,Diesel,87.67
2026-01-09,Delhi,Petrol,94.77
2026-01-09,Kolkata,Diesel,92.02
2026-01-09,Kolkata,Petrol,105.45
2026-01-09,Mumbai,Diesel,90.03
2026-01-09,Mumbai,Petrol,103.54
2026-01-10,Chennai,Diesel,92.39
2026-01-10,Chennai,Petrol,100.84
2026-01-10,Delhi,Diesel,87.67
2026-01-10,Delhi,Petrol,94.77
2026-01-10,Kolkata,Diesel,92.02
2026-01-10,Kolkata,Petrol,105.45
2026-01-10,Mumbai,Diesel,90.03
2026-01-10,Mumbai,Petrol,103.54
2026-01-11,Chennai,Diesel,92.39
2026-01-11,Chennai,Petrol,100.84
2026-01-11,Delhi,Diesel,87.67
2026-01-11,Delhi,Petrol,94.77
2026-01-11,Kolkata,Diesel,92.02
2026-01-11,Kolkata,Petrol,105.45
2026-01-11,Mumbai,Diesel,90.03
2026-01-11,Mumbai,Petrol,103.54
2026-01-12,Chennai,Diesel,92.39
2026-01-12,Chennai,Petrol,100.84
2026-01-12,Delhi,Diesel,87.67
2026-01-12,Delhi,Petrol,94.77
2026-01-12,Kolkata,Diesel,92.02
2026-01-12,Kolkata,Petrol,105.45
2026-01-12,Mumbai,Diesel,90.03
2026-01-12,Mumbai,Petrol,103.54
2026-01-13,Chennai,Diesel,92.39
2026-01-13,Chennai,Petrol,100.84
2026-01-13,Delhi,Diesel,87.67
2026-01-13,Delhi,Petrol,94.77
2026-01-13,Kolkata,Diesel,92.02
2026-01-13,Kolkata,Petrol,105.45
2026-01-13,Mumbai,Diesel,90.03
2026-01-13,Mumbai,Petrol,103.54
2026-01-14,Chennai,Diesel,92.39
2026-01-14,Chennai,Petrol,100.84
2026-01-14,Delhi,Diesel,87.67
2026-01-14,Delhi,Petrol,94.77
2026-01-14,Kolkata,Diesel,92.02
2026-01-14,Kolkata,Petrol,105.45
2026-01-14,Mumbai,Diesel,90.03
2026-01-14,Mumbai,Petrol,103.54
2026-01-15,Chennai,Diesel,92.39
2026-01-15,Chennai,Petrol,100.84
2026-01-15,Delhi,Diesel,87.67
2026-01-15,Delhi,Petrol,94.77
2026-01-15,Kolkata,Diesel,92.02
2026-01-15,Kolkata,Petrol,105.45
2026-01-15,Mumbai,Diesel,90.03
2026-01-15,Mumbai,Petrol,103.54
2026-01-16,Chennai,Diesel,92.39
2026-01-16,Chennai,Petrol,100.84
2026-01-16,Delhi,Diesel,87.67
2026-01-16,Delhi,Petrol,94.77
2026-01-16,Kolkata,Diesel,92.02
2026-01-16,Kolkata,Petrol,105.45
2026-01-16,Mumbai,Diesel,90.03
2026-01-16,Mumbai,Petrol,103.54
2026-01-17,Chennai,Diesel,92.39
2026-01-17,Chennai,Petrol,100.84
2026-01-17,Delhi,Diesel,87.67
2026-01-17,Delhi,Petrol,94.77
2026-01-17,Kolkata,Diesel,92.02
2026-01-17,Kolkata,Petrol,105.45
2026-01-17,Mumbai,Diesel,90.03
2026-01-17,Mumbai,Petrol,103.54
2026-01-18,Chennai,Diesel,92.39
2026-01-18,Chennai,Petrol,100.84
2026-01-18,Delhi,Diesel,87.67
2026-01-18,Delhi,Petrol,94.77
2026-01-18,Kolkata,Diesel,92.02
2026-01-18,Kolkata,Petrol,105.45
2026-01-18,Mumbai,Diesel,90.03
2026-01-18,Mumbai,Petrol,103.54
2026-01-19,Chennai,Diesel,92.39
2026-01-19,Chennai,Petrol,100.84
2026-01-19,Delhi,Diesel,87.67
2026-01-19,Delhi,Petrol,94.77
2026-01-19,Kolkata,Diesel,92.02
2026-01-19,Kolkata,Petrol,105.45
2026-01-19,Mumbai,Diesel,90.03
2026-01-19,Mumbai,Petrol,103.54
2026-01-20,Chennai,Diesel,92.39
2026-01-20,Chennai,Petrol,100.84
2026-01-20,Delhi,Diesel,87.67
2026-01-20,Delhi,Petrol,94.77
2026-01-20,Kolkata,Diesel,92.02
2026-01-20,Kolkata,Petrol,105.45
2026-01-20,Mumbai,Diesel,90.03
2026-01-20,Mumbai,Petrol,103.54
2026-01-21,Chennai,Diesel,92.39
2026-01-21,Chennai,Petrol,100.84
2026-01-21,Delhi,Diesel,87.67
2026-01-21,Delhi,Petrol,94.77
2026-01-21,Kolkata,Diesel,92.02
2026-01-21,Kolkata,Petrol,105.45
2026-01-21,Mumbai,Diesel,90.03
2026-01-21,Mumbai,Petrol,103.54
2026-01-22,Chennai,Diesel,92.39
2026-01-22,Chennai,Petrol,100.84
2026-01-22,Delhi,Diesel,87.67
2026-01-22,Delhi,Petrol,94.77
2026-01-22,Kolkata,Diesel,92.02
2026-01-22,Kolkata,Petrol,105.45
2026-01-22,Mumbai,Diesel,90.03
2026-01-22,Mumbai,Petrol,103.54
2026-01-23,Chennai,Diesel,92.39
2026-01-23,Chennai,Petrol,100.84
2026-01-23,Delhi,Diesel,87.67
2026-01-23,Delhi,Petrol,94.77
2026-01-23,Kolkata,Diesel,92.02
2026-01-23,Kolkata,Petrol,105.45
2026-01-23,Mumbai,Diesel,90.03
2026-01-23,Mumbai,Petrol,103.54
2026-01-24,Chennai,Diesel,92.39
2026-01-24,Chennai,Petrol,100.84
2026-01-24,Delhi,Diesel,87.67
2026-01-24,Delhi,Petrol,94.77
2026-01-24,Kolkata,Diesel,92.02
2026-01-24,Kolkata,Petrol,105.45
2026-01-24,Mumbai,Diesel,90.03
2026-01-24,Mumbai,Petrol,103.54
2026-01-25,Chennai,Diesel,92.39
2026-01-25,Chennai,Petrol,100.84
2026-01-25,Delhi,Diesel,87.67
2026-01-25,Delhi,Petrol,94.77
2026-01-25,Kolkata,Diesel,92.02
2026-01-25,Kolkata,Petrol,105.45
2026-01-25,Mumbai,Diesel,90.03
2026-01-25,Mumbai,Petrol,103.54
2026-01-26,Chennai,Diesel,92.39
2026-01-26,Chennai,Petrol,100.84
2026-01-26,Delhi,Diesel,87.67
2026-01-26,Delhi,Petrol,94.77
2026-01-26,Kolkata,Diesel,92.02
2026-01-26,Kolkata,Petrol,105.45
2026-01-26,Mumbai,Diesel,90.03
2026-01-26,Mumbai,Petrol,103.54
2026-01-27,Chennai,Diesel,92.39
2026-01-27,Chennai,Petrol,100.84
2026-01-27,Delhi,Diesel,87.67
2026-01-27,Delhi,Petrol,94.77
2026-01-27,Kolkata,Diesel,92.02
2026-01-27,Kolkata,Petrol,105.45
2026-01-27,Mumbai,Diesel,90.03
2026-01-27,Mumbai,Petrol,103.54
2026-01-28,Chennai,Diesel,92.39
2026-01-28,Chennai,Petrol,100.84
2026-01-28,Delhi,Diesel,87.67
2026-01-28,Delhi,Petrol,94.77
2026-01-28,Kolkata,Diesel,92.02
2026-01-28,Kolkata,Petrol,105.45
2026-01-28,Mumbai,Diesel,90.03
2026-01-28,Mumbai,Petrol,103.54
2026-01-29,Chennai,Diesel,92.39
2026-01-29,Chennai,Petrol,100.84
2026-01-29,Delhi,Diesel,87.67
2026-01-29,Delhi,Petrol,94.77
2026-01-29,Kolkata,Diesel,92.02
2026-01-29,Kolkata,Petrol,105.45
2026-01-29,Mumbai,Diesel,90.03
2026-01-29,Mumbai,Petrol,103.54
2026-01-30,Chennai,Diesel,92.39
2026-01-30,Chennai,Petrol,100.84
2026-01-30,Delhi,Diesel,87.67
2026-01-30,Delhi,Petrol,94.77
2026-01-30,Kolkata,Diesel,92.02
2026-01-30,Kolkata,Petrol,105.45
2026-01-30,Mumbai,Diesel,90.03
2026-01-30,Mumbai,Petrol,103.54
2026-01-31,Chennai,Diesel,92.39
2026-01-31,Chennai,Petrol,100.84
2026-01-31,Delhi,Diesel,87.67
2026-01-31,Delhi,Petrol,94.77
2026-01-31,Kolkata,Diesel,92.02
2026-01-31,Kolkata,Petrol,105.45
2026-01-31,Mumbai,Diesel,90.03
2026-01-31,Mumbai,Petrol,103.54
2026-02-01,Chennai,Diesel,92.39
2026-02-01,Chennai,Petrol,100.84
2026-02-01,Delhi,Diesel,87.67
2026-02-01,Delhi,Petrol,94.77
2026-02-01,Kolkata,Diesel,92.02
2026-02-01,Kolkata,Petrol,105.45
2026-02-01,Mumbai,Diesel,90.03
2026-02-01,Mumbai,Petrol,103.54
2026-02-02,Chennai,Diesel,92.39
2026-02-02,Chennai,Petrol,100.84
2026-02-02,Delhi,Diesel,87.67
2026-02-02,Delhi,Petrol,94.77
2026-02-02,Kolkata,Diesel,92.02
2026-02-02,Kolkata,Petrol,105.45
2026-02-02,Mumbai,Diesel,90.03
2026-02-02,Mumbai,Petrol,103.54
2026-02-03,Chennai,Diesel,92.39
2026-02-03,Chennai,Petrol,100.84
2026-02-03,Delhi,Diesel,87.67
2026-02-03,Delhi,Petrol,94.77
2026-02-03,Kolkata,Diesel,92.02
2026-02-03,Kolkata,Petrol,105.45
2026-02-03,Mumbai,Diesel,90.03
2026-02-03,Mumbai,Petrol,103.54
2026-02-04,Chennai,Diesel,92.39
2026-02-04,Chennai,Petrol,100.84
2026-02-04,Delhi,Diesel,87.67
2026-02-04,Delhi,Petrol,94.77
2026-02-04,Kolkata,Diesel,92.02
2026-02-04,Kolkata,Petrol,105.45
2026-02-04,Mumbai,Diesel,90.03
2026-02-04,Mumbai,Petrol,103.54
2026-02-05,Chennai,Diesel,92.39
2026-02-05,Chennai,Petrol,100.84
2026-02-05,Delhi,Diesel,87.67
2026-02-05,Delhi,Petrol,94.77
2026-02-05,Kolkata,Diesel,92.02
2026-02-05,Kolkata,Petrol,105.45
2026-02-05,Mumbai,Diesel,90.03
2026-02-05,Mumbai,Petrol,103.54
2026-02-06,Chennai,Diesel,92.39
2026-02-06,Chennai,Petrol,100.84
2026-02-06,Delhi,Diesel,87.67
2026-02-06,Delhi,Petrol,94.77
2026-02-06,Kolkata,Diesel,92.02
2026-02-06,Kolkata,Petrol,105.45
2026-02-06,Mumbai,Diesel,90.03
2026-02-06,Mumbai,Petrol,103.54
2026-02-07,Chennai,Diesel,92.39
2026-02-07,Chennai,Petrol,100.84
2026-02-07,Delhi,Diesel,87.67
2026-02-07,Delhi,Petrol,94.77
2026-02-07,Kolkata,Diesel,92.02
2026-02-07,Kolkata,Petrol,105.45
2026-02-07,Mumbai,Diesel,90.03
2026-02-07,Mumbai,Petrol,103.54
2026-02-08,Chennai,Diesel,92.39
2026-02-08,Chennai,Petrol,100.84
2026-02-08,Delhi,Diesel,87.67
2026-02-08,Delhi,Petrol,94.77
2026-02-08,Kolkata,Diesel,92.02
2026-02-08,Kolkata,Petrol,105.45
2026-02-08,Mumbai,Diesel,90.03
2026-02-08,Mumbai,Petrol,103.54
2026-02-09,Chennai,Diesel,92.39
2026-02-09,Chennai,Petrol,100.84
2026-02-09,Delhi,Diesel,87.67
2026-02-09,Delhi,Petrol,94.77
2026-02-09,Kolkata,Diesel,92.02
2026-02-09,Kolkata,Petrol,105.45
2026-02-09,Mumbai,Diesel,90.03
2026-02-09,Mumbai,Petrol,103.54
2026-02-10,Chennai,Diesel,92.39
2026-02-10,Chennai,Petrol,100.84
2026-02-10,Delhi,Diesel,87.67
2026-02-10,Delhi,Petrol,94.77
2026-02-10,Kolkata,Diesel,92.02
2026-02-10,Kolkata,Petrol,105.45
2026-02-10,Mumbai,Diesel,90.03
2026-02-10,Mumbai,Petrol,103.54
2026-02-11,Chennai,Diesel,92.39
2026-02-11,Chennai,Petrol,100.84
2026-02-11,Delhi,Diesel,87.67
2026-02-11,Delhi,Petrol,94.77
2026-02-11,Kolkata,Diesel,92.02
2026-02-11,Kolkata,Petrol,105.45
2026-02-11,Mumbai,Diesel,90.03
2026-02-11,Mumbai,Petrol,103.54
2026-02-12,Chennai,Diesel,92.39
2026-02-12,Chennai,Petrol,100.84
2026-02-12,Delhi,Diesel,87.67
2026-02-12,Delhi,Petrol,94.77
2026-02-12,Kolkata,Diesel,92.02
2026-02-12,Kolkata,Petrol,105.45
2026-02-12,Mumbai,Diesel,90.03
2026-02-12,Mumbai,Petrol,103.54
2026-02-13,Chennai,Diesel,92.39
2026-02-13,Chennai,Petrol,100.84
2026-02-13,Delhi,Diesel,87.67
2026-02-13,Delhi,Petrol,94.77
2026-02-13,Kolkata,Diesel,92.02
2026-02-13,Kolkata,Petrol,105.45
2026-02-13,Mumbai,Diesel,90.03
2026-02-13,Mumbai,Petrol,103.54
2026-02-14,Chennai,Diesel,92.39
2026-02-14,Chennai,Petrol,100.84
2026-02-14,Delhi,Diesel,87.67
2026-02-14,Delhi,Petrol,94.77
2026-02-14,Kolkata,Diesel,92.02
2026-02-14,Kolkata,Petrol,105.45
2026-02-14,Mumbai,Diesel,90.03
2026-02-14,Mumbai,Petrol,103.54
2026-02-15,Chennai,Diesel,92.39
2026-02-15,Chennai,Petrol,100.84
2026-02-15,Delhi,Diesel,87.67
2026-02-15,Delhi,Petrol,94.77
2026-02-15,Kolkata,Diesel,92.02
2026-02-15,Kolkata,Petrol,105.45
2026-02-15,Mumbai,Diesel,90.03
2026-02-15,Mumbai,Petrol,103.54
2026-02-16,Chennai,Diesel,92.39
2026-02-16,Chennai,Petrol,100.84
2026-02-16,Delhi,Diesel,87.67
2026-02-16,Delhi,Petrol,94.77
2026-02-16,Kolkata,Diesel,92.02
2026-02-16,Kolkata,Petrol,105.45
2026-02-16,Mumbai,Diesel,90.03
2026-02-16,Mumbai,Petrol,103.54
2026-02-17,Chennai,Diesel,92.39
2026-02-17,Chennai,Petrol,100.84
2026-02-17,Delhi,Diesel,87.67
2026-02-17,Delhi,Petrol,94.77
2026-02-17,Kolkata,Diesel,92.02
2026-02-17,Kolkata,Petrol,105.45
2026-02-17,Mumbai,Diesel,90.03
2026-02-17,Mumbai,Petrol,103.54
2026-02-18,Chennai,Diesel,92.39
2026-02-18,Chennai,Petrol,100.84
2026-02-18,Delhi,Diesel,87.67
2026-02-18,Delhi,Petrol,94.77
2026-02-18,Kolkata,Diesel,92.02
2026-02-18,Kolkata,Petrol,105.45
2026-02-18,Mumbai,Diesel,90.03
2026-02-18,Mumbai,Petrol,103.54
2026-02-19,Chennai,Diesel,92.39
2026-02-19,Chennai,Petrol,100.84
2026-02-19,Delhi,Diesel,87.67
2026-02-19,Delhi,Petrol,94.77
2026-02-19,Kolkata,Diesel,92.02
2026-02-19,Kolkata,Petrol,105.45
2026-02-19,Mumbai,Diesel,90.03
2026-02-19,Mumbai,Petrol,103.54
2026-02-20,Chennai,Diesel,92.39
2026-02-20,Chennai,Petrol,100.84
2026-02-20,Delhi,Diesel,87.67
2026-02-20,Delhi,Petrol,94.77
2026-02-20,Kolkata,Diesel,92.02
2026-02-20,Kolkata,Petrol,105.45
2026-02-20,Mumbai,Diesel,90.03
2026-02-20,Mumbai,Petrol,103.54
2026-02-21,Chennai,Diesel,92.39
2026-02-21,Chennai,Petrol,100.84
2026-02-21,Delhi,Diesel,87.67
2026-02-21,Delhi,Petrol,94.77
2026-02-21,Kolkata,Diesel,92.02
2026-02-21,Kolkata,Petrol,105.45
2026-02-21,Mumbai,Diesel,90.03
2026-02-21,Mumbai,Petrol,103.54
2026-02-22,Chennai,Diesel,92.39
2026-02-22,Chennai,Petrol,100.84
2026-02-22,Delhi,Diesel,87.67
2026-02-22,Delhi,Petrol,94.77
2026-02-22,Kolkata,Diesel,92.02
2026-02-22,Kolkata,Petrol,105.45
2026-02-22,Mumbai,Diesel,90.03
2026-02-22,Mumbai,Petrol,103.54
2026-02-23,Chennai,Diesel,92.39
2026-02-23,Chennai,Petrol,100.84
2026-02-23,Delhi,Diesel,87.67
2026-02-23,Delhi,Petrol,94.77
2026-02-23,Kolkata,Diesel,92.02
2026-02-23,Kolkata,Petrol,105.45
2026-02-23,Mumbai,Diesel,90.03
2026-02-23,Mumbai,Petrol,103.54
2026-02-24,Chennai,Diesel,92.39
2026-02-24,Chennai,Petrol,100.84
2026-02-24,Delhi,Diesel,87.67
2026-02-24,Delhi,Petrol,94.77
2026-02-24,Kolkata,Diesel,92.02
2026-02-24,Kolkata,Petrol,105.45
2026-02-24,Mumbai,Diesel,90.03
2026-02-24,Mumbai,Petrol,103.54
2026-02-25,Chennai,Diesel,92.39
2026-02-25,Chennai,Petrol,100.84
2026-02-25,Delhi,Diesel,87.67
2026-02-25,Delhi,Petrol,94.77
2026-02-25,Kolkata,Diesel,92.02
2026-02-25,Kolkata,Petrol,105.45
2026-02-25,Mumbai,Diesel,90.03
2026-02-25,Mumbai,Petrol,103.54
2026-02-26,Chennai,Diesel,92.39
2026-02-26,Chennai,Petrol,100.84
2026-02-26,Delhi,Diesel,87.67
2026-02-26,Delhi,Petrol,94.77
2026-02-26,Kolkata,Diesel,92.02
2026-02-26,Kolkata,Petrol,105.45
2026-02-26,Mumbai,Diesel,90.03
2026-02-26,Mumbai,Petrol,103.54
2026-02-27,Chennai,Diesel,92.39
2026-02-27,Chennai,Petrol,100.84
2026-02-27,Delhi,Diesel,87.67
2026-02-27,Delhi,Petrol,94.77
2026-02-27,Kolkata,Diesel,92.02
2026-02-27,Kolkata,Petrol,105.45
2026-02-27,Mumbai,Diesel,90.03
2026-02-27,Mumbai,Petrol,103.54
2026-02-28,Chennai,Diesel,92.39
2026-02-28,Chennai,Petrol,100.84
2026-02-28,Delhi,Diesel,87.67
2026-02-28,Delhi,Petrol,94.77
2026-02-28,Kolkata,Diesel,92.02
2026-02-28,Kolkata,Petrol,105.45
2026-02-28,Mumbai,Diesel,90.03
2026-02-28,Mumbai,Petrol,103.54
2026-03-01,Chennai,Diesel,92.39
2026-03-01,Chennai,Petrol,100.84
2026-03-01,Delhi,Diesel,87.67
2026-03-01,Delhi,Petrol,94.77
2026-03-01,Kolkata,Diesel,92.02
2026-03-01,Kolkata,Petrol,105.45
2026-03-01,Mumbai,Diesel,90.03
2026-03-01,Mumbai,Petrol,103.54
2026-03-02,Chennai,Diesel,92.39
2026-03-02,Chennai,Petrol,100.84
2026-03-02,Delhi,Diesel,87.67
2026-03-02,Delhi,Petrol,94.77
2026-03-02,Kolkata,Diesel,92.02
2026-03-02,Kolkata,Petrol,105.45
2026-03-02,Mumbai,Diesel,90.03
2026-03-02,Mumbai,Petrol,103.54
2026-03-03,Chennai,Diesel,92.39
2026-03-03,Chennai,Petrol,100.84
2026-03-03,Delhi,Diesel,87.67
2026-03-03,Delhi,Petrol,94.77
2026-03-03,Kolkata,Diesel,92.02
2026-03-03,Kolkata,Petrol,105.45
2026-03-03,Mumbai,Diesel,90.03
2026-03-03,Mumbai,Petrol,103.54
2026-03-04,Chennai,Diesel,92.39
2026-03-04,Chennai,Petrol,100.84
2026-03-04,Delhi,Diesel,87.67
2026-03-04,Delhi,Petrol,94.77
2026-03-04,Kolkata,Diesel,92.02
2026-03-04,Kolkata,Petrol,105.45
2026-03-04,Mumbai,Diesel,90.03
2026-03-04,Mumbai,Petrol,103.54
2026-03-05,Chennai,Diesel,92.39
2026-03-05,Chennai,Petrol,100.84
2026-03-05,Delhi,Diesel,87.67
2026-03-05,Delhi,Petrol,94.77
2026-03-05,Kolkata,Diesel,92.02
2026-03-05,Kolkata,Petrol,105.45
2026-03-05,Mumbai,Diesel,90.03
2026-03-05,Mumbai,Petrol,103.54
2026-03-06,Chennai,Diesel,92.39
2026-03-06,Chennai,Petrol,100.84
2026-03-06,Delhi,Diesel,87.67
2026-03-06,Delhi,Petrol,94.77
2026-03-06,Kolkata,Diesel,92.02
2026-03-06,Kolkata,Petrol,105.45
2026-03-06,Mumbai,Diesel,90.03
2026-03-06,Mumbai,Petrol,103.54
2026-03-07,Chennai,Diesel,92.39
2026-03-07,Chennai,Petrol,100.84
2026-03-07,Delhi,Diesel,87.67
2026-03-07,Delhi,Petrol,94.77
2026-03-07,Kolkata,Diesel,92.02
2026-03-07,Kolkata,Petrol,105.45
2026-03-07,Mumbai,Diesel,90.03
2026-03-07,Mumbai,Petrol,103.54
2026-03-08,Chennai,Diesel,92.39
2026-03-08,Chennai,Petrol,100.84
2026-03-08,Delhi,Diesel,87.67
2026-03-08,Delhi,Petrol,94.77
2026-03-08,Kolkata,Diesel,92.02
2026-03-08,Kolkata,Petrol,105.45
2026-03-08,Mumbai,Diesel,90.03
2026-03-08,Mumbai,Petrol,103.54
2026-03-09,Chennai,Diesel,92.39
2026-03-09,Chennai,Petrol,100.84
2026-03-09,Delhi,Diesel,87.67
2026-03-09,Delhi,Petrol,94.77
2026-03-09,Kolkata,Diesel,92.02
2026-03-09,Kolkata,Petrol,105.45
2026-03-09,Mumbai,Diesel,90.03
2026-03-09,Mumbai,Petrol,103.54
2026-03-10,Chennai,Diesel,92.39
2026-03-10,Chennai,Petrol,100.84
2026-03-10,Delhi,Diesel,87.67
2026-03-10,Delhi,Petrol,94.77
2026-03-10,Kolkata,Diesel,92.02
2026-03-10,Kolkata,Petrol,105.45
2026-03-10,Mumbai,Diesel,90.03
2026-03-10,Mumbai,Petrol,103.54
2026-03-11,Chennai,Diesel,92.39
2026-03-11,Chennai,Petrol,100.84
2026-03-11,Delhi,Diesel,87.67
2026-03-11,Delhi,Petrol,94.77
2026-03-11,Kolkata,Diesel,92.02
2026-03-11,Kolkata,Petrol,105.45
2026-03-11,Mumbai,Diesel,90.03
2026-03-11,Mumbai,Petrol,103.54
2026-03-12,Chennai,Diesel,92.39
2026-03-12,Chennai,Petrol,100.84
2026-03-12,Delhi,Diesel,87.67
2026-03-12,Delhi,Petrol,94.77
2026-03-12,Kolkata,Diesel,92.02
2026-03-12,Kolkata,Petrol,105.45
2026-03-12,Mumbai,Diesel,90.03
2026-03-12,Mumbai,Petrol,103.54
2026-03-13,Chennai,Diesel,92.39
2026-03-13,Chennai,Petrol,100.84
2026-03-13,Delhi,Diesel,87.67
2026-03-13,Delhi,Petrol,94.77
2026-03-13,Kolkata,Diesel,92.02
2026-03-13,Kolkata,Petrol,105.45
2026-03-13,Mumbai,Diesel,90.03
2026-03-13,Mumbai,Petrol,103.54
2026-03-14,Chennai,Diesel,92.39
2026-03-14,Chennai,Petrol,100.84
2026-03-14,Delhi,Diesel,87.67
2026-03-14,Delhi,Petrol,94.77
2026-03-14,Kolkata,Diesel,92.02
2026-03-14,Kolkata,Petrol,105.45
2026-03-14,Mumbai,Diesel,90.03
2026-03-14,Mumbai,Petrol,103.54
2026-03-15,Chennai,Diesel,92.39
2026-03-15,Chennai,Petrol,100.84
2026-03-15,Delhi,Diesel,87.67
2026-03-15,Delhi,Petrol,94.77
2026-03-15,Kolkata,Diesel,92.02
2026-03-15,Kolkata,Petrol,105.45
2026-03-15,Mumbai,Diesel,90.03
2026-03-15,Mumbai,Petrol,103.54
2026-03-16,Chennai,Diesel,92.39
2026-03-16,Chennai,Petrol,100.84
2026-03-16,Delhi,Diesel,87.67
2026-03-16,Delhi,Petrol,94.77
2026-03-16,Kolkata,Diesel,92.02
2026-03-16,Kolkata,Petrol,105.45
2026-03-16,Mumbai,Diesel,90.03
2026-03-16,Mumbai,Petrol,103.54
2026-03-17,Chennai,Diesel,92.39
2026-03-17,Chennai,Petrol,100.84
2026-03-17,Delhi,Diesel,87.67
2026-03-17,Delhi,Petrol,94.77
2026-03-17,Kolkata,Diesel,92.02
2026-03-17,Kolkata,Petrol,105.45
2026-03-17,Mumbai,Diesel,90.03
2026-03-17,Mumbai,Petrol,103.54
2026-03-18,Chennai,Diesel,92.39
2026-03-18,Chennai,Petrol,100.84
2026-03-18,Delhi,Diesel,87.67
2026-03-18,Delhi,Petrol,94.77
2026-03-18,Kolkata,Diesel,92.02
2026-03-18,Kolkata,Petrol,105.45
2026-03-18,Mumbai,Diesel,90.03
2026-03-18,Mumbai,Petrol,103.54
2026-03-19,Chennai,Diesel,92.39
2026-03-19,Chennai,Petrol,100.84
2026-03-19,Delhi,Diesel,87.67
2026-03-19,Delhi,Petrol,94.77
2026-03-19,Kolkata,Diesel,92.02
2026-03-19,Kolkata,Petrol,105.45
2026-03-19,Mumbai,Diesel,90.03
2026-03-19,Mumbai,Petrol,103.54
2026-03-20,Chennai,Diesel,92.39
2026-03-20,Chennai,Petrol,100.84
2026-03-20,Delhi,Diesel,87.67
2026-03-20,Delhi,Petrol,94.77
2026-03-20,Kolkata,Diesel,92.02
2026-03-20,Kolkata,Petrol,105.45
2026-03-20,Mumbai,Diesel,90.03
2026-03-20,Mumbai,Petrol,103.54
2026-03-21,Chennai,Diesel,92.39
2026-03-21,Chennai,Petrol,100.84
2026-03-21,Delhi,Diesel,87.67
2026-03-21,Delhi,Petrol,94.77
2026-03-21,Kolkata,Diesel,92.02
2026-03-21,Kolkata,Petrol,105.45
2026-03-21,Mumbai,Diesel,90.03
2026-03-21,Mumbai,Petrol,103.54
2026-03-22,Chennai,Diesel,92.39
2026-03-22,Chennai,Petrol,100.84
2026-03-22,Delhi,Diesel,87.67
2026-03-22,Delhi,Petrol,94.77
2026-03-22,Kolkata,Diesel,92.02
2026-03-22,Kolkata,Petrol,105.45
2026-03-22,Mumbai,Diesel,90.03
2026-03-22,Mumbai,Petrol,103.54
2026-03-23,Chennai,Diesel,92.39
2026-03-23,Chennai,Petrol,100.84
2026-03-23,Delhi,Diesel,87.67
2026-03-23,Delhi,Petrol,94.77
2026-03-23,Kolkata,Diesel,92.02
2026-03-23,Kolkata,Petrol,105.45
2026-03-23,Mumbai,Diesel,90.03
2026-03-23,Mumbai,Petrol,103.54
2026-03-24,Chennai,Diesel,92.39
2026-03-24,Chennai,Petrol,100.84
2026-03-24,Delhi,Diesel,87.67
2026-03-24,Delhi,Petrol,94.77
2026-03-24,Kolkata,Diesel,92.02
2026-03-24,Kolkata,Petrol,105.45
2026-03-24,Mumbai,Diesel,90.03
2026-03-24,Mumbai,Petrol,103.54
2026-03-25,Chennai,Diesel,92.39
2026-03-25,Chennai,Petrol,100.84
2026-03-25,Delhi,Diesel,87.67
2026-03-25,Delhi,Petrol,94.77
2026-03-25,Kolkata,Diesel,92.02
2026-03-25,Kolkata,Petrol,105.45
2026-03-25,Mumbai,Diesel,90.03
2026-03-25,Mumbai,Petrol,103.54
2026-03-26,Chennai,Diesel,92.39
2026-03-26,Chennai,Petrol,100.84
2026-03-26,Delhi,Diesel,87.67
2026-03-26,Delhi,Petrol,94.77
2026-03-26,Kolkata,Diesel,92.02
2026-03-26,Kolkata,Petrol,105.45
2026-03-26,Mumbai,Diesel,90.03
2026-03-26,Mumbai,Petrol,103.54
2026-03-27,Chennai,Diesel,92.39
2026-03-27,Chennai,Petrol,100.84
2026-03-27,Delhi,Diesel,87.67
2026-03-27,Delhi,Petrol,94.77
2026-03-27,Kolkata,Diesel,92.02
2026-03-27,Kolkata,Petrol,105.45
2026-03-27,Mumbai,Diesel,90.03
2026-03-27,Mumbai,Petrol,103.54
2026-03-28,Chennai,Diesel,92.39
2026-03-28,Chennai,Petrol,100.84
2026-03-28,Delhi,Diesel,87.67
2026-03-28,Delhi,Petrol,94.77
2026-03-28,Kolkata,Diesel,92.02
2026-03-28,Kolkata,Petrol,105.45
2026-03-28,Mumbai,Diesel,90.03
2026-03-28,Mumbai,Petrol,103.54
2026-03-29,Chennai,Diesel,92.39
2026-03-29,Chennai,Petrol,100.84
2026-03-29,Delhi,Diesel,87.67
2026-03-29,Delhi,Petrol,94.77
2026-03-29,Kolkata,Diesel,92.02
2026-03-29,Kolkata,Petrol,105.45
2026-03-29,Mumbai,Diesel,90.03
2026-03-29,Mumbai,Petrol,103.54
2026-03-30,Chennai,Diesel,92.39
2026-03-30,Chennai,Petrol,100.84
2026-03-30,Delhi,Diesel,87.67
2026-03-30,Delhi,Petrol,94.77
2026-03-30,Kolkata,Diesel,92.02
2026-03-30,Kolkata,Petrol,105.45
2026-03-30,Mumbai,Diesel,90.03
2026-03-30,Mumbai,Petrol,103.54
2026-03-31,Chennai,Diesel,92.39
2026-03-31,Chennai,Petrol,100.84
2026-03-31,Delhi,Diesel,87.67
2026-03-31,Delhi,Petrol,94.77
2026-03-31,Kolkata,Diesel,92.02
2026-03-31,Kolkata,Petrol,105.45
2026-03-31,Mumbai,Diesel,90.03
2026-03-31,Mumbai,Petrol,103.54
2026-04-01,Chennai,Diesel,92.39
2026-04-01,Chennai,Petrol,100.84
2026-04-01,Delhi,Diesel,87.67
2026-04-01,Delhi,Petrol,94.77
2026-04-01,Kolkata,Diesel,92.02
2026-04-01,Kolkata,Petrol,105.45
2026-04-01,Mumbai,Diesel,90.03
2026-04-01,Mumbai,Petrol,103.54
2026-04-02,Chennai,Diesel,92.39
2026-04-02,Chennai,Petrol,100.84
2026-04-02,Delhi,Diesel,87.67
2026-04-02,Delhi,Petrol,94.77
2026-04-02,Kolkata,Diesel,92.02
2026-04-02,Kolkata,Petrol,105.45
2026-04-02,Mumbai,Diesel,90.03
2026-04-02,Mumbai,Petrol,103.54
2026-04-03,Chennai,Diesel,92.39
2026-04-03,Chennai,Petrol,100.84
2026-04-03,Delhi,Diesel,87.67
2026-04-03,Delhi,Petrol,94.77
2026-04-03,Kolkata,Diesel,92.02
2026-04-03,Kolkata,Petrol,105.45
2026-04-03,Mumbai,Diesel,90.03
2026-04-03,Mumbai,Petrol,103.54
2026-04-04,Chennai,Diesel,92.39
2026-04-04,Chennai,Petrol,100.84
2026-04-04,Delhi,Diesel,87.67
2026-04-04,Delhi,Petrol,94.77
2026-04-04,Kolkata,Diesel,92.02
2026-04-04,Kolkata,Petrol,105.45
2026-04-04,Mumbai,Diesel,90.03
2026-04-04,Mumbai,Petrol,103.54
2026-04-05,Chennai,Diesel,92.39
2026-04-05,Chennai,Petrol,100.84
2026-04-05,Delhi,Diesel,87.67
2026-04-05,Delhi,Petrol,94.77
2026-04-05,Kolkata,Diesel,92.02
2026-04-05,Kolkata,Petrol,105.45
2026-04-05,Mumbai,Diesel,90.03
2026-04-05,Mumbai,Petrol,103.54
2026-04-06,Chennai,Diesel,92.39
2026-04-06,Chennai,Petrol,100.84
2026-04-06,Delhi,Diesel,87.67
2026-04-06,Delhi,Petrol,94.77
2026-04-06,Kolkata,Diesel,92.02
2026-04-06,Kolkata,Petrol,105.45
2026-04-06,Mumbai,Diesel,90.03
2026-04-06,Mumbai,Petrol,103.54
2026-04-07,Chennai,Diesel,92.39
2026-04-07,Chennai,Petrol,100.84
2026-04-07,Delhi,Diesel,87.67
2026-04-07,Delhi,Petrol,94.77
2026-04-07,Kolkata,Diesel,92.02
2026-04-07,Kolkata,Petrol,105.45
2026-04-07,Mumbai,Diesel,90.03
2026-04-07,Mumbai,Petrol,103.54
2026-04-08,Chennai,Diesel,92.39
2026-04-08,Chennai,Petrol,100.84
2026-04-08,Delhi,Diesel,87.67
2026-04-08,Delhi,Petrol,94.77
2026-04-08,Kolkata,Diesel,92.02
2026-04-08,Kolkata,Petrol,105.45
2026-04-08,Mumbai,Diesel,90.03
2026-04-08,Mumbai,Petrol,103.54
2026-04-09,Chennai,Diesel,92.39
2026-04-09,Chennai,Petrol,100.84
2026-04-09,Delhi,Diesel,87.67
2026-04-09,Delhi,Petrol,94.77
2026-04-09,Kolkata,Diesel,92.02
2026-04-09,Kolkata,Petrol,105.45
2026-04-09,Mumbai,Diesel,90.03
2026-04-09,Mumbai,Petrol,103.54
2026-04-10,Chennai,Diesel,92.39
2026-04-10,Chennai,Petrol,100.84
2026-04-10,Delhi,Diesel,87.67
2026-04-10,Delhi,Petrol,94.77
2026-04-10,Kolkata,Diesel,92.02
2026-04-10,Kolkata,Petrol,105.45
2026-04-10,Mumbai,Diesel,90.03
2026-04-10,Mumbai,Petrol,103.54
2026-04-11,Chennai,Diesel,92.39
2026-04-11,Chennai,Petrol,100.84
2026-04-11,Delhi,Diesel,87.67
2026-04-11,Delhi,Petrol,94.77
2026-04-11,Kolkata,Diesel,92.02
2026-04-11,Kolkata,Petrol,105.45
2026-04-11,Mumbai,Diesel,90.03
2026-04-11,Mumbai,Petrol,103.54
2026-04-12,Chennai,Diesel,92.39
2026-04-12,Chennai,Petrol,100.84
2026-04-12,Delhi,Diesel,87.67
2026-04-12,Delhi,Petrol,94.77
2026-04-12,Kolkata,Diesel,92.02
2026-04-12,Kolkata,Petrol,105.45
2026-04-12,Mumbai,Diesel,90.03
2026-04-12,Mumbai,Petrol,103.54
2026-04-13,Chennai,Diesel,92.39
2026-04-13,Chennai,Petrol,100.84
2026-04-13,Delhi,Diesel,87.67
2026-04-13,Delhi,Petrol,94.77
2026-04-13,Kolkata,Diesel,92.02
2026-04-13,Kolkata,Petrol,105.45
2026-04-13,Mumbai,Diesel,90.03
2026-04-13,Mumbai,Petrol,103.54
2026-04-14,Chennai,Diesel,92.39
2026-04-14,Chennai,Petrol,100.84
2026-04-14,Delhi,Diesel,87.67
2026-04-14,Delhi,Petrol,94.77
2026-04-14,Kolkata,Diesel,92.02
2026-04-14,Kolkata,Petrol,105.45
2026-04-14,Mumbai,Diesel,90.03
2026-04-14,Mumbai,Petrol,103.54
2026-04-15,Chennai,Diesel,92.39
2026-04-15,Chennai,Petrol,100.84
2026-04-15,Delhi,Diesel,87.67
2026-04-15,Delhi,Petrol,94.77
2026-04-15,Kolkata,Diesel,92.02
2026-04-15,Kolkata,Petrol,105.45
2026-04-15,Mumbai,Diesel,90.03
2026-04-15,Mumbai,Petrol,103.54
2026-04-16,Chennai,Diesel,92.39
2026-04-16,Chennai,Petrol,100.84
2026-04-16,Delhi,Diesel,87.67
2026-04-16,Delhi,Petrol,94.77
2026-04-16,Kolkata,Diesel,92.02
2026-04-16,Kolkata,Petrol,105.45
2026-04-16,Mumbai,Diesel,90.03
2026-04-16,Mumbai,Petrol,103.54
2026-04-17,Chennai,Diesel,92.39
2026-04-17,Chennai,Petrol,100.84
2026-04-17,Delhi,Diesel,87.67
2026-04-17,Delhi,Petrol,94.77
2026-04-17,Kolkata,Diesel,92.02
2026-04-17,Kolkata,Petrol,105.45
2026-04-17,Mumbai,Diesel,90.03
2026-04-17,Mumbai,Petrol,103.54
2026-04-18,Chennai,Diesel,92.39
2026-04-18,Chennai,Petrol,100.84
2026-04-18,Delhi,Diesel,87.67
2026-04-18,Delhi,Petrol,94.77
2026-04-18,Kolkata,Diesel,92.02
2026-04-18,Kolkata,Petrol,105.45
2026-04-18,Mumbai,Diesel,90.03
2026-04-18,Mumbai,Petrol,103.54
2026-04-19,Chennai,Diesel,92.39
2026-04-19,Chennai,Petrol,100.84
2026-04-19,Delhi,Diesel,87.67
2026-04-19,Delhi,Petrol,94.77
2026-04-19,Kolkata,Diesel,92.02
2026-04-19,Kolkata,Petrol,105.45
2026-04-19,Mumbai,Diesel,90.03
2026-04-19,Mumbai,Petrol,103.54
2026-04-20,Chennai,Diesel,92.39
2026-04-20,Chennai,Petrol,100.84
2026-04-20,Delhi,Diesel,87.67
2026-04-20,Delhi,Petrol,94.77
2026-04-20,Kolkata,Diesel,92.02
2026-04-20,Kolkata,Petrol,105.45
2026-04-20,Mumbai,Diesel,90.03
2026-04-20,Mumbai,Petrol,103.54
2026-04-21,Chennai,Diesel,92.39
2026-04-21,Chennai,Petrol,100.84
2026-04-21,Delhi,Diesel,87.67
2026-04-21,Delhi,Petrol,94.77
2026-04-21,Kolkata,Diesel,92.02
2026-04-21,Kolkata,Petrol,105.45
2026-04-21,Mumbai,Diesel,90.03
2026-04-21,Mumbai,Petrol,103.54
2026-04-22,Chennai,Diesel,92.39
2026-04-22,Chennai,Petrol,100.84
2026-04-22,Delhi,Diesel,87.67
2026-04-22,Delhi,Petrol,94.77
2026-04-22,Kolkata,Diesel,92.02
2026-04-22,Kolkata,Petrol,105.45
2026-04-22,Mumbai,Diesel,90.03
2026-04-22,Mumbai,Petrol,103.54
2026-04-23,Chennai,Diesel,92.39
2026-04-23,Chennai,Petrol,100.84
2026-04-23,Delhi,Diesel,87.67
2026-04-23,Delhi,Petrol,94.77
2026-04-23,Kolkata,Diesel,92.02
2026-04-23,Kolkata,Petrol,105.45
2026-04-23,Mumbai,Diesel,90.03
2026-04-23,Mumbai,Petrol,103.54
2026-04-24,Chennai,Diesel,92.39
2026-04-24,Chennai,Petrol,100.84
2026-04-24,Delhi,Diesel,87.67
2026-04-24,Delhi,Petrol,94.77
2026-04-24,Kolkata,Diesel,92.02
2026-04-24,Kolkata,Petrol,105.45
2026-04-24,Mumbai,Diesel,90.03
2026-04-24,Mumbai,Petrol,103.54
2026-04-25,Chennai,Diesel,92.39
2026-04-25,Chennai,Petrol,100.84
2026-04-25,Delhi,Diesel,87.67
2026-04-25,Delhi,Petrol,94.77
2026-04-25,Kolkata,Diesel,92.02
2026-04-25,Kolkata,Petrol,105.45
2026-04-25,Mumbai,Diesel,90.03
2026-04-25,Mumbai,Petrol,103.54
2026-04-26,Chennai,Diesel,92.39
2026-04-26,Chennai,Petrol,100.84
2026-04-26,Delhi,Diesel,87.67
2026-04-26,Delhi,Petrol,94.77
2026-04-26,Kolkata,Diesel,92.02
2026-04-26,Kolkata,Petrol,105.45
2026-04-26,Mumbai,Diesel,90.03
2026-04-26,Mumbai,Petrol,103.54
2026-04-27,Chennai,Diesel,92.39
2026-04-27,Chennai,Petrol,100.84
2026-04-27,Delhi,Diesel,87.67
2026-04-27,Delhi,Petrol,94.77
2026-04-27,Kolkata,Diesel,92.02
2026-04-27,Kolkata,Petrol,105.45
2026-04-27,Mumbai,Diesel,90.03
2026-04-27,Mumbai,Petrol,103.54
2026-04-28,Chennai,Diesel,92.39
2026-04-28,Chennai,Petrol,100.84
2026-04-28,Delhi,Diesel,87.67
2026-04-28,Delhi,Petrol,94.77
2026-04-28,Kolkata,Diesel,92.02
2026-04-28,Kolkata,Petrol,105.45
2026-04-28,Mumbai,Diesel,90.03
2026-04-28,Mumbai,Petrol,103.54
2026-04-29,Chennai,Diesel,92.39
2026-04-29,Chennai,Petrol,100.84
2026-04-29,Delhi,Diesel,87.67
2026-04-29,Delhi,Petrol,94.77
2026-04-29,Kolkata,Diesel,92.02
2026-04-29,Kolkata,Petrol,105.45
2026-04-29,Mumbai,Diesel,90.03
2026-04-29,Mumbai,Petrol,103.54
2026-04-30,Chennai,Diesel,92.39
2026-04-30,Chennai,Petrol,100.84
2026-04-30,Delhi,Diesel,87.67
2026-04-30,Delhi,Petrol,94.77
2026-04-30,Kolkata,Diesel,92.02
2026-04-30,Kolkata,Petrol,105.45
2026-04-30,Mumbai,Diesel,90.03
2026-04-30,Mumbai,Petrol,103.54
2026-05-01,Chennai,Diesel,92.39
2026-05-01,Chennai,Petrol,100.84
2026-05-01,Delhi,Diesel,87.67
2026-05-01,Delhi,Petrol,94.77
2026-05-01,Kolkata,Diesel,92.02
2026-05-01,Kolkata,Petrol,105.45
2026-05-01,Mumbai,Diesel,90.03
2026-05-01,Mumbai,Petrol,103.54
2026-05-02,Chennai,Diesel,92.39
2026-05-02,Chennai,Petrol,100.84
2026-05-02,Delhi,Diesel,87.67
2026-05-02,Delhi,Petrol,94.77
2026-05-02,Kolkata,Diesel,92.02
2026-05-02,Kolkata,Petrol,105.45
2026-05-02,Mumbai,Diesel,90.03
2026-05-02,Mumbai,Petrol,103.54
2026-05-03,Chennai,Diesel,92.39
2026-05-03,Chennai,Petrol,100.84
2026-05-03,Delhi,Diesel,87.67
2026-05-03,Delhi,Petrol,94.77
2026-05-03,Kolkata,Diesel,92.02
2026-05-03,Kolkata,Petrol,105.45
2026-05-03,Mumbai,Diesel,90.03
2026-05-03,Mumbai,Petrol,103.54
2026-05-04,Chennai,Diesel,92.39
2026-05-04,Chennai,Petrol,100.84
2026-05-04,Delhi,Diesel,87.67
2026-05-04,Delhi,Petrol,94.77
2026-05-04,Kolkata,Diesel,92.02
2026-05-04,Kolkata,Petrol,105.45
2026-05-04,Mumbai,Diesel,90.03
2026-05-04,Mumbai,Petrol,103.54
2026-05-05,Chennai,Diesel,92.39
2026-05-05,Chennai,Petrol,100.84
2026-05-05,Delhi,Diesel,87.67
2026-05-05,Delhi,Petrol,94.77
2026-05-05,Kolkata,Diesel,92.02
2026-05-05,Kolkata,Petrol,105.45
2026-05-05,Mumbai,Diesel,90.03
2026-05-05,Mumbai,Petrol,103.54
2026-05-06,Chennai,Diesel,92.39
2026-05-06,Chennai,Petrol,100.84
2026-05-06,Delhi,Diesel,87.67
2026-05-06,Delhi,Petrol,94.77
2026-05-06,Kolkata,Diesel,92.02
2026-05-06,Kolkata,Petrol,105.45
2026-05-06,Mumbai,Diesel,90.03
2026-05-06,Mumbai,Petrol,103.54
2026-05-07,Chennai,Diesel,92.39
2026-05-07,Chennai,Petrol,100.84
2026-05-07,Delhi,Diesel,87.67
2026-05-07,Delhi,Petrol,94.77
2026-05-07,Kolkata,Diesel,92.02
2026-05-07,Kolkata,Petrol,105.45
2026-05-07,Mumbai,Diesel,90.03
2026-05-07,Mumbai,Petrol,103.54
2026-05-08,Chennai,Diesel,92.39
2026-05-08,Chennai,Petrol,100.84
2026-05-08,Delhi,Diesel,87.67
2026-05-08,Delhi,Petrol,94.77
2026-05-08,Kolkata,Diesel,92.02
2026-05-08,Kolkata,Petrol,105.45
2026-05-08,Mumbai,Diesel,90.03
2026-05-08,Mumbai,Petrol,103.54
2026-05-09,Chennai,Diesel,92.39
2026-05-09,Chennai,Petrol,100.84
2026-05-09,Delhi,Diesel,87.67
2026-05-09,Delhi,Petrol,94.77
2026-05-09,Kolkata,Diesel,92.02
2026-05-09,Kolkata,Petrol,105.45
2026-05-09,Mumbai,Diesel,90.03
2026-05-09,Mumbai,Petrol,103.54
2026-05-10,Chennai,Diesel,92.39
2026-05-10,Chennai,Petrol,100.84
2026-05-10,Delhi,Diesel,87.67
2026-05-10,Delhi,Petrol,94.77
2026-05-10,Kolkata,Diesel,92.02
2026-05-10,Kolkata,Petrol,105.45
2026-05-10,Mumbai,Diesel,90.03
2026-05-10,Mumbai,Petrol,103.54
2026-05-11,Chennai,Diesel,92.39
2026-05-11,Chennai,Petrol,100.84
2026-05-11,Delhi,Diesel,87.67
2026-05-11,Delhi,Petrol,94.77
2026-05-11,Kolkata,Diesel,92.02
2026-05-11,Kolkata,Petrol,105.45
2026-05-11,Mumbai,Diesel,90.03
2026-05-11,Mumbai,Petrol,103.54
2026-05-12,Chennai,Diesel,92.39
2026-05-12,Chennai,Petrol,100.84
2026-05-12,Delhi,Diesel,87.67
2026-05-12,Delhi,Petrol,94.77
2026-05-12,Kolkata,Diesel,92.02
2026-05-12,Kolkata,Petrol,105.45
2026-05-12,Mumbai,Diesel,90.03
2026-05-12,Mumbai,Petrol,103.54
2026-05-13,Chennai,Diesel,92.39
2026-05-13,Chennai,Petrol,100.84
2026-05-13,Delhi,Diesel,87.67
2026-05-13,Delhi,Petrol,94.77
2026-05-13,Kolkata,Diesel,92.02
2026-05-13,Kolkata,Petrol,105.45
2026-05-13,Mumbai,Diesel,90.03
2026-05-13,Mumbai,Petrol,103.54
2026-05-14,Chennai,Diesel,92.39
2026-05-14,Chennai,Petrol,100.84
2026-05-14,Delhi,Diesel,87.67
2026-05-14,Delhi,Petrol,94.77
2026-05-14,Kolkata,Diesel,92.02
2026-05-14,Kolkata,Petrol,105.45
2026-05-14,Mumbai,Diesel,90.03
2026-05-14,Mumbai,Petrol,103.54
2026-05-15,Chennai,Diesel,95.25
2026-05-15,Chennai,Petrol,103.67
2026-05-15,Delhi,Diesel,90.67
2026-05-15,Delhi,Petrol,97.77
2026-05-15,Kolkata,Diesel,95.13
2026-05-15,Kolkata,Petrol,108.74
2026-05-15,Mumbai,Diesel,93.14
2026-05-15,Mumbai,Petrol,106.68
2026-05-16,Chennai,Diesel,95.25
2026-05-16,Chennai,Petrol,103.67
2026-05-16,Delhi,Diesel,90.67
2026-05-16,Delhi,Petrol,97.77
2026-05-16,Kolkata,Diesel,95.13
2026-05-16,Kolkata,Petrol,108.74
2026-05-16,Mumbai,Diesel,93.14
2026-05-16,Mumbai,Petrol,106.68
2026-05-17,Chennai,Diesel,95.25
2026-05-17,Chennai,Petrol,103.67
2026-05-17,Delhi,Diesel,90.67
2026-05-17,Delhi,Petrol,97.77
2026-05-17,Kolkata,Diesel,95.13
2026-05-17,Kolkata,Petrol,108.74
2026-05-17,Mumbai,Diesel,93.14
2026-05-17,Mumbai,Petrol,106.68
2026-05-18,Chennai,Diesel,95.25
2026-05-18,Chennai,Petrol,103.67
2026-05-18,Delhi,Diesel,90.67
2026-05-18,Delhi,Petrol,97.77
2026-05-18,Kolkata,Diesel,95.13
2026-05-18,Kolkata,Petrol,108.74
2026-05-18,Mumbai,Diesel,93.14
2026-05-18,Mumbai,Petrol,106.68
2026-05-19,Chennai,Diesel,96.11
2026-05-19,Chennai,Petrol,104.49
2026-05-19,Delhi,Diesel,91.58
2026-05-19,Delhi,Petrol,98.64
2026-05-19,Kolkata,Diesel,96.07
2026-05-19,Kolkata,Petrol,109.7
2026-05-19,Mumbai,Diesel,94.08
2026-05-19,Mumbai,Petrol,107.59
2026-05-20,Chennai,Diesel,96.11
2026-05-20,Chennai,Petrol,104.49
2026-05-20,Delhi,Diesel,91.58
2026-05-20,Delhi,Petrol,98.64
2026-05-20,Kolkata,Diesel,96.07
2026-05-20,Kolkata,Petrol,109.7
2026-05-20,Mumbai,Diesel,94.08
2026-05-20,Mumbai,Petrol,107.59
2026-05-21,Chennai,Diesel,96.11
2026-05-21,Chennai,Petrol,104.49
2026-05-21,Delhi,Diesel,91.58
2026-05-21,Delhi,Petrol,98.64
2026-05-21,Kolkata,Diesel,96.07
2026-05-21,Kolkata,Petrol,109.7
2026-05-21,Mumbai,Diesel,94.08
2026-05-21,Mumbai,Petrol,107.59
2026-05-22,Chennai,Diesel,96.11
2026-05-22,Chennai,Petrol,104.49
2026-05-22,Delhi,Diesel,91.58
2026-05-22,Delhi,Petrol,98.64
2026-05-22,Kolkata,Diesel,96.07
2026-05-22,Kolkata,Petrol,109.7
2026-05-22,Mumbai,Diesel,94.08
2026-05-22,Mumbai,Petrol,107.59
2026-05-23,Chennai,Diesel,96.98
2026-05-23,Chennai,Petrol,105.31
2026-05-23,Delhi,Diesel,92.49
2026-05-23,Delhi,Petrol,99.51
2026-05-23,Kolkata,Diesel,97.02
2026-05-23,Kolkata,Petrol,110.64
2026-05-23,Mumbai,Diesel,95.02
2026-05-23,Mumbai,Petrol,108.49
2026-05-24,Chennai,Diesel,96.98
2026-05-24,Chennai,Petrol,105.31
2026-05-24,Delhi,Diesel,92.49
2026-05-24,Delhi,Petrol,99.51
2026-05-24,Kolkata,Diesel,97.02
2026-05-24,Kolkata,Petrol,110.64
2026-05-24,Mumbai,Diesel,95.02
2026-05-24,Mumbai,Petrol,108.49
2026-05-25,Chennai,Diesel,99.55
2026-05-25,Chennai,Petrol,107.77
2026-05-25,Delhi,Diesel,95.2
2026-05-25,Delhi,Petrol,102.12
2026-05-25,Kolkata,Diesel,99.82
2026-05-25,Kolkata,Petrol,113.51
2026-05-25,Mumbai,Diesel,97.83
2026-05-25,Mumbai,Petrol,111.21
2026-05-26,Chennai,Diesel,99.55
2026-05-26,Chennai,Petrol,107.77
2026-05-26,Delhi,Diesel,95.2
2026-05-26,Delhi,Petrol,102.12
2026-05-26,Kolkata,Diesel,99.82
2026-05-26,Kolkata,Petrol,113.51
2026-05-26,Mumbai,Diesel,97.83
2026-05-26,Mumbai,Petrol,111.21
2026-05-27,Chennai,Diesel,99.55
2026-05-27,Chennai,Petrol,107.77
2026-05-27,Delhi,Diesel,95.2
2026-05-27,Delhi,Petrol,102.12
2026-05-27,Kolkata,Diesel,99.82
2026-05-27,Kolkata,Petrol,113.51
2026-05-27,Mumbai,Diesel,97.83
2026-05-27,Mumbai,Petrol,111.21
2026-05-28,Chennai,Diesel,99.55
2026-05-28,Chennai,Petrol,107.77
2026-05-28,Delhi,Diesel,95.2
2026-05-28,Delhi,Petrol,102.12
2026-05-28,Kolkata,Diesel,99.82
2026-05-28,Kolkata,Petrol,113.51
2026-05-28,Mumbai,Diesel,97.83
2026-05-28,Mumbai,Petrol,111.21
2026-05-29,Chennai,Diesel,99.55
2026-05-29,Chennai,Petrol,107.77
2026-05-29,Delhi,Diesel,95.2
2026-05-29,Delhi,Petrol,102.12
2026-05-29,Kolkata,Diesel,99.82
2026-05-29,Kolkata,Petrol,113.51
2026-05-29,Mumbai,Diesel,97.83
2026-05-29,Mumbai,Petrol,111.21
2026-05-30,Chennai,Diesel,99.55
2026-05-30,Chennai,Petrol,107.77
2026-05-30,Delhi,Diesel,95.2
2026-05-30,Delhi,Petrol,102.12
2026-05-30,Kolkata,Diesel,99.82
2026-05-30,Kolkata,Petrol,113.51
2026-05-30,Mumbai,Diesel,97.83
2026-05-30,Mumbai,Petrol,111.21
2026-05-31,Chennai,Diesel,99.55
2026-05-31,Chennai,Petrol,107.77
2026-05-31,Delhi,Diesel,95.2
2026-05-31,Delhi,Petrol,102.12
2026-05-31,Kolkata,Diesel,99.82
2026-05-31,Kolkata,Petrol,113.51
2026-05-31,Mumbai,Diesel,97.83
2026-05-31,Mumbai,Petrol,111.21
2026-06-01,Chennai,Diesel,99.55
2026-06-01,Chennai,Petrol,107.77
2026-06-01,Delhi,Diesel,95.2
2026-06-01,Delhi,Petrol,102.12
2026-06-01,Kolkata,Diesel,99.82
2026-06-01,Kolkata,Petrol,113.51
2026-06-01,Mumbai,Diesel,97.83
2026-06-01,Mumbai,Petrol,111.21
2026-06-02,Chennai,Diesel,99.55
2026-06-02,Chennai,Petrol,107.77
2026-06-02,Delhi,Diesel,95.2
2026-06-02,Delhi,Petrol,102.12
2026-06-02,Kolkata,Diesel,99.82
2026-06-02,Kolkata,Petrol,113.51
2026-06-02,Mumbai,Diesel,97.83
2026-06-02,Mumbai,Petrol,111.21
2026-06-03,Chennai,Diesel,99.55
2026-06-03,Chennai,Petrol,107.77
2026-06-03,Delhi,Diesel,95.2
2026-06-03,Delhi,Petrol,102.12
2026-06-03,Kolkata,Diesel,99.82
2026-06-03,Kolkata,Petrol,113.51
2026-06-03,Mumbai,Diesel,97.83
2026-06-03,Mumbai,Petrol,111.21
2026-06-04,Chennai,Diesel,99.55
2026-06-04,Chennai,Petrol,107.77
2026-06-04,Delhi,Diesel,95.2
2026-06-04,Delhi,Petrol,102.12
2026-06-04,Kolkata,Diesel,99.82
2026-06-04,Kolkata,Petrol,113.51
2026-06-04,Mumbai,Diesel,97.83
2026-06-04,Mumbai,Petrol,111.21
2026-06-05,Chennai,Diesel,99.55
2026-06-05,Chennai,Petrol,107.77
2026-06-05,Delhi,Diesel,95.2
2026-06-05,Delhi,Petrol,102.12
2026-06-05,Kolkata,Diesel,99.82
2026-06-05,Kolkata,Petrol,113.51
2026-06-05,Mumbai,Diesel,97.83
2026-06-05,Mumbai,Petrol,111.21
2026-06-06,Chennai,Diesel,99.55
2026-06-06,Chennai,Petrol,107.77
2026-06-06,Delhi,Diesel,95.2
2026-06-06,Delhi,Petrol,102.12
2026-06-06,Kolkata,Diesel,99.82
2026-06-06,Kolkata,Petrol,113.51
2026-06-06,Mumbai,Diesel,97.83
2026-06-06,Mumbai,Petrol,111.21
2026-06-07,Chennai,Diesel,99.55
2026-06-07,Chennai,Petrol,107.77
2026-06-07,Delhi,Diesel,95.2
2026-06-07,Delhi,Petrol,102.12
2026-06-07,Kolkata,Diesel,99.82
2026-06-07,Kolkata,Petrol,113.51
2026-06-07,Mumbai,Diesel,97.83
2026-06-07,Mumbai,Petrol,111.21
2026-06-08,Chennai,Diesel,99.55
2026-06-08,Chennai,Petrol,107.77
2026-06-08,Delhi,Diesel,95.2
2026-06-08,Delhi,Petrol,102.12
2026-06-08,Kolkata,Diesel,99.82
2026-06-08,Kolkata,Petrol,113.51
2026-06-08,Mumbai,Diesel,97.83
2026-06-08,Mumbai,Petrol,111.21
2026-06-09,Chennai,Diesel,99.55
2026-06-09,Chennai,Petrol,107.77
2026-06-09,Delhi,Diesel,95.2
2026-06-09,Delhi,Petrol,102.12
2026-06-09,Kolkata,Diesel,99.82
2026-06-09,Kolkata,Petrol,113.51
2026-06-09,Mumbai,Diesel,97.83
2026-06-09,Mumbai,Petrol,111.21
2026-06-10,Chennai,Diesel,99.55
2026-06-10,Chennai,Petrol,107.77
2026-06-10,Delhi,Diesel,95.2
2026-06-10,Delhi,Petrol,102.12
2026-06-10,Kolkata,Diesel,99.82
2026-06-10,Kolkata,Petrol,113.51
2026-06-10,Mumbai,Diesel,97.83
2026-06-10,Mumbai,Petrol,111.21
2026-06-11,Chennai,Diesel,99.55
2026-06-11,Chennai,Petrol,107.77
2026-06-11,Delhi,Diesel,95.2
2026-06-11,Delhi,Petrol,102.12
2026-06-11,Kolkata,Diesel,99.82
2026-06-11,Kolkata,Petrol,113.51
2026-06-11,Mumbai,Diesel,97.83
2026-06-11,Mumbai,Petrol,111.21
2026-06-12,Chennai,Diesel,99.55
2026-06-12,Chennai,Petrol,107.77
2026-06-12,Delhi,Diesel,95.2
2026-06-12,Delhi,Petrol,102.12
2026-06-12,Kolkata,Diesel,99.82
2026-06-12,Kolkata,Petrol,113.51
2026-06-12,Mumbai,Diesel,97.83
2026-06-12,Mumbai,Petrol,111.21
2026-06-13,Chennai,Diesel,99.55
2026-06-13,Chennai,Petrol,107.77
2026-06-13,Delhi,Diesel,95.2
2026-06-13,Delhi,Petrol,102.12
2026-06-13,Kolkata,Diesel,99.82
2026-06-13,Kolkata,Petrol,113.51
2026-06-13,Mumbai,Diesel,97.83
2026-06-13,Mumbai,Petrol,111.21
2026-06-14,Chennai,Diesel,99.55
2026-06-14,Chennai,Petrol,107.77
2026-06-14,Delhi,Diesel,95.2
2026-06-14,Delhi,Petrol,102.12
2026-06-14,Kolkata,Diesel,99.82
2026-06-14,Kolkata,Petrol,113.51
2026-06-14,Mumbai,Diesel,97.83
2026-06-14,Mumbai,Petrol,111.21
2026-06-15,Chennai,Diesel,99.55
2026-06-15,Chennai,Petrol,107.77
2026-06-15,Delhi,Diesel,95.2
2026-06-15,Delhi,Petrol,102.12
2026-06-15,Kolkata,Diesel,99.82
2026-06-15,Kolkata,Petrol,113.51
2026-06-15,Mumbai,Diesel,97.83
2026-06-15,Mumbai,Petrol,111.21
2026-06-16,Chennai,Diesel,99.55
2026-06-16,Chennai,Petrol,107.77
2026-06-16,Delhi,Diesel,95.2
2026-06-16,Delhi,Petrol,102.12
2026-06-16,Kolkata,Diesel,99.82
2026-06-16,Kolkata,Petrol,113.51
2026-06-16,Mumbai,Diesel,97.83
2026-06-16,Mumbai,Petrol,111.21
2026-06-17,Chennai,Diesel,99.55
2026-06-17,Chennai,Petrol,107.77
2026-06-17,Delhi,Diesel,95.2
2026-06-17,Delhi,Petrol,102.12
2026-06-17,Kolkata,Diesel,99.82
2026-06-17,Kolkata,Petrol,113.51
2026-06-17,Mumbai,Diesel,97.83
2026-06-17,Mumbai,Petrol,111.21
2026-06-18,Chennai,Diesel,99.55
2026-06-18,Chennai,Petrol,107.77
2026-06-18,Delhi,Diesel,95.2
2026-06-18,Delhi,Petrol,102.12
2026-06-18,Kolkata,Diesel,99.82
2026-06-18,Kolkata,Petrol,113.51
2026-06-18,Mumbai,Diesel,97.83
2026-06-18,Mumbai,Petrol,111.21
2026-06-19,Chennai,Diesel,99.55
2026-06-19,Chennai,Petrol,107.77
2026-06-19,Delhi,Diesel,95.2
2026-06-19,Delhi,Petrol,102.12
2026-06-19,Kolkata,Diesel,99.82
2026-06-19,Kolkata,Petrol,113.51
2026-06-19,Mumbai,Diesel,97.83
2026-06-19,Mumbai,Petrol,111.21
2026-06-20,Chennai,Diesel,99.55
2026-06-20,Chennai,Petrol,107.77
2026-06-20,Delhi,Diesel,95.2
2026-06-20,Delhi,Petrol,102.12
2026-06-20,Kolkata,Diesel,99.82
2026-06-20,Kolkata,Petrol,113.51
2026-06-20,Mumbai,Diesel,97.83
2026-06-20,Mumbai,Petrol,111.21
2026-06-21,Chennai,Diesel,99.55
2026-06-21,Chennai,Petrol,107.77
2026-06-21,Delhi,Diesel,95.2
2026-06-21,Delhi,Petrol,102.12
2026-06-21,Kolkata,Diesel,99.82
2026-06-21,Kolkata,Petrol,113.51
2026-06-21,Mumbai,Diesel,97.83
2026-06-21,Mumbai,Petrol,111.21
2026-06-22,Chennai,Diesel,99.55
2026-06-22,Chennai,Petrol,107.77
2026-06-22,Delhi,Diesel,95.2
2026-06-22,Delhi,Petrol,102.12
2026-06-22,Kolkata,Diesel,99.82
2026-06-22,Kolkata,Petrol,113.51
2026-06-22,Mumbai,Diesel,97.83
2026-06-22,Mumbai,Petrol,111.21
2026-06-23,Chennai,Diesel,99.55
2026-06-23,Chennai,Petrol,107.77
2026-06-23,Delhi,Diesel,95.2
2026-06-23,Delhi,Petrol,102.12
2026-06-23,Kolkata,Diesel,99.82
2026-06-23,Kolkata,Petrol,113.51
2026-06-23,Mumbai,Diesel,97.83
2026-06-23,Mumbai,Petrol,111.21
2026-06-24,Chennai,Diesel,99.55
2026-06-24,Chennai,Petrol,107.77
2026-06-24,Delhi,Diesel,95.2
2026-06-24,Delhi,Petrol,102.12
2026-06-24,Kolkata,Diesel,99.82
2026-06-24,Kolkata,Petrol,113.51
2026-06-24,Mumbai,Diesel,97.83
2026-06-24,Mumbai,Petrol,111.21
2026-06-25,Chennai,Diesel,99.55
2026-06-25,Chennai,Petrol,107.77
2026-06-25,Delhi,Diesel,95.2
2026-06-25,Delhi,Petrol,102.12
2026-06-25,Kolkata,Diesel,99.82
2026-06-25,Kolkata,Petrol,113.51
2026-06-25,Mumbai,Diesel,97.83
2026-06-25,Mumbai,Petrol,111.21
2026-06-26,Chennai,Diesel,99.55
2026-06-26,Chennai,Petrol,107.77
2026-06-26,Delhi,Diesel,95.2
2026-06-26,Delhi,Petrol,102.12
2026-06-26,Kolkata,Diesel,99.82
2026-06-26,Kolkata,Petrol,113.51
2026-06-26,Mumbai,Diesel,97.83
2026-06-26,Mumbai,Petrol,111.21
2026-06-27,Chennai,Diesel,99.55
2026-06-27,Chennai,Petrol,107.77
2026-06-27,Delhi,Diesel,95.2
2026-06-27,Delhi,Petrol,102.12
2026-06-27,Kolkata,Diesel,99.82
2026-06-27,Kolkata,Petrol,113.51
2026-06-27,Mumbai,Diesel,97.83
2026-06-27,Mumbai,Petrol,111.21
2026-06-28,Chennai,Diesel,99.55
2026-06-28,Chennai,Petrol,107.77
2026-06-28,Delhi,Diesel,95.2
2026-06-28,Delhi,Petrol,102.12
2026-06-28,Kolkata,Diesel,99.82
2026-06-28,Kolkata,Petrol,113.51
2026-06-28,Mumbai,Diesel,97.83
2026-06-28,Mumbai,Petrol,111.21
2026-06-29,Chennai,Diesel,99.55
2026-06-29,Chennai,Petrol,107.77
2026-06-29,Delhi,Diesel,95.2
2026-06-29,Delhi,Petrol,102.12
2026-06-29,Kolkata,Diesel,99.82
2026-06-29,Kolkata,Petrol,113.51
2026-06-29,Mumbai,Diesel,97.83
2026-06-29,Mumbai,Petrol,111.21
2026-06-30,Chennai,Diesel,99.55
2026-06-30,Chennai,Petrol,107.77
2026-06-30,Delhi,Diesel,95.2
2026-06-30,Delhi,Petrol,102.12
2026-06-30,Kolkata,Diesel,99.82
2026-06-30,Kolkata,Petrol,113.51
2026-06-30,Mumbai,Diesel,97.83
2026-06-30,Mumbai,Petrol,111.21
2026-07-01,Chennai,Diesel,99.55
2026-07-01,Chennai,Petrol,107.77
2026-07-01,Delhi,Diesel,95.2
2026-07-01,Delhi,Petrol,102.12
2026-07-01,Kolkata,Diesel,99.82
2026-07-01,Kolkata,Petrol,113.51
2026-07-01,Mumbai,Diesel,97.83
2026-07-01,Mumbai,Petrol,111.21
2026-07-02,Chennai,Diesel,99.55
2026-07-02,Chennai,Petrol,107.77
2026-07-02,Delhi,Diesel,95.2
2026-07-02,Delhi,Petrol,102.12
2026-07-02,Kolkata,Diesel,99.82
2026-07-02,Kolkata,Petrol,113.51
2026-07-02,Mumbai,Diesel,97.83
2026-07-02,Mumbai,Petrol,111.21
2026-07-03,Chennai,Diesel,99.55
2026-07-03,Chennai,Petrol,107.77
2026-07-03,Delhi,Diesel,95.2
2026-07-03,Delhi,Petrol,102.12
2026-07-03,Kolkata,Diesel,99.82
2026-07-03,Kolkata,Petrol,113.51
2026-07-03,Mumbai,Diesel,97.83
2026-07-03,Mumbai,Petrol,111.21
2026-07-04,Chennai,Diesel,99.55
2026-07-04,Chennai,Petrol,107.77
2026-07-04,Delhi,Diesel,95.2
2026-07-04,Delhi,Petrol,102.12
2026-07-04,Kolkata,Diesel,99.82
2026-07-04,Kolkata,Petrol,113.51
2026-07-04,Mumbai,Diesel,97.83
2026-07-04,Mumbai,Petrol,111.21
2026-07-05,Chennai,Diesel,99.55
2026-07-05,Chennai,Petrol,107.77
2026-07-05,Delhi,Diesel,95.2
2026-07-05,Delhi,Petrol,102.12
2026-07-05,Kolkata,Diesel,99.82
2026-07-05,Kolkata,Petrol,113.51
2026-07-05,Mumbai,Diesel,97.83
2026-07-05,Mumbai,Petrol,111.21
2026-07-06,Chennai,Diesel,99.55
2026-07-06,Chennai,Petrol,107.77
2026-07-06,Delhi,Diesel,95.2
2026-07-06,Delhi,Petrol,102.12
2026-07-06,Kolkata,Diesel,99.82
2026-07-06,Kolkata,Petrol,113.51
2026-07-06,Mumbai,Diesel,97.83
2026-07-06,Mumbai,Petrol,111.21
2026-07-07,Chennai,Diesel,99.55
2026-07-07,Chennai,Petrol,107.77
2026-07-07,Delhi,Diesel,95.2
2026-07-07,Delhi,Petrol,102.12
2026-07-07,Kolkata,Diesel,99.82
2026-07-07,Kolkata,Petrol,113.51
2026-07-07,Mumbai,Diesel,97.83
2026-07-07,Mumbai,Petrol,111.21
2026-07-08,Chennai,Diesel,99.55
2026-07-08,Chennai,Petrol,107.77
2026-07-08,Delhi,Diesel,95.2
2026-07-08,Delhi,Petrol,102.12
2026-07-08,Kolkata,Diesel,99.82
2026-07-08,Kolkata,Petrol,113.51
2026-07-08,Mumbai,Diesel,97.83
2026-07-08,Mumbai,Petrol,111.21
2026-07-09,Chennai,Diesel,99.55
2026-07-09,Chennai,Petrol,107.77
2026-07-09,Delhi,Diesel,95.2
2026-07-09,Delhi,Petrol,102.12
2026-07-09,Kolkata,Diesel,99.82
2026-07-09,Kolkata,Petrol,113.51
2026-07-09,Mumbai,Diesel,97.83
2026-07-09,Mumbai,Petrol,111.21
2026-07-10,Chennai,Diesel,99.55
2026-07-10,Chennai,Petrol,107.77
2026-07-10,Delhi,Diesel,95.2
2026-07-10,Delhi,Petrol,102.12
2026-07-10,Kolkata,Diesel,99.82
2026-07-10,Kolkata,Petrol,113.51
2026-07-10,Mumbai,Diesel,97.83
2026-07-10,Mumbai,Petrol,111.21
2026-07-11,Chennai,Diesel,99.55
2026-07-11,Chennai,Petrol,107.77
2026-07-11,Delhi,Diesel,95.2
2026-07-11,Delhi,Petrol,102.12
2026-07-11,Kolkata,Diesel,99.82
2026-07-11,Kolkata,Petrol,113.51
2026-07-11,Mumbai,Diesel,97.83
2026-07-11,Mumbai,Petrol,111.21
2026-07-12,Chennai,Diesel,99.55
2026-07-12,Chennai,Petrol,107.77
2026-07-12,Delhi,Diesel,95.2
2026-07-12,Delhi,Petrol,102.12
2026-07-12,Kolkata,Diesel,99.82
2026-07-12,Kolkata,Petrol,113.51
2026-07-12,Mumbai,Diesel,97.83
2026-07-12,Mumbai,Petrol,111.21
2026-07-13,Chennai,Diesel,99.55
2026-07-13,Chennai,Petrol,107.77
2026-07-13,Delhi,Diesel,95.2
2026-07-13,Delhi,Petrol,102.12
2026-07-13,Kolkata,Diesel,99.82
2026-07-13,Kolkata,Petrol,113.51
2026-07-13,Mumbai,Diesel,97.83
2026-07-13,Mumbai,Petrol,111.21
2026-07-14,Chennai,Diesel,99.55
2026-07-14,Chennai,Petrol,107.77
2026-07-14,Delhi,Diesel,95.2
2026-07-14,Delhi,Petrol,102.12
2026-07-14,Kolkata,Diesel,99.82
2026-07-14,Kolkata,Petrol,113.51
2026-07-14,Mumbai,Diesel,97.83
2026-07-14,Mumbai,Petrol,111.21
2026-07-15,Chennai,Diesel,99.55
2026-07-15,Chennai,Petrol,107.77
2026-07-15,Delhi,Diesel,95.2
2026-07-15,Delhi,Petrol,102.12
2026-07-15,Kolkata,Diesel,99.82
2026-07-15,Kolkata,Petrol,113.51
2026-07-15,Mumbai,Diesel,97.83
2026-07-15,Mumbai,Petrol,111.21
2026-07-16,Chennai,Diesel,99.55
2026-07-16,Chennai,Petrol,107.77
2026-07-16,Delhi,Diesel,95.2
2026-07-16,Delhi,Petrol,102.12
2026-07-16,Kolkata,Diesel,99.82
2026-07-16,Kolkata,Petrol,113.51
2026-07-16,Mumbai,Diesel,97.83
2026-07-16,Mumbai,Petrol,111.21
2026-07-17,Chennai,Diesel,99.55
2026-07-17,Chennai,Petrol,107.77
2026-07-17,Delhi,Diesel,95.2
2026-07-17,Delhi,Petrol,102.12
2026-07-17,Kolkata,Diesel,99.82
2026-07-17,Kolkata,Petrol,113.51
2026-07-17,Mumbai,Diesel,97.83
2026-07-17,Mumbai,Petrol,111.21
2026-07-18,Chennai,Diesel,99.55
2026-07-18,Chennai,Petrol,107.77
2026-07-18,Delhi,Diesel,95.2
2026-07-18,Delhi,Petrol,102.12
2026-07-18,Kolkata,Diesel,99.82
2026-07-18,Kolkata,Petrol,113.51
2026-07-18,Mumbai,Diesel,97.83
2026-07-18,Mumbai,Petrol,111.21
2026-07-19,Chennai,Diesel,99.55
2026-07-19,Chennai,Petrol,107.77
2026-07-19,Delhi,Diesel,95.2
2026-07-19,Delhi,Petrol,102.12
2026-07-19,Kolkata,Diesel,99.82
2026-07-19,Kolkata,Petrol,113.51
2026-07-19,Mumbai,Diesel,97.83
2026-07-19,Mumbai,Petrol,111.21
2026-07-20,Chennai,Diesel,99.55
2026-07-20,Chennai,Petrol,107.77
2026-07-20,Delhi,Diesel,95.2
2026-07-20,Delhi,Petrol,102.12
2026-07-20,Kolkata,Diesel,99.82
2026-07-20,Kolkata,Petrol,113.51
2026-07-20,Mumbai,Diesel,97.83
2026-07-20,Mumbai,Petrol,111.21
2026-07-21,Chennai,Diesel,99.55
2026-07-21,Chennai,Petrol,107.77
2026-07-21,Delhi,Diesel,95.2
2026-07-21,Delhi,Petrol,102.12
2026-07-21,Kolkata,Diesel,99.82
2026-07-21,Kolkata,Petrol,113.51
2026-07-21,Mumbai,Diesel,97.83
2026-07-21,Mumbai,Petrol,111.21
2026-07-22,Chennai,Diesel,99.55
2026-07-22,Chennai,Petrol,107.77
2026-07-22,Delhi,Diesel,95.2
2026-07-22,Delhi,Petrol,102.12
2026-07-22,Kolkata,Diesel,99.82
2026-07-22,Kolkata,Petrol,113.51
2026-07-22,Mumbai,Diesel,97.83
2026-07-22,Mumbai,Petrol,111.21
2026-07-23,Chennai,Diesel,99.55
2026-07-23,Chennai,Petrol,107.77
2026-07-23,Delhi,Diesel,95.2
2026-07-23,Delhi,Petrol,102.12
2026-07-23,Kolkata,Diesel,99.82
2026-07-23,Kolkata,Petrol,113.51
2026-07-23,Mumbai,Diesel,97.83
2026-07-23,Mumbai,Petrol,111.21
2026-07-24,Chennai,Diesel,99.55
2026-07-24,Chennai,Petrol,107.77
2026-07-24,Delhi,Diesel,95.2
2026-07-24,Delhi,Petrol,102.12
2026-07-24,Kolkata,Diesel,99.82
2026-07-24,Kolkata,Petrol,113.51
2026-07-24,Mumbai,Diesel,97.83
2026-07-24,Mumbai,Petrol,111.21
2026-07-25,Chennai,Diesel,99.55
2026-07-25,Chennai,Petrol,107.77
2026-07-25,Delhi,Diesel,95.2
2026-07-25,Delhi,Petrol,102.12
2026-07-25,Kolkata,Diesel,99.82
2026-07-25,Kolkata,Petrol,113.51
2026-07-25,Mumbai,Diesel,97.83
2026-07-25,Mumbai,Petrol,111.21
2026-07-26,Chennai,Diesel,99.55
2026-07-26,Chennai,Petrol,107.77
2026-07-26,Delhi,Diesel,95.2
2026-07-26,Delhi,Petrol,102.12
2026-07-26,Kolkata,Diesel,99.82
2026-07-26,Kolkata,Petrol,113.51
2026-07-26,Mumbai,Diesel,97.83
2026-07-26,Mumbai,Petrol,111.21
2026-07-27,Chennai,Diesel,99.55
2026-07-27,Chennai,Petrol,107.77
2026-07-27,Delhi,Diesel,95.2
2026-07-27,Delhi,Petrol,102.12
2026-07-27,Kolkata,Diesel,99.82
2026-07-27,Kolkata,Petrol,113.51
2026-07-27,Mumbai,Diesel,97.83
2026-07-27,Mumbai,Petrol,111.21
2026-07-28,Chennai,Diesel,99.55
2026-07-28,Chennai,Petrol,107.77
2026-07-28,Delhi,Diesel,95.2
2026-07-28,Delhi,Petrol,102.12
2026-07-28,Kolkata,Diesel,99.82
2026-07-28,Kolkata,Petrol,113.51
2026-07-28,Mumbai,Diesel,97.83
2026-07-28,Mumbai,Petrol,111.21
2026-07-29,Chennai,Diesel,99.55
2026-07-29,Chennai,Petrol,107.77
2026-07-29,Delhi,Diesel,95.2
2026-07-29,Delhi,Petrol,102.12
2026-07-29,Kolkata,Diesel,99.82
2026-07-29,Kolkata,Petrol,113.51
2026-07-29,Mumbai,Diesel,97.83
2026-07-29,Mumbai,Petrol,111.21
2026-07-30,Chennai,Diesel,99.55
2026-07-30,Chennai,Petrol,107.77
2026-07-30,Delhi,Diesel,95.2
2026-07-30,Delhi,Petrol,102.12
2026-07-30,Kolkata,Diesel,99.82
2026-07-30,Kolkata,Petrol,113.51
2026-07-30,Mumbai,Diesel,97.83
2026-07-30,Mumbai,Petrol,111.21
2026-07-31,Chennai,Diesel,99.55
2026-07-31,Chennai,Petrol,107.77
2026-07-31,Delhi,Diesel,95.2
2026-07-31,Delhi,Petrol,102.12
2026-07-31,Kolkata,Diesel,99.82
2026-07-31,Kolkata,Petrol,113.51
2026-07-31,Mumbai,Diesel,97.83
2026-07-31,Mumbai,Petrol,111.21
2026-08-01,Chennai,Diesel,99.55
2026-08-01,Chennai,Petrol,107.77
2026-08-01,Delhi,Diesel,95.2
2026-08-01,Delhi,Petrol,102.12
2026-08-01,Kolkata,Diesel,99.82
2026-08-01,Kolkata,Petrol,113.51
2026-08-01,Mumbai,Diesel,97.83
2026-08-01,Mumbai,Petrol,111.21
2026-08-02,Chennai,Diesel,99.55
2026-08-02,Chennai,Petrol,107.77
2026-08-02,Delhi,Diesel,95.2
2026-08-02,Delhi,Petrol,102.12
2026-08-02,Kolkata,Diesel,99.82
2026-08-02,Kolkata,Petrol,113.51
2026-08-02,Mumbai,Diesel,97.83
2026-08-02,Mumbai,Petrol,111.21
2026-08-03,Chennai,Diesel,99.55
2026-08-03,Chennai,Petrol,107.77
2026-08-03,Delhi,Diesel,95.2
2026-08-03,Delhi,Petrol,102.12
2026-08-03,Kolkata,Diesel,99.82
2026-08-03,Kolkata,Petrol,113.51
2026-08-03,Mumbai,Diesel,97.83
2026-08-03,Mumbai,Petrol,111.21
2026-08-04,Chennai,Diesel,99.55
2026-08-04,Chennai,Petrol,107.77
2026-08-04,Delhi,Diesel,95.2
2026-08-04,Delhi,Petrol,102.12
2026-08-04,Kolkata,Diesel,99.82
2026-08-04,Kolkata,Petrol,113.51
2026-08-04,Mumbai,Diesel,97.83
2026-08-04,Mumbai,Petrol,111.21
2026-08-05,Chennai,Diesel,99.55
2026-08-05,Chennai,Petrol,107.77
2026-08-05,Delhi,Diesel,95.2
2026-08-05,Delhi,Petrol,102.12
2026-08-05,Kolkata,Diesel,99.82
2026-08-05,Kolkata,Petrol,113.51
2026-08-05,Mumbai,Diesel,97.83
2026-08-05,Mumbai,Petrol,111.21
2026-08-06,Chennai,Diesel,99.55
2026-08-06,Chennai,Petrol,107.77
2026-08-06,Delhi,Diesel,95.2
2026-08-06,Delhi,Petrol,102.12
2026-08-06,Kolkata,Diesel,99.82
2026-08-06,Kolkata,Petrol,113.51
2026-08-06,Mumbai,Diesel,97.83
2026-08-06,Mumbai,Petrol,111.21
2026-08-07,Chennai,Diesel,99.55
2026-08-07,Chennai,Petrol,107.77
2026-08-07,Delhi,Diesel,95.2
2026-08-07,Delhi,Petrol,102.12
2026-08-07,Kolkata,Diesel,99.82
2026-08-07,Kolkata,Petrol,113.51
2026-08-07,Mumbai,Diesel,97.83
2026-08-07,Mumbai,Petrol,111.21
2026-08-08,Chennai,Diesel,99.55
2026-08-08,Chennai,Petrol,107.77
2026-08-08,Delhi,Diesel,95.2
2026-08-08,Delhi,Petrol,102.12
2026-08-08,Kolkata,Diesel,99.82
2026-08-08,Kolkata,Petrol,113.51
2026-08-08,Mumbai,Diesel,97.83
2026-08-08,Mumbai,Petrol,111.21
2026-08-09,Chennai,Diesel,99.55
2026-08-09,Chennai,Petrol,107.77
2026-08-09,Delhi,Diesel,95.2
2026-08-09,Delhi,Petrol,102.12
2026-08-09,Kolkata,Diesel,99.82
2026-08-09,Kolkata,Petrol,113.51
2026-08-09,Mumbai,Diesel,97.83
2026-08-09,Mumbai,Petrol,111.21
2026-08-10,Chennai,Diesel,99.55
2026-08-10,Chennai,Petrol,107.77
2026-08-10,Delhi,Diesel,95.2
2026-08-10,Delhi,Petrol,102.12
2026-08-10,Kolkata,Diesel,99.82
2026-08-10,Kolkata,Petrol,113.51
2026-08-10,Mumbai,Diesel,97.83
2026-08-10,Mumbai,Petrol,111.21
2026-08-11,Chennai,Diesel,99.55
2026-08-11,Chennai,Petrol,107.77
2026-08-11,Delhi,Diesel,95.2
2026-08-11,Delhi,Petrol,102.12
2026-08-11,Kolkata,Diesel,99.82
2026-08-11,Kolkata,Petrol,113.51
2026-08-11,Mumbai,Diesel,97.83
2026-08-11,Mumbai,Petrol,111.21
2026-08-12,Chennai,Diesel,99.55
2026-08-12,Chennai,Petrol,107.77
2026-08-12,Delhi,Diesel,95.2
2026-08-12,Delhi,Petrol,102.12
2026-08-12,Kolkata,Diesel,99.82
2026-08-12,Kolkata,Petrol,113.51
2026-08-12,Mumbai,Diesel,97.83
2026-08-12,Mumbai,Petrol,111.21
2026-08-13,Chennai,Diesel,99.55
2026-08-13,Chennai,Petrol,107.77
2026-08-13,Delhi,Diesel,95.2
2026-08-13,Delhi,Petrol,102.12
2026-08-13,Kolkata,Diesel,99.82
2026-08-13,Kolkata,Petrol,113.51
2026-08-13,Mumbai,Diesel,97.83
2026-08-13,Mumbai,Petrol,111.21
2026-08-14,Chennai,Diesel,99.55
2026-08-14,Chennai,Petrol,107.77
2026-08-14,Delhi,Diesel,95.2
2026-08-14,Delhi,Petrol,102.12
2026-08-14,Kolkata,Diesel,99.82
2026-08-14,Kolkata,Petrol,113.51
2026-08-14,Mumbai,Diesel,97.83
2026-08-14,Mumbai,Petrol,111.21
2026-08-15,Chennai,Diesel,99.55
2026-08-15,Chennai,Petrol,107.77
2026-08-15,Delhi,Diesel,95.2
2026-08-15,Delhi,Petrol,102.12
2026-08-15,Kolkata,Diesel,99.82
2026-08-15,Kolkata,Petrol,113.51
2026-08-15,Mumbai,Diesel,97.83
2026-08-15,Mumbai,Petrol,111.21
2026-08-16,Chennai,Diesel,99.55
2026-08-16,Chennai,Petrol,107.77
2026-08-16,Delhi,Diesel,95.2
2026-08-16,Delhi,Petrol,102.12
2026-08-16,Kolkata,Diesel,99.82
2026-08-16,Kolkata,Petrol,113.51
2026-08-16,Mumbai,Diesel,97.83
2026-08-16,Mumbai,Petrol,111.21
2026-08-17,Chennai,Diesel,99.55
2026-08-17,Chennai,Petrol,107.77
2026-08-17,Delhi,Diesel,95.2
2026-08-17,Delhi,Petrol,102.12
2026-08-17,Kolkata,Diesel,99.82
2026-08-17,Kolkata,Petrol,113.51
2026-08-17,Mumbai,Diesel,97.83
2026-08-17,Mumbai,Petrol,111.21
2026-08-18,Chennai,Diesel,99.55
2026-08-18,Chennai,Petrol,107.77
2026-08-18,Delhi,Diesel,95.2
2026-08-18,Delhi,Petrol,102.12
2026-08-18,Kolkata,Diesel,99.82
2026-08-18,Kolkata,Petrol,113.51
2026-08-18,Mumbai,Diesel,97.83
2026-08-18,Mumbai,Petrol,111.21
2026-08-19,Chennai,Diesel,99.55
2026-08-19,Chennai,Petrol,107.77
2026-08-19,Delhi,Diesel,95.2
2026-08-19,Delhi,Petrol,102.12
2026-08-19,Kolkata,Diesel,99.82
2026-08-19,Kolkata,Petrol,113.51
2026-08-19,Mumbai,Diesel,97.83
2026-08-19,Mumbai,Petrol,111.21
2026-08-20,Chennai,Diesel,99.55
2026-08-20,Chennai,Petrol,107.77
2026-08-20,Delhi,Diesel,95.2
2026-08-20,Delhi,Petrol,102.12
2026-08-20,Kolkata,Diesel,99.82
2026-08-20,Kolkata,Petrol,113.51
2026-08-20,Mumbai,Diesel,97.83
2026-08-20,Mumbai,Petrol,111.21
2026-08-21,Chennai,Diesel,99.55
2026-08-21,Chennai,Petrol,107.77
2026-08-21,Delhi,Diesel,95.2
2026-08-21,Delhi,Petrol,102.12
2026-08-21,Kolkata,Diesel,99.82
2026-08-21,Kolkata,Petrol,113.51
2026-08-21,Mumbai,Diesel,97.83
2026-08-21,Mumbai,Petrol,111.21
2026-08-22,Chennai,Diesel,99.55
2026-08-22,Chennai,Petrol,107.77
2026-08-22,Delhi,Diesel,95.2
2026-08-22,Delhi,Petrol,102.12
2026-08-22,Kolkata,Diesel,99.82
2026-08-22,Kolkata,Petrol,113.51
2026-08-22,Mumbai,Diesel,97.83
2026-08-22,Mumbai,Petrol,111.21
2026-08-23,Chennai,Diesel,99.55
2026-08-23,Chennai,Petrol,107.77
2026-08-23,Delhi,Diesel,95.2
2026-08-23,Delhi,Petrol,102.12
2026-08-23,Kolkata,Diesel,99.82
2026-08-23,Kolkata,Petrol,113.51
2026-08-23,Mumbai,Diesel,97.83
2026-08-23,Mumbai,Petrol,111.21
2026-08-24,Chennai,Diesel,99.55
2026-08-24,Chennai,Petrol,107.77
2026-08-24,Delhi,Diesel,95.2
2026-08-24,Delhi,Petrol,102.12
2026-08-24,Kolkata,Diesel,99.82
2026-08-24,Kolkata,Petrol,113.51
2026-08-24,Mumbai,Diesel,97.83
2026-08-24,Mumbai,Petrol,111.21
2026-08-25,Chennai,Diesel,99.55
2026-08-25,Chennai,Petrol,107.77
2026-08-25,Delhi,Diesel,95.2
2026-08-25,Delhi,Petrol,102.12
2026-08-25,Kolkata,Diesel,99.82
2026-08-25,Kolkata,Petrol,113.51
2026-08-25,Mumbai,Diesel,97.83
2026-08-25,Mumbai,Petrol,111.21
2026-08-26,Chennai,Diesel,99.55
2026-08-26,Chennai,Petrol,107.77
2026-08-26,Delhi,Diesel,95.2
2026-08-26,Delhi,Petrol,102.12
2026-08-26,Kolkata,Diesel,99.82
2026-08-26,Kolkata,Petrol,113.51
2026-08-26,Mumbai,Diesel,97.83
2026-08-26,Mumbai,Petrol,111.21
2026-08-27,Chennai,Diesel,99.55
2026-08-27,Chennai,Petrol,107.77
2026-08-27,Delhi,Diesel,95.2
2026-08-27,Delhi,Petrol,102.12
2026-08-27,Kolkata,Diesel,99.82
2026-08-27,Kolkata,Petrol,113.51
2026-08-27,Mumbai,Diesel,97.83
2026-08-27,Mumbai,Petrol,111.21
2026-08-28,Chennai,Diesel,99.55
2026-08-28,Chennai,Petrol,107.77
2026-08-28,Delhi,Diesel,95.2
2026-08-28,Delhi,Petrol,102.12
2026-08-28,Kolkata,Diesel,99.82
2026-08-28,Kolkata,Petrol,113.51
2026-08-28,Mumbai,Diesel,97.83
2026-08-28,Mumbai,Petrol,111.21
2026-08-29,Chennai,Diesel,99.55
2026-08-29,Chennai,Petrol,107.77
2026-08-29,Delhi,Diesel,95.2
2026-08-29,Delhi,Petrol,102.12
2026-08-29,Kolkata,Diesel,99.82
2026-08-29,Kolkata,Petrol,113.51
2026-08-29,Mumbai,Diesel,97.83
2026-08-29,Mumbai,Petrol,111.21
2026-08-30,Chennai,Diesel,99.55
2026-08-30,Chennai,Petrol,107.77
2026-08-30,Delhi,Diesel,95.2
2026-08-30,Delhi,Petrol,102.12
2026-08-30,Kolkata,Diesel,99.82
2026-08-30,Kolkata,Petrol,113.51
2026-08-30,Mumbai,Diesel,97.83
2026-08-30,Mumbai,Petrol,111.21
2026-08-31,Chennai,Diesel,99.55
2026-08-31,Chennai,Petrol,107.77
2026-08-31,Delhi,Diesel,95.2
2026-08-31,Delhi,Petrol,102.12
2026-08-31,Kolkata,Diesel,99.82
2026-08-31,Kolkata,Petrol,113.51
2026-08-31,Mumbai,Diesel,97.83
2026-08-31,Mumbai,Petrol,111.21
2026-09-01,Chennai,Diesel,99.55
2026-09-01,Chennai,Petrol,107.77
2026-09-01,Delhi,Diesel,95.2
2026-09-01,Delhi,Petrol,102.12
2026-09-01,Kolkata,Diesel,99.82
2026-09-01,Kolkata,Petrol,113.51
2026-09-01,Mumbai,Diesel,97.83
2026-09-01,Mumbai,Petrol,111.21
2026-09-02,Chennai,Diesel,99.55
2026-09-02,Chennai,Petrol,107.77
2026-09-02,Delhi,Diesel,95.2
2026-09-02,Delhi,Petrol,102.12
2026-09-02,Kolkata,Diesel,99.82
2026-09-02,Kolkata,Petrol,113.51
2026-09-02,Mumbai,Diesel,97.83
2026-09-02,Mumbai,Petrol,111.21
2026-09-03,Chennai,Diesel,99.55
2026-09-03,Chennai,Petrol,107.77
2026-09-03,Delhi,Diesel,95.2
2026-09-03,Delhi,Petrol,102.12
2026-09-03,Kolkata,Diesel,99.82
2026-09-03,Kolkata,Petrol,113.51
2026-09-03,Mumbai,Diesel,97.83
2026-09-03,Mumbai,Petrol,111.21
2026-09-04,Chennai,Diesel,99.55
2026-09-04,Chennai,Petrol,107.77
2026-09-04,Delhi,Diesel,95.2
2026-09-04,Delhi,Petrol,102.12
2026-09-04,Kolkata,Diesel,99.82
2026-09-04,Kolkata,Petrol,113.51
2026-09-04,Mumbai,Diesel,97.83
2026-09-04,Mumbai,Petrol,111.21
2026-09-05,Chennai,Diesel,99.55
2026-09-05,Chennai,Petrol,107.77
2026-09-05,Delhi,Diesel,95.2
2026-09-05,Delhi,Petrol,102.12
2026-09-05,Kolkata,Diesel,99.82
2026-09-05,Kolkata,Petrol,113.51
2026-09-05,Mumbai,Diesel,97.83
2026-09-05,Mumbai,Petrol,111.21
2026-09-06,Chennai,Diesel,99.55
2026-09-06,Chennai,Petrol,107.77
2026-09-06,Delhi,Diesel,95.2
2026-09-06,Delhi,Petrol,102.12
2026-09-06,Kolkata,Diesel,99.82
2026-09-06,Kolkata,Petrol,113.51
2026-09-06,Mumbai,Diesel,97.83
2026-09-06,Mumbai,Petrol,111.21
2026-09-07,Chennai,Diesel,99.55
2026-09-07,Chennai,Petrol,107.77
2026-09-07,Delhi,Diesel,95.2
2026-09-07,Delhi,Petrol,102.12
2026-09-07,Kolkata,Diesel,99.82
2026-09-07,Kolkata,Petrol,113.51
2026-09-07,Mumbai,Diesel,97.83
2026-09-07,Mumbai,Petrol,111.21
2026-09-08,Chennai,Diesel,99.55
2026-09-08,Chennai,Petrol,107.77
2026-09-08,Delhi,Diesel,95.2
2026-09-08,Delhi,Petrol,102.12
2026-09-08,Kolkata,Diesel,99.82
2026-09-08,Kolkata,Petrol,113.51
2026-09-08,Mumbai,Diesel,97.83
2026-09-08,Mumbai,Petrol,111.21
2026-09-09,Chennai,Diesel,99.55
2026-09-09,Chennai,Petrol,107.77
2026-09-09,Delhi,Diesel,95.2
2026-09-09,Delhi,Petrol,102.12
2026-09-09,Kolkata,Diesel,99.82
2026-09-09,Kolkata,Petrol,113.51
2026-09-09,Mumbai,Diesel,97.83
2026-09-09,Mumbai,Petrol,111.21
2026-09-10,Chennai,Diesel,99.55
2026-09-10,Chennai,Petrol,107.77
2026-09-10,Delhi,Diesel,95.2
2026-09-10,Delhi,Petrol,102.12
2026-09-10,Kolkata,Diesel,99.82
2026-09-10,Kolkata,Petrol,113.51
2026-09-10,Mumbai,Diesel,97.83
2026-09-10,Mumbai,Petrol,111.21
2026-09-11,Chennai,Diesel,99.55
2026-09-11,Chennai,Petrol,107.77
2026-09-11,Delhi,Diesel,95.2
2026-09-11,Delhi,Petrol,102.12
2026-09-11,Kolkata,Diesel,99.82
2026-09-11,Kolkata,Petrol,113.51
2026-09-11,Mumbai,Diesel,97.83
2026-09-11,Mumbai,Petrol,111.21
2026-09-12,Chennai,Diesel,99.55
2026-09-12,Chennai,Petrol,107.77
2026-09-12,Delhi,Diesel,95.2
2026-09-12,Delhi,Petrol,102.12
2026-09-12,Kolkata,Diesel,99.82
2026-09-12,Kolkata,Petrol,113.51
2026-09-12,Mumbai,Diesel,97.83
2026-09-12,Mumbai,Petrol,111.21
2026-09-13,Chennai,Diesel,99.55
2026-09-13,Chennai,Petrol,107.77
2026-09-13,Delhi,Diesel,95.2
2026-09-13,Delhi,Petrol,102.12
2026-09-13,Kolkata,Diesel,99.82
2026-09-13,Kolkata,Petrol,113.51
2026-09-13,Mumbai,Diesel,97.83
2026-09-13,Mumbai,Petrol,111.21
2026-09-14,Chennai,Diesel,99.55
2026-09-14,Chennai,Petrol,107.77
2026-09-14,Delhi,Diesel,95.2
2026-09-14,Delhi,Petrol,102.12
2026-09-14,Kolkata,Diesel,99.82
2026-09-14,Kolkata,Petrol,113.51
2026-09-14,Mumbai,Diesel,97.83
2026-09-14,Mumbai,Petrol,111.21
2026-09-15,Chennai,Diesel,99.55
2026-09-15,Chennai,Petrol,107.77
2026-09-15,Delhi,Diesel,95.2
2026-09-15,Delhi,Petrol,102.12
2026-09-15,Kolkata,Diesel,99.82
2026-09-15,Kolkata,Petrol,113.51
2026-09-15,Mumbai,Diesel,97.83
2026-09-15,Mumbai,Petrol,111.21
2026-09-16,Chennai,Diesel,99.55
2026-09-16,Chennai,Petrol,107.77
2026-09-16,Delhi,Diesel,95.2
2026-09-16,Delhi,Petrol,102.12
2026-09-16,Kolkata,Diesel,99.82
2026-09-16,Kolkata,Petrol,113.51
2026-09-16,Mumbai,Diesel,97.83
2026-09-16,Mumbai,Petrol,111.21
2026-09-17,Chennai,Diesel,99.55
2026-09-17,Chennai,Petrol,107.77
2026-09-17,Delhi,Diesel,95.2
2026-09-17,Delhi,Petrol,102.12
2026-09-17,Kolkata,Diesel,99.82
2026-09-17,Kolkata,Petrol,113.51
2026-09-17,Mumbai,Diesel,97.83
2026-09-17,Mumbai,Petrol,111.21
2026-09-18,Chennai,Diesel,99.55
2026-09-18,Chennai,Petrol,107.77
2026-09-18,Delhi,Diesel,95.2
2026-09-18,Delhi,Petrol,102.12
2026-09-18,Kolkata,Diesel,99.82
2026-09-18,Kolkata,Petrol,113.51
2026-09-18,Mumbai,Diesel,97.83
2026-09-18,Mumbai,Petrol,111.21
2026-09-19,Chennai,Diesel,99.55
2026-09-19,Chennai,Petrol,107.77
2026-09-19,Delhi,Diesel,95.2
2026-09-19,Delhi,Petrol,102.12
2026-09-19,Kolkata,Diesel,99.82
2026-09-19,Kolkata,Petrol,113.51
2026-09-19,Mumbai,Diesel,97.83
2026-09-19,Mumbai,Petrol,111.21
2026-09-20,Chennai,Diesel,99.55
2026-09-20,Chennai,Petrol,107.77
2026-09-20,Delhi,Diesel,95.2
2026-09-20,Delhi,Petrol,102.12
2026-09-20,Kolkata,Diesel,99.82
2026-09-20,Kolkata,Petrol,113.51
2026-09-20,Mumbai,Diesel,97.83
2026-09-20,Mumbai,Petrol,111.21
2026-09-21,Chennai,Diesel,99.55
2026-09-21,Chennai,Petrol,107.77
2026-09-21,Delhi,Diesel,95.2
2026-09-21,Delhi,Petrol,102.12
2026-09-21,Kolkata,Diesel,99.82
2026-09-21,Kolkata,Petrol,113.51
2026-09-21,Mumbai,Diesel,97.83
2026-09-21,Mumbai,Petrol,111.21
2026-09-22,Chennai,Diesel,99.55
2026-09-22,Chennai,Petrol,107.77
2026-09-22,Delhi,Diesel,95.2
2026-09-22,Delhi,Petrol,102.12
2026-09-22,Kolkata,Diesel,99.82
2026-09-22,Kolkata,Petrol,113.51
2026-09-22,Mumbai,Diesel,97.83
2026-09-22,Mumbai,Petrol,111.21
2026-09-23,Chennai,Diesel,99.55
2026-09-23,Chennai,Petrol,107.77
2026-09-23,Delhi,Diesel,95.2
2026-09-23,Delhi,Petrol,102.12
2026-09-23,Kolkata,Diesel,99.82
2026-09-23,Kolkata,Petrol,113.51
2026-09-23,Mumbai,Diesel,97.83
2026-09-23,Mumbai,Petrol,111.21
2026-09-24,Chennai,Diesel,99.55
2026-09-24,Chennai,Petrol,107.77
2026-09-24,Delhi,Diesel,95.2
2026-09-24,Delhi,Petrol,102.12
2026-09-24,Kolkata,Diesel,99.82
2026-09-24,Kolkata,Petrol,113.51
2026-09-24,Mumbai,Diesel,97.83
2026-09-24,Mumbai,Petrol,111.21
2026-09-25,Chennai,Diesel,99.55
2026-09-25,Chennai,Petrol,107.77
2026-09-25,Delhi,Diesel,95.2
2026-09-25,Delhi,Petrol,102.12
2026-09-25,Kolkata,Diesel,99.82
2026-09-25,Kolkata,Petrol,113.51
2026-09-25,Mumbai,Diesel,97.83
2026-09-25,Mumbai,Petrol,111.21
2026-09-26,Chennai,Diesel,99.55
2026-09-26,Chennai,Petrol,107.77
2026-09-26,Delhi,Diesel,95.2
2026-09-26,Delhi,Petrol,102.12
2026-09-26,Kolkata,Diesel,99.82
2026-09-26,Kolkata,Petrol,113.51
2026-09-26,Mumbai,Diesel,97.83
2026-09-26,Mumbai,Petrol,111.21
2026-09-27,Chennai,Diesel,99.55
2026-09-27,Chennai,Petrol,107.77
2026-09-27,Delhi,Diesel,95.2
2026-09-27,Delhi,Petrol,102.12
2026-09-27,Kolkata,Diesel,99.82
2026-09-27,Kolkata,Petrol,113.51
2026-09-27,Mumbai,Diesel,97.83
2026-09-27,Mumbai,Petrol,111.21
2026-09-28,Chennai,Diesel,99.55
2026-09-28,Chennai,Petrol,107.77
2026-09-28,Delhi,Diesel,95.2
2026-09-28,Delhi,Petrol,102.12
2026-09-28,Kolkata,Diesel,99.82
2026-09-28,Kolkata,Petrol,113.51
2026-09-28,Mumbai,Diesel,97.83
2026-09-28,Mumbai,Petrol,111.21
2026-09-29,Chennai,Diesel,99.55
2026-09-29,Chennai,Petrol,107.77
2026-09-29,Delhi,Diesel,95.2
2026-09-29,Delhi,Petrol,102.12
2026-09-29,Kolkata,Diesel,99.82
2026-09-29,Kolkata,Petrol,113.51
2026-09-29,Mumbai,Diesel,97.83
2026-09-29,Mumbai,Petrol,111.21
2026-09-30,Chennai,Diesel,99.55
2026-09-30,Chennai,Petrol,107.77
2026-09-30,Delhi,Diesel,95.2
2026-09-30,Delhi,Petrol,102.12
2026-09-30,Kolkata,Diesel,99.82
2026-09-30,Kolkata,Petrol,113.51
2026-09-30,Mumbai,Diesel,97.83
2026-09-30,Mumbai,Petrol,111.21
2026-10-01,Chennai,Diesel,99.55
2026-10-01,Chennai,Petrol,107.77
2026-10-01,Delhi,Diesel,95.2
2026-10-01,Delhi,Petrol,102.12
2026-10-01,Kolkata,Diesel,99.82
2026-10-01,Kolkata,Petrol,113.51
2026-10-01,Mumbai,Diesel,97.83
2026-10-01,Mumbai,Petrol,111.21
2026-10-02,Chennai,Diesel,99.55
2026-10-02,Chennai,Petrol,107.77
2026-10-02,Delhi,Diesel,95.2
2026-10-02,Delhi,Petrol,102.12
2026-10-02,Kolkata,Diesel,99.82
2026-10-02,Kolkata,Petrol,113.51
2026-10-02,Mumbai,Diesel,97.83
2026-10-02,Mumbai,Petrol,111.21
2026-10-03,Chennai,Diesel,99.55
2026-10-03,Chennai,Petrol,107.77
2026-10-03,Delhi,Diesel,95.2
2026-10-03,Delhi,Petrol,102.12
2026-10-03,Kolkata,Diesel,99.82
2026-10-03,Kolkata,Petrol,113.51
2026-10-03,Mumbai,Diesel,97.83
2026-10-03,Mumbai,Petrol,111.21
2026-10-04,Chennai,Diesel,99.55
2026-10-04,Chennai,Petrol,107.77
2026-10-04,Delhi,Diesel,95.2
2026-10-04,Delhi,Petrol,102.12
2026-10-04,Kolkata,Diesel,99.82
2026-10-04,Kolkata,Petrol,113.51
2026-10-04,Mumbai,Diesel,97.83
2026-10-04,Mumbai,Petrol,111.21
2026-10-05,Chennai,Diesel,99.55
2026-10-05,Chennai,Petrol,107.77
2026-10-05,Delhi,Diesel,95.2
2026-10-05,Delhi,Petrol,102.12
2026-10-05,Kolkata,Diesel,99.82
2026-10-05,Kolkata,Petrol,113.51
2026-10-05,Mumbai,Diesel,97.83
2026-10-05,Mumbai,Petrol,111.21
